Traceback (most recent call last):
  File "/home/techandc/movie_bot_new/passenger_wsgi.py", line 9, in <module>
    application = wsgi.application
                  ^^^^^^^^^^^^^^^^
AttributeError: module 'wsgi' has no attribute 'application'
Traceback (most recent call last):
  File "/home/techandc/movie_bot_new/passenger_wsgi.py", line 9, in <module>
    application = wsgi.application
                  ^^^^^^^^^^^^^^^^
AttributeError: module 'wsgi' has no attribute 'application'
[UID:1732][292108] Child process with pid: 292129 was killed by signal: 15, core dumped: no
Traceback (most recent call last):
  File "/home/techandc/movie_bot_new/passenger_wsgi.py", line 9, in <module>
    application = wsgi.application
                  ^^^^^^^^^^^^^^^^
AttributeError: module 'wsgi' has no attribute 'application'
Traceback (most recent call last):
  File "/home/techandc/movie_bot_new/passenger_wsgi.py", line 9, in <module>
    application = wsgi.application
                  ^^^^^^^^^^^^^^^^
AttributeError: module 'wsgi' has no attribute 'application'
[UID:1732][358246] Child process with pid: 358267 was killed by signal: 15, core dumped: no
Traceback (most recent call last):
  File "/home/techandc/movie_bot_new/passenger_wsgi.py", line 9, in <module>
    application = wsgi.application
                  ^^^^^^^^^^^^^^^^
AttributeError: module 'wsgi' has no attribute 'application'
Traceback (most recent call last):
  File "/home/techandc/movie_bot_new/passenger_wsgi.py", line 9, in <module>
    application = wsgi.application
                  ^^^^^^^^^^^^^^^^
AttributeError: module 'wsgi' has no attribute 'application'
[UID:1732][412163] Child process with pid: 412197 was killed by signal: 15, core dumped: no
Traceback (most recent call last):
  File "/home/techandc/movie_bot_new/passenger_wsgi.py", line 9, in <module>
    application = wsgi.application
                  ^^^^^^^^^^^^^^^^
AttributeError: module 'wsgi' has no attribute 'application'
Traceback (most recent call last):
  File "/home/techandc/movie_bot_new/passenger_wsgi.py", line 9, in <module>
    application = wsgi.application
                  ^^^^^^^^^^^^^^^^
AttributeError: module 'wsgi' has no attribute 'application'
[UID:1732][569600] Child process with pid: 569604 was killed by signal: 15, core dumped: no
Traceback (most recent call last):
  File "/home/techandc/movie_bot_new/passenger_wsgi.py", line 9, in <module>
    application = wsgi.application
                  ^^^^^^^^^^^^^^^^
AttributeError: module 'wsgi' has no attribute 'application'
Traceback (most recent call last):
  File "/home/techandc/movie_bot_new/passenger_wsgi.py", line 9, in <module>
    application = wsgi.application
                  ^^^^^^^^^^^^^^^^
AttributeError: module 'wsgi' has no attribute 'application'
[UID:1732][618344] Child process with pid: 618365 was killed by signal: 15, core dumped: no
Traceback (most recent call last):
  File "/home/techandc/movie_bot_new/passenger_wsgi.py", line 9, in <module>
    application = wsgi.application
                  ^^^^^^^^^^^^^^^^
AttributeError: module 'wsgi' has no attribute 'application'
[UID:1732][618344] Child process with pid: 618373 was killed by signal: 15, core dumped: no
Traceback (most recent call last):
  File "/home/techandc/movie_bot_new/passenger_wsgi.py", line 9, in <module>
    application = wsgi.application
                  ^^^^^^^^^^^^^^^^
AttributeError: module 'wsgi' has no attribute 'application'
[UID:1732][618344] Child process with pid: 618980 was killed by signal: 15, core dumped: no
Traceback (most recent call last):
  File "/home/techandc/movie_bot_new/passenger_wsgi.py", line 9, in <module>
    application = wsgi.application
                  ^^^^^^^^^^^^^^^^
AttributeError: module 'wsgi' has no attribute 'application'
Traceback (most recent call last):
  File "/home/techandc/movie_bot_new/passenger_wsgi.py", line 9, in <module>
    application = wsgi.application
                  ^^^^^^^^^^^^^^^^
AttributeError: module 'wsgi' has no attribute 'application'
[UID:1732][779131] Child process with pid: 779152 was killed by signal: 15, core dumped: no
Traceback (most recent call last):
  File "/home/techandc/movie_bot_new/passenger_wsgi.py", line 9, in <module>
    application = wsgi.application
                  ^^^^^^^^^^^^^^^^
AttributeError: module 'wsgi' has no attribute 'application'
Traceback (most recent call last):
  File "/home/techandc/movie_bot_new/passenger_wsgi.py", line 9, in <module>
    application = wsgi.application
                  ^^^^^^^^^^^^^^^^
AttributeError: module 'wsgi' has no attribute 'application'
[UID:1732][827799] Child process with pid: 827937 was killed by signal: 15, core dumped: no
Traceback (most recent call last):
  File "/home/techandc/movie_bot_new/passenger_wsgi.py", line 9, in <module>
    application = wsgi.application
                  ^^^^^^^^^^^^^^^^
AttributeError: module 'wsgi' has no attribute 'application'
[UID:1732][827799] Child process with pid: 827943 was killed by signal: 15, core dumped: no
Traceback (most recent call last):
  File "/home/techandc/movie_bot_new/passenger_wsgi.py", line 9, in <module>
    application = wsgi.application
                  ^^^^^^^^^^^^^^^^
AttributeError: module 'wsgi' has no attribute 'application'
Traceback (most recent call last):
  File "/home/techandc/movie_bot_new/passenger_wsgi.py", line 9, in <module>
    application = wsgi.application
                  ^^^^^^^^^^^^^^^^
AttributeError: module 'wsgi' has no attribute 'application'
[UID:1732][928445] Child process with pid: 928465 was killed by signal: 15, core dumped: no
Traceback (most recent call last):
  File "/home/techandc/movie_bot_new/passenger_wsgi.py", line 9, in <module>
    application = wsgi.application
                  ^^^^^^^^^^^^^^^^
AttributeError: module 'wsgi' has no attribute 'application'
[UID:1732][928445] Child process with pid: 928752 was killed by signal: 15, core dumped: no
Traceback (most recent call last):
  File "/home/techandc/movie_bot_new/passenger_wsgi.py", line 9, in <module>
    application = wsgi.application
                  ^^^^^^^^^^^^^^^^
AttributeError: module 'wsgi' has no attribute 'application'
Traceback (most recent call last):
  File "/home/techandc/movie_bot_new/passenger_wsgi.py", line 9, in <module>
    application = wsgi.application
                  ^^^^^^^^^^^^^^^^
AttributeError: module 'wsgi' has no attribute 'application'
[UID:1732][1188100] Child process with pid: 1188130 was killed by signal: 15, core dumped: no
Traceback (most recent call last):
  File "/home/techandc/movie_bot_new/passenger_wsgi.py", line 9, in <module>
    application = wsgi.application
                  ^^^^^^^^^^^^^^^^
AttributeError: module 'wsgi' has no attribute 'application'
Traceback (most recent call last):
  File "/home/techandc/movie_bot_new/passenger_wsgi.py", line 9, in <module>
    application = wsgi.application
                  ^^^^^^^^^^^^^^^^
AttributeError: module 'wsgi' has no attribute 'application'
[UID:1732][1213195] Child process with pid: 1213211 was killed by signal: 15, core dumped: no
Traceback (most recent call last):
  File "/home/techandc/movie_bot_new/passenger_wsgi.py", line 9, in <module>
    application = wsgi.application
                  ^^^^^^^^^^^^^^^^
AttributeError: module 'wsgi' has no attribute 'application'
[UID:1732][1213195] Child process with pid: 1213578 was killed by signal: 15, core dumped: no
Traceback (most recent call last):
  File "/home/techandc/movie_bot_new/passenger_wsgi.py", line 9, in <module>
    application = wsgi.application
                  ^^^^^^^^^^^^^^^^
AttributeError: module 'wsgi' has no attribute 'application'
Traceback (most recent call last):
  File "/home/techandc/movie_bot_new/passenger_wsgi.py", line 9, in <module>
    application = wsgi.application
                  ^^^^^^^^^^^^^^^^
AttributeError: module 'wsgi' has no attribute 'application'
[UID:1732][1261299] Child process with pid: 1261310 was killed by signal: 15, core dumped: no
Traceback (most recent call last):
  File "/home/techandc/movie_bot_new/passenger_wsgi.py", line 9, in <module>
    application = wsgi.application
                  ^^^^^^^^^^^^^^^^
AttributeError: module 'wsgi' has no attribute 'application'
Traceback (most recent call last):
  File "/home/techandc/movie_bot_new/passenger_wsgi.py", line 9, in <module>
    application = wsgi.application
                  ^^^^^^^^^^^^^^^^
AttributeError: module 'wsgi' has no attribute 'application'
[UID:1732][1268001] Child process with pid: 1268218 was killed by signal: 15, core dumped: no
Traceback (most recent call last):
  File "/home/techandc/movie_bot_new/passenger_wsgi.py", line 9, in <module>
    application = wsgi.application
                  ^^^^^^^^^^^^^^^^
AttributeError: module 'wsgi' has no attribute 'application'
[UID:1732][1261299] Child process with pid: 1268388 was killed by signal: 15, core dumped: no
Traceback (most recent call last):
  File "/home/techandc/movie_bot_new/passenger_wsgi.py", line 9, in <module>
    application = wsgi.application
                  ^^^^^^^^^^^^^^^^
AttributeError: module 'wsgi' has no attribute 'application'
[UID:1732][1261299] Child process with pid: 1276595 was killed by signal: 15, core dumped: no
Traceback (most recent call last):
  File "/home/techandc/movie_bot_new/passenger_wsgi.py", line 9, in <module>
    application = wsgi.application
                  ^^^^^^^^^^^^^^^^
AttributeError: module 'wsgi' has no attribute 'application'
Traceback (most recent call last):
  File "/home/techandc/movie_bot_new/passenger_wsgi.py", line 9, in <module>
    application = wsgi.application
                  ^^^^^^^^^^^^^^^^
AttributeError: module 'wsgi' has no attribute 'application'
[UID:1732][1400645] Child process with pid: 1400772 was killed by signal: 15, core dumped: no
Traceback (most recent call last):
  File "/home/techandc/movie_bot_new/passenger_wsgi.py", line 9, in <module>
    application = wsgi.application
                  ^^^^^^^^^^^^^^^^
AttributeError: module 'wsgi' has no attribute 'application'
Traceback (most recent call last):
  File "/home/techandc/movie_bot_new/passenger_wsgi.py", line 9, in <module>
    application = wsgi.application
                  ^^^^^^^^^^^^^^^^
AttributeError: module 'wsgi' has no attribute 'application'
[UID:1732][1503493] Child process with pid: 1503507 was killed by signal: 15, core dumped: no
Traceback (most recent call last):
  File "/home/techandc/movie_bot_new/passenger_wsgi.py", line 9, in <module>
    application = wsgi.application
                  ^^^^^^^^^^^^^^^^
AttributeError: module 'wsgi' has no attribute 'application'
Traceback (most recent call last):
  File "/home/techandc/movie_bot_new/passenger_wsgi.py", line 9, in <module>
    application = wsgi.application
                  ^^^^^^^^^^^^^^^^
AttributeError: module 'wsgi' has no attribute 'application'
[UID:1732][1546296] Child process with pid: 1546315 was killed by signal: 15, core dumped: no
Traceback (most recent call last):
  File "/home/techandc/movie_bot_new/passenger_wsgi.py", line 9, in <module>
    application = wsgi.application
                  ^^^^^^^^^^^^^^^^
AttributeError: module 'wsgi' has no attribute 'application'
[UID:1732][1546296] Child process with pid: 1546318 was killed by signal: 15, core dumped: no
Traceback (most recent call last):
  File "/home/techandc/movie_bot_new/passenger_wsgi.py", line 9, in <module>
    application = wsgi.application
                  ^^^^^^^^^^^^^^^^
AttributeError: module 'wsgi' has no attribute 'application'
Traceback (most recent call last):
  File "/home/techandc/movie_bot_new/passenger_wsgi.py", line 9, in <module>
    application = wsgi.application
                  ^^^^^^^^^^^^^^^^
AttributeError: module 'wsgi' has no attribute 'application'
[UID:1732][1546326] Child process with pid: 1546335 was killed by signal: 15, core dumped: no
Traceback (most recent call last):
  File "/home/techandc/movie_bot_new/passenger_wsgi.py", line 9, in <module>
    application = wsgi.application
                  ^^^^^^^^^^^^^^^^
AttributeError: module 'wsgi' has no attribute 'application'
[UID:1732][1546326] Child process with pid: 1546376 was killed by signal: 15, core dumped: no
Traceback (most recent call last):
  File "/home/techandc/movie_bot_new/passenger_wsgi.py", line 9, in <module>
    application = wsgi.application
                  ^^^^^^^^^^^^^^^^
AttributeError: module 'wsgi' has no attribute 'application'
Traceback (most recent call last):
  File "/home/techandc/movie_bot_new/passenger_wsgi.py", line 9, in <module>
    application = wsgi.application
                  ^^^^^^^^^^^^^^^^
AttributeError: module 'wsgi' has no attribute 'application'
[UID:1732][1818262] Child process with pid: 1818276 was killed by signal: 15, core dumped: no
Traceback (most recent call last):
  File "/home/techandc/movie_bot_new/passenger_wsgi.py", line 9, in <module>
    application = wsgi.application
                  ^^^^^^^^^^^^^^^^
AttributeError: module 'wsgi' has no attribute 'application'
[UID:1732][1818262] Child process with pid: 1818288 was killed by signal: 15, core dumped: no
Traceback (most recent call last):
  File "/home/techandc/movie_bot_new/passenger_wsgi.py", line 9, in <module>
    application = wsgi.application
                  ^^^^^^^^^^^^^^^^
AttributeError: module 'wsgi' has no attribute 'application'
Traceback (most recent call last):
  File "/home/techandc/movie_bot_new/passenger_wsgi.py", line 9, in <module>
    application = wsgi.application
                  ^^^^^^^^^^^^^^^^
AttributeError: module 'wsgi' has no attribute 'application'
[UID:1732][1866030] Child process with pid: 1866060 was killed by signal: 15, core dumped: no
Traceback (most recent call last):
  File "/home/techandc/movie_bot_new/passenger_wsgi.py", line 9, in <module>
    application = wsgi.application
                  ^^^^^^^^^^^^^^^^
AttributeError: module 'wsgi' has no attribute 'application'
Traceback (most recent call last):
  File "/home/techandc/movie_bot_new/passenger_wsgi.py", line 9, in <module>
    application = wsgi.application
                  ^^^^^^^^^^^^^^^^
AttributeError: module 'wsgi' has no attribute 'application'
[UID:1732][2127190] Child process with pid: 2127201 was killed by signal: 15, core dumped: no
Traceback (most recent call last):
  File "/home/techandc/movie_bot_new/passenger_wsgi.py", line 9, in <module>
    application = wsgi.application
                  ^^^^^^^^^^^^^^^^
AttributeError: module 'wsgi' has no attribute 'application'
[UID:1732][2127190] Child process with pid: 2131871 was killed by signal: 15, core dumped: no
Traceback (most recent call last):
  File "/home/techandc/movie_bot_new/passenger_wsgi.py", line 9, in <module>
    application = wsgi.application
                  ^^^^^^^^^^^^^^^^
AttributeError: module 'wsgi' has no attribute 'application'
Traceback (most recent call last):
  File "/home/techandc/movie_bot_new/passenger_wsgi.py", line 9, in <module>
    application = wsgi.application
                  ^^^^^^^^^^^^^^^^
AttributeError: module 'wsgi' has no attribute 'application'
[UID:1732][2287364] Child process with pid: 2287386 was killed by signal: 15, core dumped: no
Traceback (most recent call last):
  File "/home/techandc/movie_bot_new/passenger_wsgi.py", line 9, in <module>
    application = wsgi.application
                  ^^^^^^^^^^^^^^^^
AttributeError: module 'wsgi' has no attribute 'application'
Traceback (most recent call last):
  File "/home/techandc/movie_bot_new/passenger_wsgi.py", line 9, in <module>
    application = wsgi.application
                  ^^^^^^^^^^^^^^^^
AttributeError: module 'wsgi' has no attribute 'application'
[UID:1732][2311016] Child process with pid: 2311028 was killed by signal: 15, core dumped: no
Traceback (most recent call last):
  File "/home/techandc/movie_bot_new/passenger_wsgi.py", line 9, in <module>
    application = wsgi.application
                  ^^^^^^^^^^^^^^^^
AttributeError: module 'wsgi' has no attribute 'application'
Traceback (most recent call last):
  File "/home/techandc/movie_bot_new/passenger_wsgi.py", line 9, in <module>
    application = wsgi.application
                  ^^^^^^^^^^^^^^^^
AttributeError: module 'wsgi' has no attribute 'application'
[UID:1732][2332755] Child process with pid: 2332761 was killed by signal: 15, core dumped: no
Traceback (most recent call last):
  File "/home/techandc/movie_bot_new/passenger_wsgi.py", line 9, in <module>
    application = wsgi.application
                  ^^^^^^^^^^^^^^^^
AttributeError: module 'wsgi' has no attribute 'application'
Traceback (most recent call last):
  File "/home/techandc/movie_bot_new/passenger_wsgi.py", line 9, in <module>
    application = wsgi.application
                  ^^^^^^^^^^^^^^^^
AttributeError: module 'wsgi' has no attribute 'application'
[UID:1732][2414233] Child process with pid: 2414245 was killed by signal: 15, core dumped: no
Traceback (most recent call last):
  File "/home/techandc/movie_bot_new/passenger_wsgi.py", line 9, in <module>
    application = wsgi.application
                  ^^^^^^^^^^^^^^^^
AttributeError: module 'wsgi' has no attribute 'application'
[UID:1732][2414233] Child process with pid: 2414252 was killed by signal: 15, core dumped: no
Traceback (most recent call last):
  File "/home/techandc/movie_bot_new/passenger_wsgi.py", line 9, in <module>
    application = wsgi.application
                  ^^^^^^^^^^^^^^^^
AttributeError: module 'wsgi' has no attribute 'application'
[UID:1732][2414233] Child process with pid: 2414523 was killed by signal: 15, core dumped: no
Traceback (most recent call last):
  File "/home/techandc/movie_bot_new/passenger_wsgi.py", line 9, in <module>
    application = wsgi.application
                  ^^^^^^^^^^^^^^^^
AttributeError: module 'wsgi' has no attribute 'application'
Traceback (most recent call last):
  File "/home/techandc/movie_bot_new/passenger_wsgi.py", line 9, in <module>
    application = wsgi.application
                  ^^^^^^^^^^^^^^^^
AttributeError: module 'wsgi' has no attribute 'application'
[UID:1732][2443767] Child process with pid: 2443802 was killed by signal: 15, core dumped: no
Traceback (most recent call last):
  File "/home/techandc/movie_bot_new/passenger_wsgi.py", line 9, in <module>
    application = wsgi.application
                  ^^^^^^^^^^^^^^^^
AttributeError: module 'wsgi' has no attribute 'application'
Traceback (most recent call last):
  File "/home/techandc/movie_bot_new/passenger_wsgi.py", line 9, in <module>
    application = wsgi.application
                  ^^^^^^^^^^^^^^^^
AttributeError: module 'wsgi' has no attribute 'application'
[UID:1732][2539865] Child process with pid: 2539877 was killed by signal: 15, core dumped: no
Traceback (most recent call last):
  File "/home/techandc/movie_bot_new/passenger_wsgi.py", line 9, in <module>
    application = wsgi.application
                  ^^^^^^^^^^^^^^^^
AttributeError: module 'wsgi' has no attribute 'application'
Traceback (most recent call last):
  File "/home/techandc/movie_bot_new/passenger_wsgi.py", line 9, in <module>
    application = wsgi.application
                  ^^^^^^^^^^^^^^^^
AttributeError: module 'wsgi' has no attribute 'application'
[UID:1732][2614930] Child process with pid: 2614959 was killed by signal: 15, core dumped: no
Traceback (most recent call last):
  File "/home/techandc/movie_bot_new/passenger_wsgi.py", line 9, in <module>
    application = wsgi.application
                  ^^^^^^^^^^^^^^^^
AttributeError: module 'wsgi' has no attribute 'application'
Traceback (most recent call last):
  File "/home/techandc/movie_bot_new/passenger_wsgi.py", line 9, in <module>
    application = wsgi.application
                  ^^^^^^^^^^^^^^^^
AttributeError: module 'wsgi' has no attribute 'application'
[UID:1732][2774610] Child process with pid: 2774621 was killed by signal: 15, core dumped: no
Traceback (most recent call last):
  File "/home/techandc/movie_bot_new/passenger_wsgi.py", line 9, in <module>
    application = wsgi.application
                  ^^^^^^^^^^^^^^^^
AttributeError: module 'wsgi' has no attribute 'application'
Traceback (most recent call last):
  File "/home/techandc/movie_bot_new/passenger_wsgi.py", line 9, in <module>
    application = wsgi.application
                  ^^^^^^^^^^^^^^^^
AttributeError: module 'wsgi' has no attribute 'application'
[UID:1732][2790958] Child process with pid: 2790966 was killed by signal: 15, core dumped: no
Traceback (most recent call last):
  File "/home/techandc/movie_bot_new/passenger_wsgi.py", line 9, in <module>
    application = wsgi.application
                  ^^^^^^^^^^^^^^^^
AttributeError: module 'wsgi' has no attribute 'application'
[UID:1732][2790958] Child process with pid: 2791168 was killed by signal: 15, core dumped: no
Traceback (most recent call last):
  File "/home/techandc/movie_bot_new/passenger_wsgi.py", line 9, in <module>
    application = wsgi.application
                  ^^^^^^^^^^^^^^^^
AttributeError: module 'wsgi' has no attribute 'application'
[UID:1732][2790958] Child process with pid: 2797661 was killed by signal: 15, core dumped: no
Traceback (most recent call last):
  File "/home/techandc/movie_bot_new/passenger_wsgi.py", line 9, in <module>
    application = wsgi.application
                  ^^^^^^^^^^^^^^^^
AttributeError: module 'wsgi' has no attribute 'application'
Traceback (most recent call last):
  File "/home/techandc/movie_bot_new/passenger_wsgi.py", line 9, in <module>
    application = wsgi.application
                  ^^^^^^^^^^^^^^^^
AttributeError: module 'wsgi' has no attribute 'application'
[UID:1732][2937857] Child process with pid: 2937902 was killed by signal: 15, core dumped: no
Traceback (most recent call last):
  File "/home/techandc/movie_bot_new/passenger_wsgi.py", line 9, in <module>
    application = wsgi.application
                  ^^^^^^^^^^^^^^^^
AttributeError: module 'wsgi' has no attribute 'application'
Traceback (most recent call last):
  File "/home/techandc/movie_bot_new/passenger_wsgi.py", line 9, in <module>
    application = wsgi.application
                  ^^^^^^^^^^^^^^^^
AttributeError: module 'wsgi' has no attribute 'application'
[UID:1732][3038822] Child process with pid: 3038837 was killed by signal: 15, core dumped: no
Traceback (most recent call last):
  File "/home/techandc/movie_bot_new/passenger_wsgi.py", line 9, in <module>
    application = wsgi.application
                  ^^^^^^^^^^^^^^^^
AttributeError: module 'wsgi' has no attribute 'application'
Traceback (most recent call last):
  File "/home/techandc/movie_bot_new/passenger_wsgi.py", line 9, in <module>
    application = wsgi.application
                  ^^^^^^^^^^^^^^^^
AttributeError: module 'wsgi' has no attribute 'application'
[UID:1732][3157518] Child process with pid: 3157533 was killed by signal: 15, core dumped: no
Traceback (most recent call last):
  File "/home/techandc/movie_bot_new/passenger_wsgi.py", line 9, in <module>
    application = wsgi.application
                  ^^^^^^^^^^^^^^^^
AttributeError: module 'wsgi' has no attribute 'application'
Traceback (most recent call last):
  File "/home/techandc/movie_bot_new/passenger_wsgi.py", line 9, in <module>
    application = wsgi.application
                  ^^^^^^^^^^^^^^^^
AttributeError: module 'wsgi' has no attribute 'application'
Traceback (most recent call last):
  File "/home/techandc/movie_bot_new/passenger_wsgi.py", line 9, in <module>
    application = wsgi.application
                  ^^^^^^^^^^^^^^^^
AttributeError: module 'wsgi' has no attribute 'application'
[UID:1732][3275363] Reached max children process limit: 6, extra: 2, current: 8, busy: 7, please increase LSAPI_CHILDREN.
Traceback (most recent call last):
  File "/home/techandc/movie_bot_new/passenger_wsgi.py", line 9, in <module>
    application = wsgi.application
                  ^^^^^^^^^^^^^^^^
AttributeError: module 'wsgi' has no attribute 'application'
Traceback (most recent call last):
  File "/home/techandc/movie_bot_new/passenger_wsgi.py", line 9, in <module>
    application = wsgi.application
                  ^^^^^^^^^^^^^^^^
AttributeError: module 'wsgi' has no attribute 'application'
Traceback (most recent call last):
Traceback (most recent call last):
  File "/home/techandc/movie_bot_new/passenger_wsgi.py", line 9, in <module>
  File "/home/techandc/movie_bot_new/passenger_wsgi.py", line 9, in <module>
    application = wsgi.application
                  ^^^^^^^^^^^^^^^^
    application = wsgi.application
AttributeError: module 'wsgi' has no attribute 'application'
                  ^^^^^^^^^^^^^^^^
AttributeError: module 'wsgi' has no attribute 'application'
Traceback (most recent call last):
  File "/home/techandc/movie_bot_new/passenger_wsgi.py", line 9, in <module>
Traceback (most recent call last):
  File "/home/techandc/movie_bot_new/passenger_wsgi.py", line 9, in <module>
    application = wsgi.application
Traceback (most recent call last):
                  ^^^^^^^^^^^^^^^^
    application = wsgi.application
  File "/home/techandc/movie_bot_new/passenger_wsgi.py", line 9, in <module>
AttributeError: module 'wsgi' has no attribute 'application'
                  ^^^^^^^^^^^^^^^^
AttributeError: module 'wsgi' has no attribute 'application'
    application = wsgi.application
                  ^^^^^^^^^^^^^^^^
AttributeError: module 'wsgi' has no attribute 'application'
Traceback (most recent call last):
  File "/home/techandc/movie_bot_new/passenger_wsgi.py", line 9, in <module>
    application = wsgi.application
                  ^^^^^^^^^^^^^^^^
AttributeError: module 'wsgi' has no attribute 'application'
[UID:1732][3275363] Child process with pid: 3275373 was killed by signal: 15, core dumped: no
[UID:1732][3275363] Child process with pid: 3275372 was killed by signal: 15, core dumped: no
[UID:1732][3275363] Child process with pid: 3275374 was killed by signal: 15, core dumped: no
[UID:1732][3275363] Child process with pid: 3275375 was killed by signal: 15, core dumped: no
[UID:1732][3275363] Child process with pid: 3275371 was killed by signal: 15, core dumped: no
[UID:1732][3275363] Child process with pid: 3275376 was killed by signal: 15, core dumped: no
[UID:1732][3275363] Child process with pid: 3275377 was killed by signal: 15, core dumped: no
[UID:1732][3275363] Child process with pid: 3275378 was killed by signal: 15, core dumped: no
Traceback (most recent call last):
  File "/home/techandc/movie_bot_new/passenger_wsgi.py", line 9, in <module>
    application = wsgi.application
                  ^^^^^^^^^^^^^^^^
AttributeError: module 'wsgi' has no attribute 'application'
Traceback (most recent call last):
Traceback (most recent call last):
  File "/home/techandc/movie_bot_new/passenger_wsgi.py", line 9, in <module>
  File "/home/techandc/movie_bot_new/passenger_wsgi.py", line 9, in <module>
    application = wsgi.application
                  ^^^^^^^^^^^^^^^^
    application = wsgi.application
                  ^^^^^^^^^^^^^^^^
AttributeError: module 'wsgi' has no attribute 'application'
AttributeError: module 'wsgi' has no attribute 'application'
[UID:1732][3275363] Child process with pid: 3275379 was killed by signal: 15, core dumped: no
[UID:1732][3275363] Child process with pid: 3275380 was killed by signal: 15, core dumped: no
[UID:1732][3275363] Child process with pid: 3275381 was killed by signal: 15, core dumped: no
Traceback (most recent call last):
Traceback (most recent call last):
  File "/home/techandc/movie_bot_new/passenger_wsgi.py", line 9, in <module>
  File "/home/techandc/movie_bot_new/passenger_wsgi.py", line 9, in <module>
    application = wsgi.application
    application = wsgi.application
                  ^^^^^^^^^^^^^^^^
                  ^^^^^^^^^^^^^^^^
AttributeError: module 'wsgi' has no attribute 'application'
AttributeError: module 'wsgi' has no attribute 'application'
Traceback (most recent call last):
  File "/home/techandc/movie_bot_new/passenger_wsgi.py", line 9, in <module>
    application = wsgi.application
                  ^^^^^^^^^^^^^^^^
AttributeError: module 'wsgi' has no attribute 'application'
[UID:1732][3275363] Child process with pid: 3275391 was killed by signal: 15, core dumped: no
[UID:1732][3275363] Child process with pid: 3275390 was killed by signal: 15, core dumped: no
Traceback (most recent call last):
  File "/home/techandc/movie_bot_new/passenger_wsgi.py", line 9, in <module>
Traceback (most recent call last):
  File "/home/techandc/movie_bot_new/passenger_wsgi.py", line 9, in <module>
    application = wsgi.application
                  ^^^^^^^^^^^^^^^^
    application = wsgi.application
AttributeError: module 'wsgi' has no attribute 'application'
                  ^^^^^^^^^^^^^^^^
AttributeError: module 'wsgi' has no attribute 'application'
Traceback (most recent call last):
  File "/home/techandc/movie_bot_new/passenger_wsgi.py", line 9, in <module>
    application = wsgi.application
                  ^^^^^^^^^^^^^^^^
AttributeError: module 'wsgi' has no attribute 'application'
Traceback (most recent call last):
  File "/home/techandc/movie_bot_new/passenger_wsgi.py", line 9, in <module>
    application = wsgi.application
                  ^^^^^^^^^^^^^^^^
AttributeError: module 'wsgi' has no attribute 'application'
[UID:1732][3275363] Child process with pid: 3275392 was killed by signal: 15, core dumped: no
[UID:1732][3275363] Child process with pid: 3275393 was killed by signal: 15, core dumped: no
[UID:1732][3275363] Child process with pid: 3275394 was killed by signal: 15, core dumped: no
[UID:1732][3275363] Child process with pid: 3275395 was killed by signal: 15, core dumped: no
Traceback (most recent call last):
  File "/home/techandc/movie_bot_new/passenger_wsgi.py", line 9, in <module>
    application = wsgi.application
                  ^^^^^^^^^^^^^^^^
AttributeError: module 'wsgi' has no attribute 'application'
[UID:1732][3275363] Child process with pid: 3275399 was killed by signal: 15, core dumped: no
Traceback (most recent call last):
  File "/home/techandc/movie_bot_new/passenger_wsgi.py", line 9, in <module>
    application = wsgi.application
                  ^^^^^^^^^^^^^^^^
AttributeError: module 'wsgi' has no attribute 'application'
Traceback (most recent call last):
  File "/home/techandc/movie_bot_new/passenger_wsgi.py", line 9, in <module>
    application = wsgi.application
                  ^^^^^^^^^^^^^^^^
AttributeError: module 'wsgi' has no attribute 'application'
[UID:1732][3334654] Child process with pid: 3334675 was killed by signal: 15, core dumped: no
Traceback (most recent call last):
  File "/home/techandc/movie_bot_new/passenger_wsgi.py", line 9, in <module>
    application = wsgi.application
                  ^^^^^^^^^^^^^^^^
AttributeError: module 'wsgi' has no attribute 'application'
Traceback (most recent call last):
  File "/home/techandc/movie_bot_new/passenger_wsgi.py", line 9, in <module>
    application = wsgi.application
                  ^^^^^^^^^^^^^^^^
AttributeError: module 'wsgi' has no attribute 'application'
[UID:1732][3373879] Child process with pid: 3374058 was killed by signal: 15, core dumped: no
Traceback (most recent call last):
  File "/home/techandc/movie_bot_new/passenger_wsgi.py", line 9, in <module>
    application = wsgi.application
                  ^^^^^^^^^^^^^^^^
AttributeError: module 'wsgi' has no attribute 'application'
[UID:1732][3373879] Child process with pid: 3374107 was killed by signal: 15, core dumped: no
Traceback (most recent call last):
  File "/home/techandc/movie_bot_new/passenger_wsgi.py", line 9, in <module>
    application = wsgi.application
                  ^^^^^^^^^^^^^^^^
AttributeError: module 'wsgi' has no attribute 'application'
Traceback (most recent call last):
  File "/home/techandc/movie_bot_new/passenger_wsgi.py", line 9, in <module>
    application = wsgi.application
                  ^^^^^^^^^^^^^^^^
AttributeError: module 'wsgi' has no attribute 'application'
[UID:1732][3599680] Child process with pid: 3599712 was killed by signal: 15, core dumped: no
Traceback (most recent call last):
  File "/home/techandc/movie_bot_new/passenger_wsgi.py", line 9, in <module>
    application = wsgi.application
                  ^^^^^^^^^^^^^^^^
AttributeError: module 'wsgi' has no attribute 'application'
Traceback (most recent call last):
  File "/home/techandc/movie_bot_new/passenger_wsgi.py", line 9, in <module>
    application = wsgi.application
                  ^^^^^^^^^^^^^^^^
AttributeError: module 'wsgi' has no attribute 'application'
[UID:1732][3759149] Child process with pid: 3759159 was killed by signal: 15, core dumped: no
Traceback (most recent call last):
  File "/home/techandc/movie_bot_new/passenger_wsgi.py", line 9, in <module>
    application = wsgi.application
                  ^^^^^^^^^^^^^^^^
AttributeError: module 'wsgi' has no attribute 'application'
Traceback (most recent call last):
  File "/home/techandc/movie_bot_new/passenger_wsgi.py", line 9, in <module>
    application = wsgi.application
                  ^^^^^^^^^^^^^^^^
AttributeError: module 'wsgi' has no attribute 'application'
[UID:1732][3880546] Child process with pid: 3880560 was killed by signal: 15, core dumped: no
Traceback (most recent call last):
  File "/home/techandc/movie_bot_new/passenger_wsgi.py", line 9, in <module>
    application = wsgi.application
                  ^^^^^^^^^^^^^^^^
AttributeError: module 'wsgi' has no attribute 'application'
Traceback (most recent call last):
  File "/home/techandc/movie_bot_new/passenger_wsgi.py", line 9, in <module>
    application = wsgi.application
                  ^^^^^^^^^^^^^^^^
AttributeError: module 'wsgi' has no attribute 'application'
[UID:1732][4000434] Child process with pid: 4000626 was killed by signal: 15, core dumped: no
Traceback (most recent call last):
  File "/home/techandc/movie_bot_new/passenger_wsgi.py", line 9, in <module>
    application = wsgi.application
                  ^^^^^^^^^^^^^^^^
AttributeError: module 'wsgi' has no attribute 'application'
Traceback (most recent call last):
  File "/home/techandc/movie_bot_new/passenger_wsgi.py", line 9, in <module>
    application = wsgi.application
                  ^^^^^^^^^^^^^^^^
AttributeError: module 'wsgi' has no attribute 'application'
[UID:1732][4076219] Child process with pid: 4076233 was killed by signal: 15, core dumped: no
Traceback (most recent call last):
  File "/home/techandc/movie_bot_new/passenger_wsgi.py", line 9, in <module>
    application = wsgi.application
                  ^^^^^^^^^^^^^^^^
AttributeError: module 'wsgi' has no attribute 'application'
Traceback (most recent call last):
  File "/home/techandc/movie_bot_new/passenger_wsgi.py", line 9, in <module>
    application = wsgi.application
                  ^^^^^^^^^^^^^^^^
AttributeError: module 'wsgi' has no attribute 'application'
[UID:1732][178926] Child process with pid: 178943 was killed by signal: 15, core dumped: no
Traceback (most recent call last):
  File "/home/techandc/movie_bot_new/passenger_wsgi.py", line 9, in <module>
    application = wsgi.application
                  ^^^^^^^^^^^^^^^^
AttributeError: module 'wsgi' has no attribute 'application'
Traceback (most recent call last):
  File "/home/techandc/movie_bot_new/passenger_wsgi.py", line 9, in <module>
    application = wsgi.application
                  ^^^^^^^^^^^^^^^^
AttributeError: module 'wsgi' has no attribute 'application'
[UID:1732][374245] Child process with pid: 374260 was killed by signal: 15, core dumped: no
Traceback (most recent call last):
  File "/home/techandc/movie_bot_new/passenger_wsgi.py", line 9, in <module>
    application = wsgi.application
                  ^^^^^^^^^^^^^^^^
AttributeError: module 'wsgi' has no attribute 'application'
Traceback (most recent call last):
  File "/home/techandc/movie_bot_new/passenger_wsgi.py", line 9, in <module>
    application = wsgi.application
                  ^^^^^^^^^^^^^^^^
AttributeError: module 'wsgi' has no attribute 'application'
[UID:1732][414506] Child process with pid: 414525 was killed by signal: 15, core dumped: no
Traceback (most recent call last):
  File "/home/techandc/movie_bot_new/passenger_wsgi.py", line 9, in <module>
    application = wsgi.application
                  ^^^^^^^^^^^^^^^^
AttributeError: module 'wsgi' has no attribute 'application'
Traceback (most recent call last):
  File "/home/techandc/movie_bot_new/passenger_wsgi.py", line 9, in <module>
    application = wsgi.application
                  ^^^^^^^^^^^^^^^^
AttributeError: module 'wsgi' has no attribute 'application'
[UID:1732][426157] Child process with pid: 426163 was killed by signal: 15, core dumped: no
Traceback (most recent call last):
  File "/home/techandc/movie_bot_new/passenger_wsgi.py", line 9, in <module>
    application = wsgi.application
                  ^^^^^^^^^^^^^^^^
AttributeError: module 'wsgi' has no attribute 'application'
Traceback (most recent call last):
  File "/home/techandc/movie_bot_new/passenger_wsgi.py", line 9, in <module>
    application = wsgi.application
                  ^^^^^^^^^^^^^^^^
AttributeError: module 'wsgi' has no attribute 'application'
[UID:1732][460228] Child process with pid: 460237 was killed by signal: 15, core dumped: no
Traceback (most recent call last):
  File "/home/techandc/movie_bot_new/passenger_wsgi.py", line 9, in <module>
    application = wsgi.application
                  ^^^^^^^^^^^^^^^^
AttributeError: module 'wsgi' has no attribute 'application'
Traceback (most recent call last):
  File "/home/techandc/movie_bot_new/passenger_wsgi.py", line 9, in <module>
    application = wsgi.application
                  ^^^^^^^^^^^^^^^^
AttributeError: module 'wsgi' has no attribute 'application'
[UID:1732][472662] Child process with pid: 472671 was killed by signal: 15, core dumped: no
Traceback (most recent call last):
  File "/home/techandc/movie_bot_new/passenger_wsgi.py", line 9, in <module>
    application = wsgi.application
                  ^^^^^^^^^^^^^^^^
AttributeError: module 'wsgi' has no attribute 'application'
Traceback (most recent call last):
  File "/home/techandc/movie_bot_new/passenger_wsgi.py", line 9, in <module>
    application = wsgi.application
                  ^^^^^^^^^^^^^^^^
AttributeError: module 'wsgi' has no attribute 'application'
[UID:1732][478353] Child process with pid: 478363 was killed by signal: 15, core dumped: no
Traceback (most recent call last):
  File "/home/techandc/movie_bot_new/passenger_wsgi.py", line 9, in <module>
    application = wsgi.application
                  ^^^^^^^^^^^^^^^^
AttributeError: module 'wsgi' has no attribute 'application'
[UID:1732][478353] Child process with pid: 478371 was killed by signal: 15, core dumped: no
Traceback (most recent call last):
  File "/home/techandc/movie_bot_new/passenger_wsgi.py", line 9, in <module>
    application = wsgi.application
                  ^^^^^^^^^^^^^^^^
AttributeError: module 'wsgi' has no attribute 'application'
[UID:1732][478353] Child process with pid: 478522 was killed by signal: 15, core dumped: no
Traceback (most recent call last):
  File "/home/techandc/movie_bot_new/passenger_wsgi.py", line 9, in <module>
    application = wsgi.application
                  ^^^^^^^^^^^^^^^^
AttributeError: module 'wsgi' has no attribute 'application'
[UID:1732][478353] Child process with pid: 478565 was killed by signal: 15, core dumped: no
Traceback (most recent call last):
  File "/home/techandc/movie_bot_new/passenger_wsgi.py", line 9, in <module>
    application = wsgi.application
                  ^^^^^^^^^^^^^^^^
AttributeError: module 'wsgi' has no attribute 'application'
[UID:1732][478353] Child process with pid: 479117 was killed by signal: 15, core dumped: no
Traceback (most recent call last):
  File "/home/techandc/movie_bot_new/passenger_wsgi.py", line 9, in <module>
    application = wsgi.application
                  ^^^^^^^^^^^^^^^^
AttributeError: module 'wsgi' has no attribute 'application'
Traceback (most recent call last):
  File "/home/techandc/movie_bot_new/passenger_wsgi.py", line 9, in <module>
    application = wsgi.application
                  ^^^^^^^^^^^^^^^^
AttributeError: module 'wsgi' has no attribute 'application'
[UID:1732][506228] Child process with pid: 506245 was killed by signal: 15, core dumped: no
Traceback (most recent call last):
  File "/home/techandc/movie_bot_new/passenger_wsgi.py", line 9, in <module>
    application = wsgi.application
                  ^^^^^^^^^^^^^^^^
AttributeError: module 'wsgi' has no attribute 'application'
Traceback (most recent call last):
  File "/home/techandc/movie_bot_new/passenger_wsgi.py", line 9, in <module>
    application = wsgi.application
                  ^^^^^^^^^^^^^^^^
AttributeError: module 'wsgi' has no attribute 'application'
[UID:1732][564524] Child process with pid: 564537 was killed by signal: 15, core dumped: no
Traceback (most recent call last):
  File "/home/techandc/movie_bot_new/passenger_wsgi.py", line 9, in <module>
    application = wsgi.application
                  ^^^^^^^^^^^^^^^^
AttributeError: module 'wsgi' has no attribute 'application'
Traceback (most recent call last):
  File "/home/techandc/movie_bot_new/passenger_wsgi.py", line 9, in <module>
    application = wsgi.application
                  ^^^^^^^^^^^^^^^^
AttributeError: module 'wsgi' has no attribute 'application'
[UID:1732][564542] Child process with pid: 564551 was killed by signal: 15, core dumped: no
Traceback (most recent call last):
  File "/home/techandc/movie_bot_new/passenger_wsgi.py", line 9, in <module>
    application = wsgi.application
                  ^^^^^^^^^^^^^^^^
AttributeError: module 'wsgi' has no attribute 'application'
[UID:1732][564524] Child process with pid: 564557 was killed by signal: 15, core dumped: no
Traceback (most recent call last):
  File "/home/techandc/movie_bot_new/passenger_wsgi.py", line 9, in <module>
    application = wsgi.application
                  ^^^^^^^^^^^^^^^^
AttributeError: module 'wsgi' has no attribute 'application'
[UID:1732][564542] Child process with pid: 564567 was killed by signal: 15, core dumped: no
Traceback (most recent call last):
  File "/home/techandc/movie_bot_new/passenger_wsgi.py", line 9, in <module>
    application = wsgi.application
                  ^^^^^^^^^^^^^^^^
AttributeError: module 'wsgi' has no attribute 'application'
Traceback (most recent call last):
  File "/home/techandc/movie_bot_new/passenger_wsgi.py", line 9, in <module>
    application = wsgi.application
                  ^^^^^^^^^^^^^^^^
AttributeError: module 'wsgi' has no attribute 'application'
[UID:1732][667105] Child process with pid: 667426 was killed by signal: 15, core dumped: no
Traceback (most recent call last):
  File "/home/techandc/movie_bot_new/passenger_wsgi.py", line 9, in <module>
    application = wsgi.application
                  ^^^^^^^^^^^^^^^^
AttributeError: module 'wsgi' has no attribute 'application'
Traceback (most recent call last):
  File "/home/techandc/movie_bot_new/passenger_wsgi.py", line 9, in <module>
    application = wsgi.application
                  ^^^^^^^^^^^^^^^^
AttributeError: module 'wsgi' has no attribute 'application'
[UID:1732][667498] Child process with pid: 667526 was killed by signal: 15, core dumped: no
Traceback (most recent call last):
  File "/home/techandc/movie_bot_new/passenger_wsgi.py", line 9, in <module>
    application = wsgi.application
                  ^^^^^^^^^^^^^^^^
AttributeError: module 'wsgi' has no attribute 'application'
[UID:1732][667105] Child process with pid: 667595 was killed by signal: 15, core dumped: no
Traceback (most recent call last):
  File "/home/techandc/movie_bot_new/passenger_wsgi.py", line 9, in <module>
    application = wsgi.application
                  ^^^^^^^^^^^^^^^^
AttributeError: module 'wsgi' has no attribute 'application'
[UID:1732][667498] Child process with pid: 667601 was killed by signal: 15, core dumped: no
Traceback (most recent call last):
  File "/home/techandc/movie_bot_new/passenger_wsgi.py", line 9, in <module>
    application = wsgi.application
                  ^^^^^^^^^^^^^^^^
AttributeError: module 'wsgi' has no attribute 'application'
Traceback (most recent call last):
  File "/home/techandc/movie_bot_new/passenger_wsgi.py", line 9, in <module>
    application = wsgi.application
                  ^^^^^^^^^^^^^^^^
AttributeError: module 'wsgi' has no attribute 'application'
[UID:1732][698218] Child process with pid: 698226 was killed by signal: 15, core dumped: no
Traceback (most recent call last):
  File "/home/techandc/movie_bot_new/passenger_wsgi.py", line 9, in <module>
    application = wsgi.application
                  ^^^^^^^^^^^^^^^^
AttributeError: module 'wsgi' has no attribute 'application'
Traceback (most recent call last):
  File "/home/techandc/movie_bot_new/passenger_wsgi.py", line 9, in <module>
    application = wsgi.application
                  ^^^^^^^^^^^^^^^^
AttributeError: module 'wsgi' has no attribute 'application'
[UID:1732][727677] Child process with pid: 727684 was killed by signal: 15, core dumped: no
Traceback (most recent call last):
  File "/home/techandc/movie_bot_new/passenger_wsgi.py", line 9, in <module>
    application = wsgi.application
                  ^^^^^^^^^^^^^^^^
AttributeError: module 'wsgi' has no attribute 'application'
Traceback (most recent call last):
  File "/home/techandc/movie_bot_new/passenger_wsgi.py", line 9, in <module>
    application = wsgi.application
                  ^^^^^^^^^^^^^^^^
AttributeError: module 'wsgi' has no attribute 'application'
[UID:1732][843218] Child process with pid: 843238 was killed by signal: 15, core dumped: no
Traceback (most recent call last):
  File "/home/techandc/movie_bot_new/passenger_wsgi.py", line 9, in <module>
    application = wsgi.application
                  ^^^^^^^^^^^^^^^^
AttributeError: module 'wsgi' has no attribute 'application'
Traceback (most recent call last):
  File "/home/techandc/movie_bot_new/passenger_wsgi.py", line 9, in <module>
    application = wsgi.application
                  ^^^^^^^^^^^^^^^^
AttributeError: module 'wsgi' has no attribute 'application'
[UID:1732][863869] Child process with pid: 863880 was killed by signal: 15, core dumped: no
Traceback (most recent call last):
  File "/home/techandc/movie_bot_new/passenger_wsgi.py", line 9, in <module>
    application = wsgi.application
                  ^^^^^^^^^^^^^^^^
AttributeError: module 'wsgi' has no attribute 'application'
Traceback (most recent call last):
  File "/home/techandc/movie_bot_new/passenger_wsgi.py", line 9, in <module>
    application = wsgi.application
                  ^^^^^^^^^^^^^^^^
AttributeError: module 'wsgi' has no attribute 'application'
[UID:1732][1199850] Child process with pid: 1199862 was killed by signal: 15, core dumped: no
Traceback (most recent call last):
  File "/home/techandc/movie_bot_new/passenger_wsgi.py", line 9, in <module>
    application = wsgi.application
                  ^^^^^^^^^^^^^^^^
AttributeError: module 'wsgi' has no attribute 'application'
Traceback (most recent call last):
  File "/home/techandc/movie_bot_new/passenger_wsgi.py", line 9, in <module>
    application = wsgi.application
                  ^^^^^^^^^^^^^^^^
AttributeError: module 'wsgi' has no attribute 'application'
[UID:1732][1264989] Child process with pid: 1264995 was killed by signal: 15, core dumped: no
Traceback (most recent call last):
  File "/home/techandc/movie_bot_new/passenger_wsgi.py", line 9, in <module>
    application = wsgi.application
                  ^^^^^^^^^^^^^^^^
AttributeError: module 'wsgi' has no attribute 'application'
Traceback (most recent call last):
  File "/home/techandc/movie_bot_new/passenger_wsgi.py", line 9, in <module>
    application = wsgi.application
                  ^^^^^^^^^^^^^^^^
AttributeError: module 'wsgi' has no attribute 'application'
[UID:1732][1326813] Child process with pid: 1326833 was killed by signal: 15, core dumped: no
Traceback (most recent call last):
  File "/home/techandc/movie_bot_new/passenger_wsgi.py", line 9, in <module>
    application = wsgi.application
                  ^^^^^^^^^^^^^^^^
AttributeError: module 'wsgi' has no attribute 'application'
[UID:1732][1326813] Child process with pid: 1335317 was killed by signal: 15, core dumped: no
Traceback (most recent call last):
  File "/home/techandc/movie_bot_new/passenger_wsgi.py", line 9, in <module>
    application = wsgi.application
                  ^^^^^^^^^^^^^^^^
AttributeError: module 'wsgi' has no attribute 'application'
[UID:1732][1326813] Child process with pid: 1335323 was killed by signal: 15, core dumped: no
Traceback (most recent call last):
  File "/home/techandc/movie_bot_new/passenger_wsgi.py", line 9, in <module>
    application = wsgi.application
                  ^^^^^^^^^^^^^^^^
AttributeError: module 'wsgi' has no attribute 'application'
[UID:1732][1326813] Child process with pid: 1335326 was killed by signal: 15, core dumped: no
Traceback (most recent call last):
  File "/home/techandc/movie_bot_new/passenger_wsgi.py", line 9, in <module>
    application = wsgi.application
                  ^^^^^^^^^^^^^^^^
AttributeError: module 'wsgi' has no attribute 'application'
[UID:1732][1326813] Child process with pid: 1335332 was killed by signal: 15, core dumped: no
Traceback (most recent call last):
  File "/home/techandc/movie_bot_new/passenger_wsgi.py", line 9, in <module>
    application = wsgi.application
                  ^^^^^^^^^^^^^^^^
AttributeError: module 'wsgi' has no attribute 'application'
[UID:1732][1326813] Child process with pid: 1335340 was killed by signal: 15, core dumped: no
Traceback (most recent call last):
  File "/home/techandc/movie_bot_new/passenger_wsgi.py", line 9, in <module>
    application = wsgi.application
                  ^^^^^^^^^^^^^^^^
AttributeError: module 'wsgi' has no attribute 'application'
[UID:1732][1326813] Child process with pid: 1335342 was killed by signal: 15, core dumped: no
Traceback (most recent call last):
  File "/home/techandc/movie_bot_new/passenger_wsgi.py", line 9, in <module>
    application = wsgi.application
                  ^^^^^^^^^^^^^^^^
AttributeError: module 'wsgi' has no attribute 'application'
[UID:1732][1326813] Child process with pid: 1335344 was killed by signal: 15, core dumped: no
Traceback (most recent call last):
  File "/home/techandc/movie_bot_new/passenger_wsgi.py", line 9, in <module>
    application = wsgi.application
                  ^^^^^^^^^^^^^^^^
AttributeError: module 'wsgi' has no attribute 'application'
[UID:1732][1326813] Child process with pid: 1335347 was killed by signal: 15, core dumped: no
Traceback (most recent call last):
  File "/home/techandc/movie_bot_new/passenger_wsgi.py", line 9, in <module>
    application = wsgi.application
                  ^^^^^^^^^^^^^^^^
AttributeError: module 'wsgi' has no attribute 'application'
[UID:1732][1326813] Child process with pid: 1335352 was killed by signal: 15, core dumped: no
Traceback (most recent call last):
  File "/home/techandc/movie_bot_new/passenger_wsgi.py", line 9, in <module>
    application = wsgi.application
                  ^^^^^^^^^^^^^^^^
AttributeError: module 'wsgi' has no attribute 'application'
[UID:1732][1326813] Child process with pid: 1335354 was killed by signal: 15, core dumped: no
Traceback (most recent call last):
  File "/home/techandc/movie_bot_new/passenger_wsgi.py", line 9, in <module>
    application = wsgi.application
                  ^^^^^^^^^^^^^^^^
AttributeError: module 'wsgi' has no attribute 'application'
[UID:1732][1326813] Child process with pid: 1335360 was killed by signal: 15, core dumped: no
Traceback (most recent call last):
  File "/home/techandc/movie_bot_new/passenger_wsgi.py", line 9, in <module>
    application = wsgi.application
                  ^^^^^^^^^^^^^^^^
AttributeError: module 'wsgi' has no attribute 'application'
[UID:1732][1326813] Child process with pid: 1335372 was killed by signal: 15, core dumped: no
Traceback (most recent call last):
  File "/home/techandc/movie_bot_new/passenger_wsgi.py", line 9, in <module>
    application = wsgi.application
                  ^^^^^^^^^^^^^^^^
AttributeError: module 'wsgi' has no attribute 'application'
[UID:1732][1326813] Child process with pid: 1335382 was killed by signal: 15, core dumped: no
Traceback (most recent call last):
  File "/home/techandc/movie_bot_new/passenger_wsgi.py", line 9, in <module>
    application = wsgi.application
                  ^^^^^^^^^^^^^^^^
AttributeError: module 'wsgi' has no attribute 'application'
[UID:1732][1326813] Child process with pid: 1335391 was killed by signal: 15, core dumped: no
Traceback (most recent call last):
  File "/home/techandc/movie_bot_new/passenger_wsgi.py", line 9, in <module>
    application = wsgi.application
                  ^^^^^^^^^^^^^^^^
AttributeError: module 'wsgi' has no attribute 'application'
[UID:1732][1326813] Child process with pid: 1335397 was killed by signal: 15, core dumped: no
Traceback (most recent call last):
  File "/home/techandc/movie_bot_new/passenger_wsgi.py", line 9, in <module>
    application = wsgi.application
                  ^^^^^^^^^^^^^^^^
AttributeError: module 'wsgi' has no attribute 'application'
[UID:1732][1326813] Child process with pid: 1335407 was killed by signal: 15, core dumped: no
Traceback (most recent call last):
  File "/home/techandc/movie_bot_new/passenger_wsgi.py", line 9, in <module>
    application = wsgi.application
                  ^^^^^^^^^^^^^^^^
AttributeError: module 'wsgi' has no attribute 'application'
[UID:1732][1326813] Child process with pid: 1335417 was killed by signal: 15, core dumped: no
Traceback (most recent call last):
  File "/home/techandc/movie_bot_new/passenger_wsgi.py", line 9, in <module>
    application = wsgi.application
                  ^^^^^^^^^^^^^^^^
AttributeError: module 'wsgi' has no attribute 'application'
[UID:1732][1326813] Child process with pid: 1335428 was killed by signal: 15, core dumped: no
Traceback (most recent call last):
  File "/home/techandc/movie_bot_new/passenger_wsgi.py", line 9, in <module>
    application = wsgi.application
                  ^^^^^^^^^^^^^^^^
AttributeError: module 'wsgi' has no attribute 'application'
[UID:1732][1326813] Child process with pid: 1335439 was killed by signal: 15, core dumped: no
Traceback (most recent call last):
  File "/home/techandc/movie_bot_new/passenger_wsgi.py", line 9, in <module>
    application = wsgi.application
                  ^^^^^^^^^^^^^^^^
AttributeError: module 'wsgi' has no attribute 'application'
[UID:1732][1326813] Child process with pid: 1335447 was killed by signal: 15, core dumped: no
Traceback (most recent call last):
  File "/home/techandc/movie_bot_new/passenger_wsgi.py", line 9, in <module>
    application = wsgi.application
                  ^^^^^^^^^^^^^^^^
AttributeError: module 'wsgi' has no attribute 'application'
[UID:1732][1326813] Child process with pid: 1335455 was killed by signal: 15, core dumped: no
Traceback (most recent call last):
  File "/home/techandc/movie_bot_new/passenger_wsgi.py", line 9, in <module>
    application = wsgi.application
                  ^^^^^^^^^^^^^^^^
AttributeError: module 'wsgi' has no attribute 'application'
Traceback (most recent call last):
  File "/home/techandc/movie_bot_new/passenger_wsgi.py", line 9, in <module>
    application = wsgi.application
                  ^^^^^^^^^^^^^^^^
AttributeError: module 'wsgi' has no attribute 'application'
[UID:1732][1383651] Child process with pid: 1383664 was killed by signal: 15, core dumped: no
Traceback (most recent call last):
  File "/home/techandc/movie_bot_new/passenger_wsgi.py", line 9, in <module>
    application = wsgi.application
                  ^^^^^^^^^^^^^^^^
AttributeError: module 'wsgi' has no attribute 'application'
Traceback (most recent call last):
  File "/home/techandc/movie_bot_new/passenger_wsgi.py", line 9, in <module>
    application = wsgi.application
                  ^^^^^^^^^^^^^^^^
AttributeError: module 'wsgi' has no attribute 'application'
[UID:1732][1416267] Child process with pid: 1416529 was killed by signal: 15, core dumped: no
Traceback (most recent call last):
  File "/home/techandc/movie_bot_new/passenger_wsgi.py", line 9, in <module>
    application = wsgi.application
                  ^^^^^^^^^^^^^^^^
AttributeError: module 'wsgi' has no attribute 'application'
Traceback (most recent call last):
  File "/home/techandc/movie_bot_new/passenger_wsgi.py", line 9, in <module>
    application = wsgi.application
                  ^^^^^^^^^^^^^^^^
AttributeError: module 'wsgi' has no attribute 'application'
[UID:1732][1430321] Child process with pid: 1430345 was killed by signal: 15, core dumped: no
Traceback (most recent call last):
  File "/home/techandc/movie_bot_new/passenger_wsgi.py", line 9, in <module>
    application = wsgi.application
                  ^^^^^^^^^^^^^^^^
AttributeError: module 'wsgi' has no attribute 'application'
[UID:1732][1430321] Child process with pid: 1430423 was killed by signal: 15, core dumped: no
Traceback (most recent call last):
  File "/home/techandc/movie_bot_new/passenger_wsgi.py", line 9, in <module>
    application = wsgi.application
                  ^^^^^^^^^^^^^^^^
AttributeError: module 'wsgi' has no attribute 'application'
[UID:1732][1430321] Child process with pid: 1430467 was killed by signal: 15, core dumped: no
Traceback (most recent call last):
  File "/home/techandc/movie_bot_new/passenger_wsgi.py", line 9, in <module>
    application = wsgi.application
                  ^^^^^^^^^^^^^^^^
AttributeError: module 'wsgi' has no attribute 'application'
[UID:1732][1430321] Child process with pid: 1430626 was killed by signal: 15, core dumped: no
Traceback (most recent call last):
  File "/home/techandc/movie_bot_new/passenger_wsgi.py", line 9, in <module>
    application = wsgi.application
                  ^^^^^^^^^^^^^^^^
AttributeError: module 'wsgi' has no attribute 'application'
[UID:1732][1430321] Child process with pid: 1430653 was killed by signal: 15, core dumped: no
Traceback (most recent call last):
  File "/home/techandc/movie_bot_new/passenger_wsgi.py", line 9, in <module>
    application = wsgi.application
                  ^^^^^^^^^^^^^^^^
AttributeError: module 'wsgi' has no attribute 'application'
[UID:1732][1430321] Child process with pid: 1430716 was killed by signal: 15, core dumped: no
Traceback (most recent call last):
  File "/home/techandc/movie_bot_new/passenger_wsgi.py", line 9, in <module>
    application = wsgi.application
                  ^^^^^^^^^^^^^^^^
AttributeError: module 'wsgi' has no attribute 'application'
[UID:1732][1430321] Child process with pid: 1430782 was killed by signal: 15, core dumped: no
Traceback (most recent call last):
  File "/home/techandc/movie_bot_new/passenger_wsgi.py", line 9, in <module>
    application = wsgi.application
                  ^^^^^^^^^^^^^^^^
AttributeError: module 'wsgi' has no attribute 'application'
[UID:1732][1430321] Child process with pid: 1430806 was killed by signal: 15, core dumped: no
Traceback (most recent call last):
  File "/home/techandc/movie_bot_new/passenger_wsgi.py", line 9, in <module>
    application = wsgi.application
                  ^^^^^^^^^^^^^^^^
AttributeError: module 'wsgi' has no attribute 'application'
[UID:1732][1430321] Child process with pid: 1430938 was killed by signal: 15, core dumped: no
Traceback (most recent call last):
  File "/home/techandc/movie_bot_new/passenger_wsgi.py", line 9, in <module>
    application = wsgi.application
                  ^^^^^^^^^^^^^^^^
AttributeError: module 'wsgi' has no attribute 'application'
[UID:1732][1430321] Child process with pid: 1430987 was killed by signal: 15, core dumped: no
Traceback (most recent call last):
  File "/home/techandc/movie_bot_new/passenger_wsgi.py", line 9, in <module>
    application = wsgi.application
                  ^^^^^^^^^^^^^^^^
AttributeError: module 'wsgi' has no attribute 'application'
[UID:1732][1430321] Child process with pid: 1431031 was killed by signal: 15, core dumped: no
Traceback (most recent call last):
  File "/home/techandc/movie_bot_new/passenger_wsgi.py", line 9, in <module>
    application = wsgi.application
                  ^^^^^^^^^^^^^^^^
AttributeError: module 'wsgi' has no attribute 'application'
[UID:1732][1430321] Child process with pid: 1431162 was killed by signal: 15, core dumped: no
Traceback (most recent call last):
  File "/home/techandc/movie_bot_new/passenger_wsgi.py", line 9, in <module>
    application = wsgi.application
                  ^^^^^^^^^^^^^^^^
AttributeError: module 'wsgi' has no attribute 'application'
[UID:1732][1430321] Child process with pid: 1431182 was killed by signal: 15, core dumped: no
Traceback (most recent call last):
  File "/home/techandc/movie_bot_new/passenger_wsgi.py", line 9, in <module>
    application = wsgi.application
                  ^^^^^^^^^^^^^^^^
AttributeError: module 'wsgi' has no attribute 'application'
[UID:1732][1430321] Child process with pid: 1431245 was killed by signal: 15, core dumped: no
Traceback (most recent call last):
  File "/home/techandc/movie_bot_new/passenger_wsgi.py", line 9, in <module>
    application = wsgi.application
                  ^^^^^^^^^^^^^^^^
AttributeError: module 'wsgi' has no attribute 'application'
[UID:1732][1430321] Child process with pid: 1431348 was killed by signal: 15, core dumped: no
Traceback (most recent call last):
  File "/home/techandc/movie_bot_new/passenger_wsgi.py", line 9, in <module>
    application = wsgi.application
                  ^^^^^^^^^^^^^^^^
AttributeError: module 'wsgi' has no attribute 'application'
[UID:1732][1430321] Child process with pid: 1431398 was killed by signal: 15, core dumped: no
Traceback (most recent call last):
  File "/home/techandc/movie_bot_new/passenger_wsgi.py", line 9, in <module>
    application = wsgi.application
                  ^^^^^^^^^^^^^^^^
AttributeError: module 'wsgi' has no attribute 'application'
[UID:1732][1430321] Child process with pid: 1432392 was killed by signal: 15, core dumped: no
Traceback (most recent call last):
  File "/home/techandc/movie_bot_new/passenger_wsgi.py", line 9, in <module>
    application = wsgi.application
                  ^^^^^^^^^^^^^^^^
AttributeError: module 'wsgi' has no attribute 'application'
[UID:1732][1430321] Child process with pid: 1432508 was killed by signal: 15, core dumped: no
Traceback (most recent call last):
  File "/home/techandc/movie_bot_new/passenger_wsgi.py", line 9, in <module>
    application = wsgi.application
                  ^^^^^^^^^^^^^^^^
AttributeError: module 'wsgi' has no attribute 'application'
Traceback (most recent call last):
  File "/home/techandc/movie_bot_new/passenger_wsgi.py", line 9, in <module>
    application = wsgi.application
                  ^^^^^^^^^^^^^^^^
AttributeError: module 'wsgi' has no attribute 'application'
[UID:1732][1442920] Child process with pid: 1442933 was killed by signal: 15, core dumped: no
Traceback (most recent call last):
  File "/home/techandc/movie_bot_new/passenger_wsgi.py", line 9, in <module>
    application = wsgi.application
                  ^^^^^^^^^^^^^^^^
AttributeError: module 'wsgi' has no attribute 'application'
Traceback (most recent call last):
  File "/home/techandc/movie_bot_new/passenger_wsgi.py", line 9, in <module>
    application = wsgi.application
                  ^^^^^^^^^^^^^^^^
AttributeError: module 'wsgi' has no attribute 'application'
[UID:1732][1459769] Child process with pid: 1459780 was killed by signal: 15, core dumped: no
Traceback (most recent call last):
  File "/home/techandc/movie_bot_new/passenger_wsgi.py", line 9, in <module>
    application = wsgi.application
                  ^^^^^^^^^^^^^^^^
AttributeError: module 'wsgi' has no attribute 'application'
Traceback (most recent call last):
  File "/home/techandc/movie_bot_new/passenger_wsgi.py", line 9, in <module>
    application = wsgi.application
                  ^^^^^^^^^^^^^^^^
AttributeError: module 'wsgi' has no attribute 'application'
[UID:1732][1534329] Child process with pid: 1534354 was killed by signal: 15, core dumped: no
Traceback (most recent call last):
  File "/home/techandc/movie_bot_new/passenger_wsgi.py", line 9, in <module>
    application = wsgi.application
                  ^^^^^^^^^^^^^^^^
AttributeError: module 'wsgi' has no attribute 'application'
Traceback (most recent call last):
  File "/home/techandc/movie_bot_new/passenger_wsgi.py", line 9, in <module>
    application = wsgi.application
                  ^^^^^^^^^^^^^^^^
AttributeError: module 'wsgi' has no attribute 'application'
[UID:1732][1589933] Child process with pid: 1589945 was killed by signal: 15, core dumped: no
Traceback (most recent call last):
  File "/home/techandc/movie_bot_new/passenger_wsgi.py", line 9, in <module>
    application = wsgi.application
                  ^^^^^^^^^^^^^^^^
AttributeError: module 'wsgi' has no attribute 'application'
Traceback (most recent call last):
  File "/home/techandc/movie_bot_new/passenger_wsgi.py", line 9, in <module>
    application = wsgi.application
                  ^^^^^^^^^^^^^^^^
AttributeError: module 'wsgi' has no attribute 'application'
[UID:1732][1687978] Child process with pid: 1687991 was killed by signal: 15, core dumped: no
Traceback (most recent call last):
  File "/home/techandc/movie_bot_new/passenger_wsgi.py", line 9, in <module>
    application = wsgi.application
                  ^^^^^^^^^^^^^^^^
AttributeError: module 'wsgi' has no attribute 'application'
Traceback (most recent call last):
  File "/home/techandc/movie_bot_new/passenger_wsgi.py", line 9, in <module>
    application = wsgi.application
                  ^^^^^^^^^^^^^^^^
AttributeError: module 'wsgi' has no attribute 'application'
[UID:1732][1786099] Child process with pid: 1786112 was killed by signal: 15, core dumped: no
Traceback (most recent call last):
  File "/home/techandc/movie_bot_new/passenger_wsgi.py", line 9, in <module>
    application = wsgi.application
                  ^^^^^^^^^^^^^^^^
AttributeError: module 'wsgi' has no attribute 'application'
Traceback (most recent call last):
  File "/home/techandc/movie_bot_new/passenger_wsgi.py", line 9, in <module>
    application = wsgi.application
                  ^^^^^^^^^^^^^^^^
AttributeError: module 'wsgi' has no attribute 'application'
[UID:1732][2085504] Child process with pid: 2085516 was killed by signal: 15, core dumped: no
Traceback (most recent call last):
  File "/home/techandc/movie_bot_new/passenger_wsgi.py", line 9, in <module>
    application = wsgi.application
                  ^^^^^^^^^^^^^^^^
AttributeError: module 'wsgi' has no attribute 'application'
[UID:1732][2085504] Child process with pid: 2085529 was killed by signal: 15, core dumped: no
Traceback (most recent call last):
  File "/home/techandc/movie_bot_new/passenger_wsgi.py", line 9, in <module>
    application = wsgi.application
                  ^^^^^^^^^^^^^^^^
AttributeError: module 'wsgi' has no attribute 'application'
[UID:1732][2085504] Child process with pid: 2085540 was killed by signal: 15, core dumped: no
Traceback (most recent call last):
  File "/home/techandc/movie_bot_new/passenger_wsgi.py", line 9, in <module>
    application = wsgi.application
                  ^^^^^^^^^^^^^^^^
AttributeError: module 'wsgi' has no attribute 'application'
[UID:1732][2085504] Child process with pid: 2085554 was killed by signal: 15, core dumped: no
Traceback (most recent call last):
  File "/home/techandc/movie_bot_new/passenger_wsgi.py", line 9, in <module>
    application = wsgi.application
                  ^^^^^^^^^^^^^^^^
AttributeError: module 'wsgi' has no attribute 'application'
[UID:1732][2085504] Child process with pid: 2085578 was killed by signal: 15, core dumped: no
Traceback (most recent call last):
  File "/home/techandc/movie_bot_new/passenger_wsgi.py", line 9, in <module>
    application = wsgi.application
                  ^^^^^^^^^^^^^^^^
AttributeError: module 'wsgi' has no attribute 'application'
[UID:1732][2085504] Child process with pid: 2087028 was killed by signal: 15, core dumped: no
Traceback (most recent call last):
  File "/home/techandc/movie_bot_new/passenger_wsgi.py", line 9, in <module>
    application = wsgi.application
                  ^^^^^^^^^^^^^^^^
AttributeError: module 'wsgi' has no attribute 'application'
[UID:1732][2085504] Child process with pid: 2087042 was killed by signal: 15, core dumped: no
Traceback (most recent call last):
  File "/home/techandc/movie_bot_new/passenger_wsgi.py", line 9, in <module>
    application = wsgi.application
                  ^^^^^^^^^^^^^^^^
AttributeError: module 'wsgi' has no attribute 'application'
[UID:1732][2085504] Child process with pid: 2087050 was killed by signal: 15, core dumped: no
Traceback (most recent call last):
  File "/home/techandc/movie_bot_new/passenger_wsgi.py", line 9, in <module>
    application = wsgi.application
                  ^^^^^^^^^^^^^^^^
AttributeError: module 'wsgi' has no attribute 'application'
[UID:1732][2085504] Child process with pid: 2087059 was killed by signal: 15, core dumped: no
Traceback (most recent call last):
  File "/home/techandc/movie_bot_new/passenger_wsgi.py", line 9, in <module>
    application = wsgi.application
                  ^^^^^^^^^^^^^^^^
AttributeError: module 'wsgi' has no attribute 'application'
[UID:1732][2085504] Child process with pid: 2087068 was killed by signal: 15, core dumped: no
Traceback (most recent call last):
  File "/home/techandc/movie_bot_new/passenger_wsgi.py", line 9, in <module>
    application = wsgi.application
                  ^^^^^^^^^^^^^^^^
AttributeError: module 'wsgi' has no attribute 'application'
[UID:1732][2085504] Child process with pid: 2087077 was killed by signal: 15, core dumped: no
Traceback (most recent call last):
  File "/home/techandc/movie_bot_new/passenger_wsgi.py", line 9, in <module>
    application = wsgi.application
                  ^^^^^^^^^^^^^^^^
AttributeError: module 'wsgi' has no attribute 'application'
[UID:1732][2085504] Child process with pid: 2087087 was killed by signal: 15, core dumped: no
Traceback (most recent call last):
  File "/home/techandc/movie_bot_new/passenger_wsgi.py", line 9, in <module>
    application = wsgi.application
                  ^^^^^^^^^^^^^^^^
AttributeError: module 'wsgi' has no attribute 'application'
[UID:1732][2085504] Child process with pid: 2087100 was killed by signal: 15, core dumped: no
Traceback (most recent call last):
  File "/home/techandc/movie_bot_new/passenger_wsgi.py", line 9, in <module>
    application = wsgi.application
                  ^^^^^^^^^^^^^^^^
AttributeError: module 'wsgi' has no attribute 'application'
[UID:1732][2085504] Child process with pid: 2087122 was killed by signal: 15, core dumped: no
Traceback (most recent call last):
  File "/home/techandc/movie_bot_new/passenger_wsgi.py", line 9, in <module>
    application = wsgi.application
                  ^^^^^^^^^^^^^^^^
AttributeError: module 'wsgi' has no attribute 'application'
[UID:1732][2085504] Child process with pid: 2087127 was killed by signal: 15, core dumped: no
Traceback (most recent call last):
  File "/home/techandc/movie_bot_new/passenger_wsgi.py", line 9, in <module>
    application = wsgi.application
                  ^^^^^^^^^^^^^^^^
AttributeError: module 'wsgi' has no attribute 'application'
[UID:1732][2085504] Child process with pid: 2087147 was killed by signal: 15, core dumped: no
Traceback (most recent call last):
  File "/home/techandc/movie_bot_new/passenger_wsgi.py", line 9, in <module>
    application = wsgi.application
                  ^^^^^^^^^^^^^^^^
AttributeError: module 'wsgi' has no attribute 'application'
[UID:1732][2085504] Child process with pid: 2087159 was killed by signal: 15, core dumped: no
Traceback (most recent call last):
  File "/home/techandc/movie_bot_new/passenger_wsgi.py", line 9, in <module>
    application = wsgi.application
                  ^^^^^^^^^^^^^^^^
AttributeError: module 'wsgi' has no attribute 'application'
[UID:1732][2085504] Child process with pid: 2087171 was killed by signal: 15, core dumped: no
Traceback (most recent call last):
  File "/home/techandc/movie_bot_new/passenger_wsgi.py", line 9, in <module>
    application = wsgi.application
                  ^^^^^^^^^^^^^^^^
AttributeError: module 'wsgi' has no attribute 'application'
[UID:1732][2085504] Child process with pid: 2087182 was killed by signal: 15, core dumped: no
Traceback (most recent call last):
  File "/home/techandc/movie_bot_new/passenger_wsgi.py", line 9, in <module>
    application = wsgi.application
                  ^^^^^^^^^^^^^^^^
AttributeError: module 'wsgi' has no attribute 'application'
[UID:1732][2085504] Child process with pid: 2087191 was killed by signal: 15, core dumped: no
Traceback (most recent call last):
  File "/home/techandc/movie_bot_new/passenger_wsgi.py", line 9, in <module>
    application = wsgi.application
                  ^^^^^^^^^^^^^^^^
AttributeError: module 'wsgi' has no attribute 'application'
[UID:1732][2085504] Child process with pid: 2087201 was killed by signal: 15, core dumped: no
Traceback (most recent call last):
  File "/home/techandc/movie_bot_new/passenger_wsgi.py", line 9, in <module>
    application = wsgi.application
                  ^^^^^^^^^^^^^^^^
AttributeError: module 'wsgi' has no attribute 'application'
[UID:1732][2085504] Child process with pid: 2087211 was killed by signal: 15, core dumped: no
Traceback (most recent call last):
  File "/home/techandc/movie_bot_new/passenger_wsgi.py", line 9, in <module>
    application = wsgi.application
                  ^^^^^^^^^^^^^^^^
AttributeError: module 'wsgi' has no attribute 'application'
[UID:1732][2085504] Child process with pid: 2087220 was killed by signal: 15, core dumped: no
Traceback (most recent call last):
  File "/home/techandc/movie_bot_new/passenger_wsgi.py", line 9, in <module>
    application = wsgi.application
                  ^^^^^^^^^^^^^^^^
AttributeError: module 'wsgi' has no attribute 'application'
[UID:1732][2085504] Child process with pid: 2087226 was killed by signal: 15, core dumped: no
Traceback (most recent call last):
  File "/home/techandc/movie_bot_new/passenger_wsgi.py", line 9, in <module>
    application = wsgi.application
                  ^^^^^^^^^^^^^^^^
AttributeError: module 'wsgi' has no attribute 'application'
[UID:1732][2085504] Child process with pid: 2087235 was killed by signal: 15, core dumped: no
Traceback (most recent call last):
  File "/home/techandc/movie_bot_new/passenger_wsgi.py", line 9, in <module>
    application = wsgi.application
                  ^^^^^^^^^^^^^^^^
AttributeError: module 'wsgi' has no attribute 'application'
[UID:1732][2085504] Child process with pid: 2087247 was killed by signal: 15, core dumped: no
Traceback (most recent call last):
  File "/home/techandc/movie_bot_new/passenger_wsgi.py", line 9, in <module>
    application = wsgi.application
                  ^^^^^^^^^^^^^^^^
AttributeError: module 'wsgi' has no attribute 'application'
[UID:1732][2085504] Child process with pid: 2087258 was killed by signal: 15, core dumped: no
Traceback (most recent call last):
  File "/home/techandc/movie_bot_new/passenger_wsgi.py", line 9, in <module>
    application = wsgi.application
                  ^^^^^^^^^^^^^^^^
AttributeError: module 'wsgi' has no attribute 'application'
[UID:1732][2085504] Child process with pid: 2087267 was killed by signal: 15, core dumped: no
Traceback (most recent call last):
  File "/home/techandc/movie_bot_new/passenger_wsgi.py", line 9, in <module>
    application = wsgi.application
                  ^^^^^^^^^^^^^^^^
AttributeError: module 'wsgi' has no attribute 'application'
[UID:1732][2085504] Child process with pid: 2087280 was killed by signal: 15, core dumped: no
Traceback (most recent call last):
  File "/home/techandc/movie_bot_new/passenger_wsgi.py", line 9, in <module>
    application = wsgi.application
                  ^^^^^^^^^^^^^^^^
AttributeError: module 'wsgi' has no attribute 'application'
[UID:1732][2085504] Child process with pid: 2087293 was killed by signal: 15, core dumped: no
Traceback (most recent call last):
  File "/home/techandc/movie_bot_new/passenger_wsgi.py", line 9, in <module>
    application = wsgi.application
                  ^^^^^^^^^^^^^^^^
AttributeError: module 'wsgi' has no attribute 'application'
[UID:1732][2085504] Child process with pid: 2087304 was killed by signal: 15, core dumped: no
Traceback (most recent call last):
  File "/home/techandc/movie_bot_new/passenger_wsgi.py", line 9, in <module>
    application = wsgi.application
                  ^^^^^^^^^^^^^^^^
AttributeError: module 'wsgi' has no attribute 'application'
[UID:1732][2085504] Child process with pid: 2087313 was killed by signal: 15, core dumped: no
Traceback (most recent call last):
  File "/home/techandc/movie_bot_new/passenger_wsgi.py", line 9, in <module>
    application = wsgi.application
                  ^^^^^^^^^^^^^^^^
AttributeError: module 'wsgi' has no attribute 'application'
[UID:1732][2085504] Child process with pid: 2087320 was killed by signal: 15, core dumped: no
Traceback (most recent call last):
  File "/home/techandc/movie_bot_new/passenger_wsgi.py", line 9, in <module>
    application = wsgi.application
                  ^^^^^^^^^^^^^^^^
AttributeError: module 'wsgi' has no attribute 'application'
[UID:1732][2085504] Child process with pid: 2087329 was killed by signal: 15, core dumped: no
Traceback (most recent call last):
  File "/home/techandc/movie_bot_new/passenger_wsgi.py", line 9, in <module>
    application = wsgi.application
                  ^^^^^^^^^^^^^^^^
AttributeError: module 'wsgi' has no attribute 'application'
[UID:1732][2085504] Child process with pid: 2087338 was killed by signal: 15, core dumped: no
Traceback (most recent call last):
  File "/home/techandc/movie_bot_new/passenger_wsgi.py", line 9, in <module>
    application = wsgi.application
                  ^^^^^^^^^^^^^^^^
AttributeError: module 'wsgi' has no attribute 'application'
[UID:1732][2085504] Child process with pid: 2087348 was killed by signal: 15, core dumped: no
Traceback (most recent call last):
  File "/home/techandc/movie_bot_new/passenger_wsgi.py", line 9, in <module>
    application = wsgi.application
                  ^^^^^^^^^^^^^^^^
AttributeError: module 'wsgi' has no attribute 'application'
[UID:1732][2085504] Child process with pid: 2087360 was killed by signal: 15, core dumped: no
Traceback (most recent call last):
  File "/home/techandc/movie_bot_new/passenger_wsgi.py", line 9, in <module>
    application = wsgi.application
                  ^^^^^^^^^^^^^^^^
AttributeError: module 'wsgi' has no attribute 'application'
[UID:1732][2085504] Child process with pid: 2087370 was killed by signal: 15, core dumped: no
Traceback (most recent call last):
  File "/home/techandc/movie_bot_new/passenger_wsgi.py", line 9, in <module>
    application = wsgi.application
                  ^^^^^^^^^^^^^^^^
AttributeError: module 'wsgi' has no attribute 'application'
[UID:1732][2085504] Child process with pid: 2087380 was killed by signal: 15, core dumped: no
Traceback (most recent call last):
  File "/home/techandc/movie_bot_new/passenger_wsgi.py", line 9, in <module>
    application = wsgi.application
                  ^^^^^^^^^^^^^^^^
AttributeError: module 'wsgi' has no attribute 'application'
[UID:1732][2085504] Child process with pid: 2087395 was killed by signal: 15, core dumped: no
Traceback (most recent call last):
  File "/home/techandc/movie_bot_new/passenger_wsgi.py", line 9, in <module>
    application = wsgi.application
                  ^^^^^^^^^^^^^^^^
AttributeError: module 'wsgi' has no attribute 'application'
[UID:1732][2085504] Child process with pid: 2087414 was killed by signal: 15, core dumped: no
Traceback (most recent call last):
  File "/home/techandc/movie_bot_new/passenger_wsgi.py", line 9, in <module>
    application = wsgi.application
                  ^^^^^^^^^^^^^^^^
AttributeError: module 'wsgi' has no attribute 'application'
[UID:1732][2085504] Child process with pid: 2087434 was killed by signal: 15, core dumped: no
Traceback (most recent call last):
  File "/home/techandc/movie_bot_new/passenger_wsgi.py", line 9, in <module>
    application = wsgi.application
                  ^^^^^^^^^^^^^^^^
AttributeError: module 'wsgi' has no attribute 'application'
[UID:1732][2085504] Child process with pid: 2087446 was killed by signal: 15, core dumped: no
Traceback (most recent call last):
  File "/home/techandc/movie_bot_new/passenger_wsgi.py", line 9, in <module>
    application = wsgi.application
                  ^^^^^^^^^^^^^^^^
AttributeError: module 'wsgi' has no attribute 'application'
[UID:1732][2085504] Child process with pid: 2087458 was killed by signal: 15, core dumped: no
Traceback (most recent call last):
  File "/home/techandc/movie_bot_new/passenger_wsgi.py", line 9, in <module>
    application = wsgi.application
                  ^^^^^^^^^^^^^^^^
AttributeError: module 'wsgi' has no attribute 'application'
[UID:1732][2085504] Child process with pid: 2087465 was killed by signal: 15, core dumped: no
Traceback (most recent call last):
  File "/home/techandc/movie_bot_new/passenger_wsgi.py", line 9, in <module>
    application = wsgi.application
                  ^^^^^^^^^^^^^^^^
AttributeError: module 'wsgi' has no attribute 'application'
[UID:1732][2085504] Child process with pid: 2087478 was killed by signal: 15, core dumped: no
Traceback (most recent call last):
  File "/home/techandc/movie_bot_new/passenger_wsgi.py", line 9, in <module>
    application = wsgi.application
                  ^^^^^^^^^^^^^^^^
AttributeError: module 'wsgi' has no attribute 'application'
[UID:1732][2085504] Child process with pid: 2087496 was killed by signal: 15, core dumped: no
Traceback (most recent call last):
  File "/home/techandc/movie_bot_new/passenger_wsgi.py", line 9, in <module>
    application = wsgi.application
                  ^^^^^^^^^^^^^^^^
AttributeError: module 'wsgi' has no attribute 'application'
[UID:1732][2085504] Child process with pid: 2087504 was killed by signal: 15, core dumped: no
Traceback (most recent call last):
  File "/home/techandc/movie_bot_new/passenger_wsgi.py", line 9, in <module>
    application = wsgi.application
                  ^^^^^^^^^^^^^^^^
AttributeError: module 'wsgi' has no attribute 'application'
[UID:1732][2085504] Child process with pid: 2087515 was killed by signal: 15, core dumped: no
Traceback (most recent call last):
  File "/home/techandc/movie_bot_new/passenger_wsgi.py", line 9, in <module>
    application = wsgi.application
                  ^^^^^^^^^^^^^^^^
AttributeError: module 'wsgi' has no attribute 'application'
[UID:1732][2085504] Child process with pid: 2087530 was killed by signal: 15, core dumped: no
Traceback (most recent call last):
  File "/home/techandc/movie_bot_new/passenger_wsgi.py", line 9, in <module>
    application = wsgi.application
                  ^^^^^^^^^^^^^^^^
AttributeError: module 'wsgi' has no attribute 'application'
[UID:1732][2085504] Child process with pid: 2087546 was killed by signal: 15, core dumped: no
Traceback (most recent call last):
  File "/home/techandc/movie_bot_new/passenger_wsgi.py", line 9, in <module>
    application = wsgi.application
                  ^^^^^^^^^^^^^^^^
AttributeError: module 'wsgi' has no attribute 'application'
[UID:1732][2085504] Child process with pid: 2087566 was killed by signal: 15, core dumped: no
Traceback (most recent call last):
  File "/home/techandc/movie_bot_new/passenger_wsgi.py", line 9, in <module>
    application = wsgi.application
                  ^^^^^^^^^^^^^^^^
AttributeError: module 'wsgi' has no attribute 'application'
[UID:1732][2085504] Child process with pid: 2087582 was killed by signal: 15, core dumped: no
Traceback (most recent call last):
  File "/home/techandc/movie_bot_new/passenger_wsgi.py", line 9, in <module>
    application = wsgi.application
                  ^^^^^^^^^^^^^^^^
AttributeError: module 'wsgi' has no attribute 'application'
[UID:1732][2085504] Child process with pid: 2087596 was killed by signal: 15, core dumped: no
Traceback (most recent call last):
  File "/home/techandc/movie_bot_new/passenger_wsgi.py", line 9, in <module>
    application = wsgi.application
                  ^^^^^^^^^^^^^^^^
AttributeError: module 'wsgi' has no attribute 'application'
[UID:1732][2085504] Child process with pid: 2087603 was killed by signal: 15, core dumped: no
Traceback (most recent call last):
  File "/home/techandc/movie_bot_new/passenger_wsgi.py", line 9, in <module>
    application = wsgi.application
                  ^^^^^^^^^^^^^^^^
AttributeError: module 'wsgi' has no attribute 'application'
[UID:1732][2085504] Child process with pid: 2087615 was killed by signal: 15, core dumped: no
Traceback (most recent call last):
  File "/home/techandc/movie_bot_new/passenger_wsgi.py", line 9, in <module>
    application = wsgi.application
                  ^^^^^^^^^^^^^^^^
AttributeError: module 'wsgi' has no attribute 'application'
[UID:1732][2085504] Child process with pid: 2087629 was killed by signal: 15, core dumped: no
Traceback (most recent call last):
  File "/home/techandc/movie_bot_new/passenger_wsgi.py", line 9, in <module>
    application = wsgi.application
                  ^^^^^^^^^^^^^^^^
AttributeError: module 'wsgi' has no attribute 'application'
[UID:1732][2085504] Child process with pid: 2087636 was killed by signal: 15, core dumped: no
Traceback (most recent call last):
  File "/home/techandc/movie_bot_new/passenger_wsgi.py", line 9, in <module>
    application = wsgi.application
                  ^^^^^^^^^^^^^^^^
AttributeError: module 'wsgi' has no attribute 'application'
[UID:1732][2085504] Child process with pid: 2087652 was killed by signal: 15, core dumped: no
Traceback (most recent call last):
  File "/home/techandc/movie_bot_new/passenger_wsgi.py", line 9, in <module>
    application = wsgi.application
                  ^^^^^^^^^^^^^^^^
AttributeError: module 'wsgi' has no attribute 'application'
[UID:1732][2085504] Child process with pid: 2087668 was killed by signal: 15, core dumped: no
Traceback (most recent call last):
  File "/home/techandc/movie_bot_new/passenger_wsgi.py", line 9, in <module>
    application = wsgi.application
                  ^^^^^^^^^^^^^^^^
AttributeError: module 'wsgi' has no attribute 'application'
[UID:1732][2085504] Child process with pid: 2087681 was killed by signal: 15, core dumped: no
Traceback (most recent call last):
  File "/home/techandc/movie_bot_new/passenger_wsgi.py", line 9, in <module>
    application = wsgi.application
                  ^^^^^^^^^^^^^^^^
AttributeError: module 'wsgi' has no attribute 'application'
[UID:1732][2085504] Child process with pid: 2087700 was killed by signal: 15, core dumped: no
Traceback (most recent call last):
  File "/home/techandc/movie_bot_new/passenger_wsgi.py", line 9, in <module>
    application = wsgi.application
                  ^^^^^^^^^^^^^^^^
AttributeError: module 'wsgi' has no attribute 'application'
[UID:1732][2085504] Child process with pid: 2087710 was killed by signal: 15, core dumped: no
Traceback (most recent call last):
  File "/home/techandc/movie_bot_new/passenger_wsgi.py", line 9, in <module>
    application = wsgi.application
                  ^^^^^^^^^^^^^^^^
AttributeError: module 'wsgi' has no attribute 'application'
[UID:1732][2085504] Child process with pid: 2087717 was killed by signal: 15, core dumped: no
Traceback (most recent call last):
  File "/home/techandc/movie_bot_new/passenger_wsgi.py", line 9, in <module>
    application = wsgi.application
                  ^^^^^^^^^^^^^^^^
AttributeError: module 'wsgi' has no attribute 'application'
[UID:1732][2085504] Child process with pid: 2087729 was killed by signal: 15, core dumped: no
Traceback (most recent call last):
  File "/home/techandc/movie_bot_new/passenger_wsgi.py", line 9, in <module>
    application = wsgi.application
                  ^^^^^^^^^^^^^^^^
AttributeError: module 'wsgi' has no attribute 'application'
[UID:1732][2085504] Child process with pid: 2087743 was killed by signal: 15, core dumped: no
Traceback (most recent call last):
  File "/home/techandc/movie_bot_new/passenger_wsgi.py", line 9, in <module>
    application = wsgi.application
                  ^^^^^^^^^^^^^^^^
AttributeError: module 'wsgi' has no attribute 'application'
[UID:1732][2085504] Child process with pid: 2087758 was killed by signal: 15, core dumped: no
Traceback (most recent call last):
  File "/home/techandc/movie_bot_new/passenger_wsgi.py", line 9, in <module>
    application = wsgi.application
                  ^^^^^^^^^^^^^^^^
AttributeError: module 'wsgi' has no attribute 'application'
[UID:1732][2085504] Child process with pid: 2087770 was killed by signal: 15, core dumped: no
Traceback (most recent call last):
  File "/home/techandc/movie_bot_new/passenger_wsgi.py", line 9, in <module>
    application = wsgi.application
                  ^^^^^^^^^^^^^^^^
AttributeError: module 'wsgi' has no attribute 'application'
[UID:1732][2085504] Child process with pid: 2087786 was killed by signal: 15, core dumped: no
Traceback (most recent call last):
  File "/home/techandc/movie_bot_new/passenger_wsgi.py", line 9, in <module>
    application = wsgi.application
                  ^^^^^^^^^^^^^^^^
AttributeError: module 'wsgi' has no attribute 'application'
[UID:1732][2085504] Child process with pid: 2087797 was killed by signal: 15, core dumped: no
Traceback (most recent call last):
  File "/home/techandc/movie_bot_new/passenger_wsgi.py", line 9, in <module>
    application = wsgi.application
                  ^^^^^^^^^^^^^^^^
AttributeError: module 'wsgi' has no attribute 'application'
[UID:1732][2085504] Child process with pid: 2087807 was killed by signal: 15, core dumped: no
Traceback (most recent call last):
  File "/home/techandc/movie_bot_new/passenger_wsgi.py", line 9, in <module>
    application = wsgi.application
                  ^^^^^^^^^^^^^^^^
AttributeError: module 'wsgi' has no attribute 'application'
[UID:1732][2085504] Child process with pid: 2087820 was killed by signal: 15, core dumped: no
Traceback (most recent call last):
  File "/home/techandc/movie_bot_new/passenger_wsgi.py", line 9, in <module>
    application = wsgi.application
                  ^^^^^^^^^^^^^^^^
AttributeError: module 'wsgi' has no attribute 'application'
[UID:1732][2085504] Child process with pid: 2087829 was killed by signal: 15, core dumped: no
Traceback (most recent call last):
  File "/home/techandc/movie_bot_new/passenger_wsgi.py", line 9, in <module>
    application = wsgi.application
                  ^^^^^^^^^^^^^^^^
AttributeError: module 'wsgi' has no attribute 'application'
[UID:1732][2085504] Child process with pid: 2087836 was killed by signal: 15, core dumped: no
Traceback (most recent call last):
  File "/home/techandc/movie_bot_new/passenger_wsgi.py", line 9, in <module>
    application = wsgi.application
                  ^^^^^^^^^^^^^^^^
AttributeError: module 'wsgi' has no attribute 'application'
[UID:1732][2085504] Child process with pid: 2087845 was killed by signal: 15, core dumped: no
Traceback (most recent call last):
  File "/home/techandc/movie_bot_new/passenger_wsgi.py", line 9, in <module>
    application = wsgi.application
                  ^^^^^^^^^^^^^^^^
AttributeError: module 'wsgi' has no attribute 'application'
[UID:1732][2085504] Child process with pid: 2087852 was killed by signal: 15, core dumped: no
Traceback (most recent call last):
  File "/home/techandc/movie_bot_new/passenger_wsgi.py", line 9, in <module>
    application = wsgi.application
                  ^^^^^^^^^^^^^^^^
AttributeError: module 'wsgi' has no attribute 'application'
[UID:1732][2085504] Child process with pid: 2087864 was killed by signal: 15, core dumped: no
Traceback (most recent call last):
  File "/home/techandc/movie_bot_new/passenger_wsgi.py", line 9, in <module>
    application = wsgi.application
                  ^^^^^^^^^^^^^^^^
AttributeError: module 'wsgi' has no attribute 'application'
[UID:1732][2085504] Child process with pid: 2087877 was killed by signal: 15, core dumped: no
Traceback (most recent call last):
  File "/home/techandc/movie_bot_new/passenger_wsgi.py", line 9, in <module>
    application = wsgi.application
                  ^^^^^^^^^^^^^^^^
AttributeError: module 'wsgi' has no attribute 'application'
[UID:1732][2085504] Child process with pid: 2087892 was killed by signal: 15, core dumped: no
Traceback (most recent call last):
  File "/home/techandc/movie_bot_new/passenger_wsgi.py", line 9, in <module>
    application = wsgi.application
                  ^^^^^^^^^^^^^^^^
AttributeError: module 'wsgi' has no attribute 'application'
[UID:1732][2085504] Child process with pid: 2087901 was killed by signal: 15, core dumped: no
Traceback (most recent call last):
  File "/home/techandc/movie_bot_new/passenger_wsgi.py", line 9, in <module>
    application = wsgi.application
                  ^^^^^^^^^^^^^^^^
AttributeError: module 'wsgi' has no attribute 'application'
[UID:1732][2085504] Child process with pid: 2087908 was killed by signal: 15, core dumped: no
Traceback (most recent call last):
  File "/home/techandc/movie_bot_new/passenger_wsgi.py", line 9, in <module>
    application = wsgi.application
                  ^^^^^^^^^^^^^^^^
AttributeError: module 'wsgi' has no attribute 'application'
[UID:1732][2085504] Child process with pid: 2087921 was killed by signal: 15, core dumped: no
Traceback (most recent call last):
  File "/home/techandc/movie_bot_new/passenger_wsgi.py", line 9, in <module>
    application = wsgi.application
                  ^^^^^^^^^^^^^^^^
AttributeError: module 'wsgi' has no attribute 'application'
[UID:1732][2085504] Child process with pid: 2087931 was killed by signal: 15, core dumped: no
Traceback (most recent call last):
  File "/home/techandc/movie_bot_new/passenger_wsgi.py", line 9, in <module>
    application = wsgi.application
                  ^^^^^^^^^^^^^^^^
AttributeError: module 'wsgi' has no attribute 'application'
[UID:1732][2085504] Child process with pid: 2087939 was killed by signal: 15, core dumped: no
Traceback (most recent call last):
  File "/home/techandc/movie_bot_new/passenger_wsgi.py", line 9, in <module>
    application = wsgi.application
                  ^^^^^^^^^^^^^^^^
AttributeError: module 'wsgi' has no attribute 'application'
[UID:1732][2085504] Child process with pid: 2087952 was killed by signal: 15, core dumped: no
Traceback (most recent call last):
  File "/home/techandc/movie_bot_new/passenger_wsgi.py", line 9, in <module>
    application = wsgi.application
                  ^^^^^^^^^^^^^^^^
AttributeError: module 'wsgi' has no attribute 'application'
[UID:1732][2085504] Child process with pid: 2087967 was killed by signal: 15, core dumped: no
Traceback (most recent call last):
  File "/home/techandc/movie_bot_new/passenger_wsgi.py", line 9, in <module>
    application = wsgi.application
                  ^^^^^^^^^^^^^^^^
AttributeError: module 'wsgi' has no attribute 'application'
[UID:1732][2085504] Child process with pid: 2087980 was killed by signal: 15, core dumped: no
Traceback (most recent call last):
  File "/home/techandc/movie_bot_new/passenger_wsgi.py", line 9, in <module>
    application = wsgi.application
                  ^^^^^^^^^^^^^^^^
AttributeError: module 'wsgi' has no attribute 'application'
[UID:1732][2085504] Child process with pid: 2087990 was killed by signal: 15, core dumped: no
Traceback (most recent call last):
  File "/home/techandc/movie_bot_new/passenger_wsgi.py", line 9, in <module>
    application = wsgi.application
                  ^^^^^^^^^^^^^^^^
AttributeError: module 'wsgi' has no attribute 'application'
[UID:1732][2085504] Child process with pid: 2087999 was killed by signal: 15, core dumped: no
Traceback (most recent call last):
  File "/home/techandc/movie_bot_new/passenger_wsgi.py", line 9, in <module>
    application = wsgi.application
                  ^^^^^^^^^^^^^^^^
AttributeError: module 'wsgi' has no attribute 'application'
[UID:1732][2085504] Child process with pid: 2088010 was killed by signal: 15, core dumped: no
Traceback (most recent call last):
  File "/home/techandc/movie_bot_new/passenger_wsgi.py", line 9, in <module>
    application = wsgi.application
                  ^^^^^^^^^^^^^^^^
AttributeError: module 'wsgi' has no attribute 'application'
[UID:1732][2085504] Child process with pid: 2088020 was killed by signal: 15, core dumped: no
Traceback (most recent call last):
  File "/home/techandc/movie_bot_new/passenger_wsgi.py", line 9, in <module>
    application = wsgi.application
                  ^^^^^^^^^^^^^^^^
AttributeError: module 'wsgi' has no attribute 'application'
[UID:1732][2085504] Child process with pid: 2088033 was killed by signal: 15, core dumped: no
Traceback (most recent call last):
  File "/home/techandc/movie_bot_new/passenger_wsgi.py", line 9, in <module>
    application = wsgi.application
                  ^^^^^^^^^^^^^^^^
AttributeError: module 'wsgi' has no attribute 'application'
[UID:1732][2085504] Child process with pid: 2088046 was killed by signal: 15, core dumped: no
Traceback (most recent call last):
  File "/home/techandc/movie_bot_new/passenger_wsgi.py", line 9, in <module>
    application = wsgi.application
                  ^^^^^^^^^^^^^^^^
AttributeError: module 'wsgi' has no attribute 'application'
[UID:1732][2085504] Child process with pid: 2088058 was killed by signal: 15, core dumped: no
Traceback (most recent call last):
  File "/home/techandc/movie_bot_new/passenger_wsgi.py", line 9, in <module>
    application = wsgi.application
                  ^^^^^^^^^^^^^^^^
AttributeError: module 'wsgi' has no attribute 'application'
[UID:1732][2085504] Child process with pid: 2088066 was killed by signal: 15, core dumped: no
Traceback (most recent call last):
  File "/home/techandc/movie_bot_new/passenger_wsgi.py", line 9, in <module>
    application = wsgi.application
                  ^^^^^^^^^^^^^^^^
AttributeError: module 'wsgi' has no attribute 'application'
[UID:1732][2085504] Child process with pid: 2088076 was killed by signal: 15, core dumped: no
Traceback (most recent call last):
  File "/home/techandc/movie_bot_new/passenger_wsgi.py", line 9, in <module>
    application = wsgi.application
                  ^^^^^^^^^^^^^^^^
AttributeError: module 'wsgi' has no attribute 'application'
[UID:1732][2085504] Child process with pid: 2088093 was killed by signal: 15, core dumped: no
Traceback (most recent call last):
  File "/home/techandc/movie_bot_new/passenger_wsgi.py", line 9, in <module>
    application = wsgi.application
                  ^^^^^^^^^^^^^^^^
AttributeError: module 'wsgi' has no attribute 'application'
[UID:1732][2085504] Child process with pid: 2088107 was killed by signal: 15, core dumped: no
Traceback (most recent call last):
  File "/home/techandc/movie_bot_new/passenger_wsgi.py", line 9, in <module>
    application = wsgi.application
                  ^^^^^^^^^^^^^^^^
AttributeError: module 'wsgi' has no attribute 'application'
[UID:1732][2085504] Child process with pid: 2088118 was killed by signal: 15, core dumped: no
Traceback (most recent call last):
  File "/home/techandc/movie_bot_new/passenger_wsgi.py", line 9, in <module>
    application = wsgi.application
                  ^^^^^^^^^^^^^^^^
AttributeError: module 'wsgi' has no attribute 'application'
[UID:1732][2085504] Child process with pid: 2088129 was killed by signal: 15, core dumped: no
Traceback (most recent call last):
  File "/home/techandc/movie_bot_new/passenger_wsgi.py", line 9, in <module>
    application = wsgi.application
                  ^^^^^^^^^^^^^^^^
AttributeError: module 'wsgi' has no attribute 'application'
[UID:1732][2085504] Child process with pid: 2088139 was killed by signal: 15, core dumped: no
Traceback (most recent call last):
  File "/home/techandc/movie_bot_new/passenger_wsgi.py", line 9, in <module>
    application = wsgi.application
                  ^^^^^^^^^^^^^^^^
AttributeError: module 'wsgi' has no attribute 'application'
[UID:1732][2085504] Child process with pid: 2088151 was killed by signal: 15, core dumped: no
Traceback (most recent call last):
  File "/home/techandc/movie_bot_new/passenger_wsgi.py", line 9, in <module>
    application = wsgi.application
                  ^^^^^^^^^^^^^^^^
AttributeError: module 'wsgi' has no attribute 'application'
[UID:1732][2085504] Child process with pid: 2088166 was killed by signal: 15, core dumped: no
Traceback (most recent call last):
  File "/home/techandc/movie_bot_new/passenger_wsgi.py", line 9, in <module>
    application = wsgi.application
                  ^^^^^^^^^^^^^^^^
AttributeError: module 'wsgi' has no attribute 'application'
[UID:1732][2085504] Child process with pid: 2088179 was killed by signal: 15, core dumped: no
Traceback (most recent call last):
  File "/home/techandc/movie_bot_new/passenger_wsgi.py", line 9, in <module>
    application = wsgi.application
                  ^^^^^^^^^^^^^^^^
AttributeError: module 'wsgi' has no attribute 'application'
[UID:1732][2085504] Child process with pid: 2088190 was killed by signal: 15, core dumped: no
Traceback (most recent call last):
  File "/home/techandc/movie_bot_new/passenger_wsgi.py", line 9, in <module>
    application = wsgi.application
                  ^^^^^^^^^^^^^^^^
AttributeError: module 'wsgi' has no attribute 'application'
[UID:1732][2085504] Child process with pid: 2088198 was killed by signal: 15, core dumped: no
Traceback (most recent call last):
  File "/home/techandc/movie_bot_new/passenger_wsgi.py", line 9, in <module>
    application = wsgi.application
                  ^^^^^^^^^^^^^^^^
AttributeError: module 'wsgi' has no attribute 'application'
[UID:1732][2085504] Child process with pid: 2088209 was killed by signal: 15, core dumped: no
Traceback (most recent call last):
  File "/home/techandc/movie_bot_new/passenger_wsgi.py", line 9, in <module>
    application = wsgi.application
                  ^^^^^^^^^^^^^^^^
AttributeError: module 'wsgi' has no attribute 'application'
[UID:1732][2085504] Child process with pid: 2088221 was killed by signal: 15, core dumped: no
Traceback (most recent call last):
  File "/home/techandc/movie_bot_new/passenger_wsgi.py", line 9, in <module>
    application = wsgi.application
                  ^^^^^^^^^^^^^^^^
AttributeError: module 'wsgi' has no attribute 'application'
[UID:1732][2085504] Child process with pid: 2088232 was killed by signal: 15, core dumped: no
Traceback (most recent call last):
  File "/home/techandc/movie_bot_new/passenger_wsgi.py", line 9, in <module>
    application = wsgi.application
                  ^^^^^^^^^^^^^^^^
AttributeError: module 'wsgi' has no attribute 'application'
[UID:1732][2085504] Child process with pid: 2088242 was killed by signal: 15, core dumped: no
Traceback (most recent call last):
  File "/home/techandc/movie_bot_new/passenger_wsgi.py", line 9, in <module>
    application = wsgi.application
                  ^^^^^^^^^^^^^^^^
AttributeError: module 'wsgi' has no attribute 'application'
[UID:1732][2085504] Child process with pid: 2088251 was killed by signal: 15, core dumped: no
Traceback (most recent call last):
  File "/home/techandc/movie_bot_new/passenger_wsgi.py", line 9, in <module>
    application = wsgi.application
                  ^^^^^^^^^^^^^^^^
AttributeError: module 'wsgi' has no attribute 'application'
[UID:1732][2085504] Child process with pid: 2088263 was killed by signal: 15, core dumped: no
Traceback (most recent call last):
  File "/home/techandc/movie_bot_new/passenger_wsgi.py", line 9, in <module>
    application = wsgi.application
                  ^^^^^^^^^^^^^^^^
AttributeError: module 'wsgi' has no attribute 'application'
[UID:1732][2085504] Child process with pid: 2088274 was killed by signal: 15, core dumped: no
Traceback (most recent call last):
  File "/home/techandc/movie_bot_new/passenger_wsgi.py", line 9, in <module>
    application = wsgi.application
                  ^^^^^^^^^^^^^^^^
AttributeError: module 'wsgi' has no attribute 'application'
[UID:1732][2085504] Child process with pid: 2088286 was killed by signal: 15, core dumped: no
Traceback (most recent call last):
  File "/home/techandc/movie_bot_new/passenger_wsgi.py", line 9, in <module>
    application = wsgi.application
                  ^^^^^^^^^^^^^^^^
AttributeError: module 'wsgi' has no attribute 'application'
[UID:1732][2085504] Child process with pid: 2088295 was killed by signal: 15, core dumped: no
Traceback (most recent call last):
  File "/home/techandc/movie_bot_new/passenger_wsgi.py", line 9, in <module>
    application = wsgi.application
                  ^^^^^^^^^^^^^^^^
AttributeError: module 'wsgi' has no attribute 'application'
[UID:1732][2085504] Child process with pid: 2088308 was killed by signal: 15, core dumped: no
Traceback (most recent call last):
  File "/home/techandc/movie_bot_new/passenger_wsgi.py", line 9, in <module>
    application = wsgi.application
                  ^^^^^^^^^^^^^^^^
AttributeError: module 'wsgi' has no attribute 'application'
[UID:1732][2085504] Child process with pid: 2088324 was killed by signal: 15, core dumped: no
Traceback (most recent call last):
  File "/home/techandc/movie_bot_new/passenger_wsgi.py", line 9, in <module>
    application = wsgi.application
                  ^^^^^^^^^^^^^^^^
AttributeError: module 'wsgi' has no attribute 'application'
[UID:1732][2085504] Child process with pid: 2088334 was killed by signal: 15, core dumped: no
Traceback (most recent call last):
  File "/home/techandc/movie_bot_new/passenger_wsgi.py", line 9, in <module>
    application = wsgi.application
                  ^^^^^^^^^^^^^^^^
AttributeError: module 'wsgi' has no attribute 'application'
[UID:1732][2085504] Child process with pid: 2088348 was killed by signal: 15, core dumped: no
Traceback (most recent call last):
  File "/home/techandc/movie_bot_new/passenger_wsgi.py", line 9, in <module>
    application = wsgi.application
                  ^^^^^^^^^^^^^^^^
AttributeError: module 'wsgi' has no attribute 'application'
[UID:1732][2085504] Child process with pid: 2088364 was killed by signal: 15, core dumped: no
Traceback (most recent call last):
  File "/home/techandc/movie_bot_new/passenger_wsgi.py", line 9, in <module>
    application = wsgi.application
                  ^^^^^^^^^^^^^^^^
AttributeError: module 'wsgi' has no attribute 'application'
[UID:1732][2085504] Child process with pid: 2088374 was killed by signal: 15, core dumped: no
Traceback (most recent call last):
  File "/home/techandc/movie_bot_new/passenger_wsgi.py", line 9, in <module>
    application = wsgi.application
                  ^^^^^^^^^^^^^^^^
AttributeError: module 'wsgi' has no attribute 'application'
[UID:1732][2085504] Child process with pid: 2088384 was killed by signal: 15, core dumped: no
Traceback (most recent call last):
  File "/home/techandc/movie_bot_new/passenger_wsgi.py", line 9, in <module>
    application = wsgi.application
                  ^^^^^^^^^^^^^^^^
AttributeError: module 'wsgi' has no attribute 'application'
[UID:1732][2085504] Child process with pid: 2088405 was killed by signal: 15, core dumped: no
Traceback (most recent call last):
  File "/home/techandc/movie_bot_new/passenger_wsgi.py", line 9, in <module>
    application = wsgi.application
                  ^^^^^^^^^^^^^^^^
AttributeError: module 'wsgi' has no attribute 'application'
[UID:1732][2085504] Child process with pid: 2088420 was killed by signal: 15, core dumped: no
Traceback (most recent call last):
  File "/home/techandc/movie_bot_new/passenger_wsgi.py", line 9, in <module>
    application = wsgi.application
                  ^^^^^^^^^^^^^^^^
AttributeError: module 'wsgi' has no attribute 'application'
[UID:1732][2085504] Child process with pid: 2088432 was killed by signal: 15, core dumped: no
Traceback (most recent call last):
  File "/home/techandc/movie_bot_new/passenger_wsgi.py", line 9, in <module>
    application = wsgi.application
                  ^^^^^^^^^^^^^^^^
AttributeError: module 'wsgi' has no attribute 'application'
[UID:1732][2085504] Child process with pid: 2088442 was killed by signal: 15, core dumped: no
Traceback (most recent call last):
  File "/home/techandc/movie_bot_new/passenger_wsgi.py", line 9, in <module>
    application = wsgi.application
                  ^^^^^^^^^^^^^^^^
AttributeError: module 'wsgi' has no attribute 'application'
[UID:1732][2085504] Child process with pid: 2088457 was killed by signal: 15, core dumped: no
Traceback (most recent call last):
  File "/home/techandc/movie_bot_new/passenger_wsgi.py", line 9, in <module>
    application = wsgi.application
                  ^^^^^^^^^^^^^^^^
AttributeError: module 'wsgi' has no attribute 'application'
[UID:1732][2085504] Child process with pid: 2088470 was killed by signal: 15, core dumped: no
Traceback (most recent call last):
  File "/home/techandc/movie_bot_new/passenger_wsgi.py", line 9, in <module>
    application = wsgi.application
                  ^^^^^^^^^^^^^^^^
AttributeError: module 'wsgi' has no attribute 'application'
[UID:1732][2085504] Child process with pid: 2088482 was killed by signal: 15, core dumped: no
Traceback (most recent call last):
  File "/home/techandc/movie_bot_new/passenger_wsgi.py", line 9, in <module>
    application = wsgi.application
                  ^^^^^^^^^^^^^^^^
AttributeError: module 'wsgi' has no attribute 'application'
[UID:1732][2085504] Child process with pid: 2088503 was killed by signal: 15, core dumped: no
Traceback (most recent call last):
  File "/home/techandc/movie_bot_new/passenger_wsgi.py", line 9, in <module>
    application = wsgi.application
                  ^^^^^^^^^^^^^^^^
AttributeError: module 'wsgi' has no attribute 'application'
[UID:1732][2085504] Child process with pid: 2088522 was killed by signal: 15, core dumped: no
Traceback (most recent call last):
  File "/home/techandc/movie_bot_new/passenger_wsgi.py", line 9, in <module>
    application = wsgi.application
                  ^^^^^^^^^^^^^^^^
AttributeError: module 'wsgi' has no attribute 'application'
[UID:1732][2085504] Child process with pid: 2088542 was killed by signal: 15, core dumped: no
Traceback (most recent call last):
  File "/home/techandc/movie_bot_new/passenger_wsgi.py", line 9, in <module>
    application = wsgi.application
                  ^^^^^^^^^^^^^^^^
AttributeError: module 'wsgi' has no attribute 'application'
[UID:1732][2085504] Child process with pid: 2088553 was killed by signal: 15, core dumped: no
Traceback (most recent call last):
  File "/home/techandc/movie_bot_new/passenger_wsgi.py", line 9, in <module>
    application = wsgi.application
                  ^^^^^^^^^^^^^^^^
AttributeError: module 'wsgi' has no attribute 'application'
[UID:1732][2085504] Child process with pid: 2088567 was killed by signal: 15, core dumped: no
Traceback (most recent call last):
  File "/home/techandc/movie_bot_new/passenger_wsgi.py", line 9, in <module>
    application = wsgi.application
                  ^^^^^^^^^^^^^^^^
AttributeError: module 'wsgi' has no attribute 'application'
[UID:1732][2085504] Child process with pid: 2088575 was killed by signal: 15, core dumped: no
Traceback (most recent call last):
  File "/home/techandc/movie_bot_new/passenger_wsgi.py", line 9, in <module>
    application = wsgi.application
                  ^^^^^^^^^^^^^^^^
AttributeError: module 'wsgi' has no attribute 'application'
[UID:1732][2085504] Child process with pid: 2088587 was killed by signal: 15, core dumped: no
Traceback (most recent call last):
  File "/home/techandc/movie_bot_new/passenger_wsgi.py", line 9, in <module>
    application = wsgi.application
                  ^^^^^^^^^^^^^^^^
AttributeError: module 'wsgi' has no attribute 'application'
[UID:1732][2085504] Child process with pid: 2088604 was killed by signal: 15, core dumped: no
Traceback (most recent call last):
  File "/home/techandc/movie_bot_new/passenger_wsgi.py", line 9, in <module>
    application = wsgi.application
                  ^^^^^^^^^^^^^^^^
AttributeError: module 'wsgi' has no attribute 'application'
[UID:1732][2085504] Child process with pid: 2088616 was killed by signal: 15, core dumped: no
Traceback (most recent call last):
  File "/home/techandc/movie_bot_new/passenger_wsgi.py", line 9, in <module>
    application = wsgi.application
                  ^^^^^^^^^^^^^^^^
AttributeError: module 'wsgi' has no attribute 'application'
[UID:1732][2085504] Child process with pid: 2088630 was killed by signal: 15, core dumped: no
Traceback (most recent call last):
  File "/home/techandc/movie_bot_new/passenger_wsgi.py", line 9, in <module>
    application = wsgi.application
                  ^^^^^^^^^^^^^^^^
AttributeError: module 'wsgi' has no attribute 'application'
[UID:1732][2085504] Child process with pid: 2088645 was killed by signal: 15, core dumped: no
Traceback (most recent call last):
  File "/home/techandc/movie_bot_new/passenger_wsgi.py", line 9, in <module>
    application = wsgi.application
                  ^^^^^^^^^^^^^^^^
AttributeError: module 'wsgi' has no attribute 'application'
[UID:1732][2085504] Child process with pid: 2088660 was killed by signal: 15, core dumped: no
Traceback (most recent call last):
  File "/home/techandc/movie_bot_new/passenger_wsgi.py", line 9, in <module>
    application = wsgi.application
                  ^^^^^^^^^^^^^^^^
AttributeError: module 'wsgi' has no attribute 'application'
[UID:1732][2085504] Child process with pid: 2088672 was killed by signal: 15, core dumped: no
Traceback (most recent call last):
  File "/home/techandc/movie_bot_new/passenger_wsgi.py", line 9, in <module>
    application = wsgi.application
                  ^^^^^^^^^^^^^^^^
AttributeError: module 'wsgi' has no attribute 'application'
[UID:1732][2085504] Child process with pid: 2088685 was killed by signal: 15, core dumped: no
Traceback (most recent call last):
  File "/home/techandc/movie_bot_new/passenger_wsgi.py", line 9, in <module>
    application = wsgi.application
                  ^^^^^^^^^^^^^^^^
AttributeError: module 'wsgi' has no attribute 'application'
[UID:1732][2085504] Child process with pid: 2088702 was killed by signal: 15, core dumped: no
Traceback (most recent call last):
  File "/home/techandc/movie_bot_new/passenger_wsgi.py", line 9, in <module>
    application = wsgi.application
                  ^^^^^^^^^^^^^^^^
AttributeError: module 'wsgi' has no attribute 'application'
[UID:1732][2085504] Child process with pid: 2088710 was killed by signal: 15, core dumped: no
Traceback (most recent call last):
  File "/home/techandc/movie_bot_new/passenger_wsgi.py", line 9, in <module>
    application = wsgi.application
                  ^^^^^^^^^^^^^^^^
AttributeError: module 'wsgi' has no attribute 'application'
[UID:1732][2085504] Child process with pid: 2088726 was killed by signal: 15, core dumped: no
Traceback (most recent call last):
  File "/home/techandc/movie_bot_new/passenger_wsgi.py", line 9, in <module>
    application = wsgi.application
                  ^^^^^^^^^^^^^^^^
AttributeError: module 'wsgi' has no attribute 'application'
[UID:1732][2085504] Child process with pid: 2088738 was killed by signal: 15, core dumped: no
Traceback (most recent call last):
  File "/home/techandc/movie_bot_new/passenger_wsgi.py", line 9, in <module>
    application = wsgi.application
                  ^^^^^^^^^^^^^^^^
AttributeError: module 'wsgi' has no attribute 'application'
[UID:1732][2085504] Child process with pid: 2088751 was killed by signal: 15, core dumped: no
Traceback (most recent call last):
  File "/home/techandc/movie_bot_new/passenger_wsgi.py", line 9, in <module>
    application = wsgi.application
                  ^^^^^^^^^^^^^^^^
AttributeError: module 'wsgi' has no attribute 'application'
[UID:1732][2085504] Child process with pid: 2088766 was killed by signal: 15, core dumped: no
Traceback (most recent call last):
  File "/home/techandc/movie_bot_new/passenger_wsgi.py", line 9, in <module>
    application = wsgi.application
                  ^^^^^^^^^^^^^^^^
AttributeError: module 'wsgi' has no attribute 'application'
[UID:1732][2085504] Child process with pid: 2088781 was killed by signal: 15, core dumped: no
Traceback (most recent call last):
  File "/home/techandc/movie_bot_new/passenger_wsgi.py", line 9, in <module>
    application = wsgi.application
                  ^^^^^^^^^^^^^^^^
AttributeError: module 'wsgi' has no attribute 'application'
[UID:1732][2085504] Child process with pid: 2088795 was killed by signal: 15, core dumped: no
Traceback (most recent call last):
  File "/home/techandc/movie_bot_new/passenger_wsgi.py", line 9, in <module>
    application = wsgi.application
                  ^^^^^^^^^^^^^^^^
AttributeError: module 'wsgi' has no attribute 'application'
[UID:1732][2085504] Child process with pid: 2088805 was killed by signal: 15, core dumped: no
Traceback (most recent call last):
  File "/home/techandc/movie_bot_new/passenger_wsgi.py", line 9, in <module>
    application = wsgi.application
                  ^^^^^^^^^^^^^^^^
AttributeError: module 'wsgi' has no attribute 'application'
[UID:1732][2085504] Child process with pid: 2088822 was killed by signal: 15, core dumped: no
Traceback (most recent call last):
  File "/home/techandc/movie_bot_new/passenger_wsgi.py", line 9, in <module>
    application = wsgi.application
                  ^^^^^^^^^^^^^^^^
AttributeError: module 'wsgi' has no attribute 'application'
[UID:1732][2085504] Child process with pid: 2088836 was killed by signal: 15, core dumped: no
Traceback (most recent call last):
  File "/home/techandc/movie_bot_new/passenger_wsgi.py", line 9, in <module>
    application = wsgi.application
                  ^^^^^^^^^^^^^^^^
AttributeError: module 'wsgi' has no attribute 'application'
[UID:1732][2085504] Child process with pid: 2088846 was killed by signal: 15, core dumped: no
Traceback (most recent call last):
  File "/home/techandc/movie_bot_new/passenger_wsgi.py", line 9, in <module>
    application = wsgi.application
                  ^^^^^^^^^^^^^^^^
AttributeError: module 'wsgi' has no attribute 'application'
[UID:1732][2085504] Child process with pid: 2088858 was killed by signal: 15, core dumped: no
Traceback (most recent call last):
  File "/home/techandc/movie_bot_new/passenger_wsgi.py", line 9, in <module>
    application = wsgi.application
                  ^^^^^^^^^^^^^^^^
AttributeError: module 'wsgi' has no attribute 'application'
[UID:1732][2085504] Child process with pid: 2088868 was killed by signal: 15, core dumped: no
Traceback (most recent call last):
  File "/home/techandc/movie_bot_new/passenger_wsgi.py", line 9, in <module>
    application = wsgi.application
                  ^^^^^^^^^^^^^^^^
AttributeError: module 'wsgi' has no attribute 'application'
[UID:1732][2085504] Child process with pid: 2088882 was killed by signal: 15, core dumped: no
Traceback (most recent call last):
  File "/home/techandc/movie_bot_new/passenger_wsgi.py", line 9, in <module>
    application = wsgi.application
                  ^^^^^^^^^^^^^^^^
AttributeError: module 'wsgi' has no attribute 'application'
[UID:1732][2085504] Child process with pid: 2088894 was killed by signal: 15, core dumped: no
Traceback (most recent call last):
  File "/home/techandc/movie_bot_new/passenger_wsgi.py", line 9, in <module>
    application = wsgi.application
                  ^^^^^^^^^^^^^^^^
AttributeError: module 'wsgi' has no attribute 'application'
[UID:1732][2085504] Child process with pid: 2088905 was killed by signal: 15, core dumped: no
Traceback (most recent call last):
  File "/home/techandc/movie_bot_new/passenger_wsgi.py", line 9, in <module>
    application = wsgi.application
                  ^^^^^^^^^^^^^^^^
AttributeError: module 'wsgi' has no attribute 'application'
[UID:1732][2085504] Child process with pid: 2088916 was killed by signal: 15, core dumped: no
Traceback (most recent call last):
  File "/home/techandc/movie_bot_new/passenger_wsgi.py", line 9, in <module>
    application = wsgi.application
                  ^^^^^^^^^^^^^^^^
AttributeError: module 'wsgi' has no attribute 'application'
[UID:1732][2085504] Child process with pid: 2088930 was killed by signal: 15, core dumped: no
Traceback (most recent call last):
  File "/home/techandc/movie_bot_new/passenger_wsgi.py", line 9, in <module>
    application = wsgi.application
                  ^^^^^^^^^^^^^^^^
AttributeError: module 'wsgi' has no attribute 'application'
[UID:1732][2085504] Child process with pid: 2088950 was killed by signal: 15, core dumped: no
Traceback (most recent call last):
  File "/home/techandc/movie_bot_new/passenger_wsgi.py", line 9, in <module>
    application = wsgi.application
                  ^^^^^^^^^^^^^^^^
AttributeError: module 'wsgi' has no attribute 'application'
[UID:1732][2085504] Child process with pid: 2088967 was killed by signal: 15, core dumped: no
Traceback (most recent call last):
  File "/home/techandc/movie_bot_new/passenger_wsgi.py", line 9, in <module>
    application = wsgi.application
                  ^^^^^^^^^^^^^^^^
AttributeError: module 'wsgi' has no attribute 'application'
[UID:1732][2085504] Child process with pid: 2088979 was killed by signal: 15, core dumped: no
Traceback (most recent call last):
  File "/home/techandc/movie_bot_new/passenger_wsgi.py", line 9, in <module>
    application = wsgi.application
                  ^^^^^^^^^^^^^^^^
AttributeError: module 'wsgi' has no attribute 'application'
[UID:1732][2085504] Child process with pid: 2088998 was killed by signal: 15, core dumped: no
Traceback (most recent call last):
  File "/home/techandc/movie_bot_new/passenger_wsgi.py", line 9, in <module>
    application = wsgi.application
                  ^^^^^^^^^^^^^^^^
AttributeError: module 'wsgi' has no attribute 'application'
[UID:1732][2085504] Child process with pid: 2089017 was killed by signal: 15, core dumped: no
Traceback (most recent call last):
  File "/home/techandc/movie_bot_new/passenger_wsgi.py", line 9, in <module>
    application = wsgi.application
                  ^^^^^^^^^^^^^^^^
AttributeError: module 'wsgi' has no attribute 'application'
[UID:1732][2085504] Child process with pid: 2089040 was killed by signal: 15, core dumped: no
Traceback (most recent call last):
  File "/home/techandc/movie_bot_new/passenger_wsgi.py", line 9, in <module>
    application = wsgi.application
                  ^^^^^^^^^^^^^^^^
AttributeError: module 'wsgi' has no attribute 'application'
[UID:1732][2085504] Child process with pid: 2089052 was killed by signal: 15, core dumped: no
Traceback (most recent call last):
  File "/home/techandc/movie_bot_new/passenger_wsgi.py", line 9, in <module>
    application = wsgi.application
                  ^^^^^^^^^^^^^^^^
AttributeError: module 'wsgi' has no attribute 'application'
[UID:1732][2085504] Child process with pid: 2089067 was killed by signal: 15, core dumped: no
Traceback (most recent call last):
  File "/home/techandc/movie_bot_new/passenger_wsgi.py", line 9, in <module>
    application = wsgi.application
                  ^^^^^^^^^^^^^^^^
AttributeError: module 'wsgi' has no attribute 'application'
[UID:1732][2085504] Child process with pid: 2089089 was killed by signal: 15, core dumped: no
Traceback (most recent call last):
  File "/home/techandc/movie_bot_new/passenger_wsgi.py", line 9, in <module>
    application = wsgi.application
                  ^^^^^^^^^^^^^^^^
AttributeError: module 'wsgi' has no attribute 'application'
[UID:1732][2085504] Child process with pid: 2089104 was killed by signal: 15, core dumped: no
Traceback (most recent call last):
  File "/home/techandc/movie_bot_new/passenger_wsgi.py", line 9, in <module>
    application = wsgi.application
                  ^^^^^^^^^^^^^^^^
AttributeError: module 'wsgi' has no attribute 'application'
[UID:1732][2085504] Child process with pid: 2089121 was killed by signal: 15, core dumped: no
Traceback (most recent call last):
  File "/home/techandc/movie_bot_new/passenger_wsgi.py", line 9, in <module>
    application = wsgi.application
                  ^^^^^^^^^^^^^^^^
AttributeError: module 'wsgi' has no attribute 'application'
[UID:1732][2085504] Child process with pid: 2089142 was killed by signal: 15, core dumped: no
Traceback (most recent call last):
  File "/home/techandc/movie_bot_new/passenger_wsgi.py", line 9, in <module>
    application = wsgi.application
                  ^^^^^^^^^^^^^^^^
AttributeError: module 'wsgi' has no attribute 'application'
[UID:1732][2085504] Child process with pid: 2089150 was killed by signal: 15, core dumped: no
Traceback (most recent call last):
  File "/home/techandc/movie_bot_new/passenger_wsgi.py", line 9, in <module>
    application = wsgi.application
                  ^^^^^^^^^^^^^^^^
AttributeError: module 'wsgi' has no attribute 'application'
[UID:1732][2085504] Child process with pid: 2089161 was killed by signal: 15, core dumped: no
Traceback (most recent call last):
  File "/home/techandc/movie_bot_new/passenger_wsgi.py", line 9, in <module>
    application = wsgi.application
                  ^^^^^^^^^^^^^^^^
AttributeError: module 'wsgi' has no attribute 'application'
[UID:1732][2085504] Child process with pid: 2089171 was killed by signal: 15, core dumped: no
Traceback (most recent call last):
  File "/home/techandc/movie_bot_new/passenger_wsgi.py", line 9, in <module>
    application = wsgi.application
                  ^^^^^^^^^^^^^^^^
AttributeError: module 'wsgi' has no attribute 'application'
[UID:1732][2085504] Child process with pid: 2089187 was killed by signal: 15, core dumped: no
Traceback (most recent call last):
  File "/home/techandc/movie_bot_new/passenger_wsgi.py", line 9, in <module>
    application = wsgi.application
                  ^^^^^^^^^^^^^^^^
AttributeError: module 'wsgi' has no attribute 'application'
[UID:1732][2085504] Child process with pid: 2089194 was killed by signal: 15, core dumped: no
Traceback (most recent call last):
  File "/home/techandc/movie_bot_new/passenger_wsgi.py", line 9, in <module>
    application = wsgi.application
                  ^^^^^^^^^^^^^^^^
AttributeError: module 'wsgi' has no attribute 'application'
[UID:1732][2085504] Child process with pid: 2089211 was killed by signal: 15, core dumped: no
Traceback (most recent call last):
  File "/home/techandc/movie_bot_new/passenger_wsgi.py", line 9, in <module>
    application = wsgi.application
                  ^^^^^^^^^^^^^^^^
AttributeError: module 'wsgi' has no attribute 'application'
[UID:1732][2085504] Child process with pid: 2089223 was killed by signal: 15, core dumped: no
Traceback (most recent call last):
  File "/home/techandc/movie_bot_new/passenger_wsgi.py", line 9, in <module>
    application = wsgi.application
                  ^^^^^^^^^^^^^^^^
AttributeError: module 'wsgi' has no attribute 'application'
[UID:1732][2085504] Child process with pid: 2089237 was killed by signal: 15, core dumped: no
Traceback (most recent call last):
  File "/home/techandc/movie_bot_new/passenger_wsgi.py", line 9, in <module>
    application = wsgi.application
                  ^^^^^^^^^^^^^^^^
AttributeError: module 'wsgi' has no attribute 'application'
[UID:1732][2085504] Child process with pid: 2089257 was killed by signal: 15, core dumped: no
Traceback (most recent call last):
  File "/home/techandc/movie_bot_new/passenger_wsgi.py", line 9, in <module>
    application = wsgi.application
                  ^^^^^^^^^^^^^^^^
AttributeError: module 'wsgi' has no attribute 'application'
[UID:1732][2085504] Child process with pid: 2089272 was killed by signal: 15, core dumped: no
Traceback (most recent call last):
  File "/home/techandc/movie_bot_new/passenger_wsgi.py", line 9, in <module>
    application = wsgi.application
                  ^^^^^^^^^^^^^^^^
AttributeError: module 'wsgi' has no attribute 'application'
[UID:1732][2085504] Child process with pid: 2089282 was killed by signal: 15, core dumped: no
Traceback (most recent call last):
  File "/home/techandc/movie_bot_new/passenger_wsgi.py", line 9, in <module>
    application = wsgi.application
                  ^^^^^^^^^^^^^^^^
AttributeError: module 'wsgi' has no attribute 'application'
[UID:1732][2085504] Child process with pid: 2089294 was killed by signal: 15, core dumped: no
Traceback (most recent call last):
  File "/home/techandc/movie_bot_new/passenger_wsgi.py", line 9, in <module>
    application = wsgi.application
                  ^^^^^^^^^^^^^^^^
AttributeError: module 'wsgi' has no attribute 'application'
[UID:1732][2085504] Child process with pid: 2089303 was killed by signal: 15, core dumped: no
Traceback (most recent call last):
  File "/home/techandc/movie_bot_new/passenger_wsgi.py", line 9, in <module>
    application = wsgi.application
                  ^^^^^^^^^^^^^^^^
AttributeError: module 'wsgi' has no attribute 'application'
[UID:1732][2085504] Child process with pid: 2089319 was killed by signal: 15, core dumped: no
Traceback (most recent call last):
  File "/home/techandc/movie_bot_new/passenger_wsgi.py", line 9, in <module>
    application = wsgi.application
                  ^^^^^^^^^^^^^^^^
AttributeError: module 'wsgi' has no attribute 'application'
[UID:1732][2085504] Child process with pid: 2089330 was killed by signal: 15, core dumped: no
Traceback (most recent call last):
  File "/home/techandc/movie_bot_new/passenger_wsgi.py", line 9, in <module>
    application = wsgi.application
                  ^^^^^^^^^^^^^^^^
AttributeError: module 'wsgi' has no attribute 'application'
[UID:1732][2085504] Child process with pid: 2089344 was killed by signal: 15, core dumped: no
Traceback (most recent call last):
  File "/home/techandc/movie_bot_new/passenger_wsgi.py", line 9, in <module>
    application = wsgi.application
                  ^^^^^^^^^^^^^^^^
AttributeError: module 'wsgi' has no attribute 'application'
[UID:1732][2085504] Child process with pid: 2089368 was killed by signal: 15, core dumped: no
Traceback (most recent call last):
  File "/home/techandc/movie_bot_new/passenger_wsgi.py", line 9, in <module>
    application = wsgi.application
                  ^^^^^^^^^^^^^^^^
AttributeError: module 'wsgi' has no attribute 'application'
[UID:1732][2085504] Child process with pid: 2089380 was killed by signal: 15, core dumped: no
Traceback (most recent call last):
  File "/home/techandc/movie_bot_new/passenger_wsgi.py", line 9, in <module>
    application = wsgi.application
                  ^^^^^^^^^^^^^^^^
AttributeError: module 'wsgi' has no attribute 'application'
[UID:1732][2085504] Child process with pid: 2089406 was killed by signal: 15, core dumped: no
Traceback (most recent call last):
  File "/home/techandc/movie_bot_new/passenger_wsgi.py", line 9, in <module>
    application = wsgi.application
                  ^^^^^^^^^^^^^^^^
AttributeError: module 'wsgi' has no attribute 'application'
[UID:1732][2085504] Child process with pid: 2089414 was killed by signal: 15, core dumped: no
Traceback (most recent call last):
  File "/home/techandc/movie_bot_new/passenger_wsgi.py", line 9, in <module>
    application = wsgi.application
                  ^^^^^^^^^^^^^^^^
AttributeError: module 'wsgi' has no attribute 'application'
[UID:1732][2085504] Child process with pid: 2089425 was killed by signal: 15, core dumped: no
Traceback (most recent call last):
  File "/home/techandc/movie_bot_new/passenger_wsgi.py", line 9, in <module>
    application = wsgi.application
                  ^^^^^^^^^^^^^^^^
AttributeError: module 'wsgi' has no attribute 'application'
[UID:1732][2085504] Child process with pid: 2089440 was killed by signal: 15, core dumped: no
Traceback (most recent call last):
  File "/home/techandc/movie_bot_new/passenger_wsgi.py", line 9, in <module>
    application = wsgi.application
                  ^^^^^^^^^^^^^^^^
AttributeError: module 'wsgi' has no attribute 'application'
[UID:1732][2085504] Child process with pid: 2089447 was killed by signal: 15, core dumped: no
Traceback (most recent call last):
  File "/home/techandc/movie_bot_new/passenger_wsgi.py", line 9, in <module>
    application = wsgi.application
                  ^^^^^^^^^^^^^^^^
AttributeError: module 'wsgi' has no attribute 'application'
[UID:1732][2085504] Child process with pid: 2089459 was killed by signal: 15, core dumped: no
Traceback (most recent call last):
  File "/home/techandc/movie_bot_new/passenger_wsgi.py", line 9, in <module>
    application = wsgi.application
                  ^^^^^^^^^^^^^^^^
AttributeError: module 'wsgi' has no attribute 'application'
[UID:1732][2085504] Child process with pid: 2089566 was killed by signal: 15, core dumped: no
Traceback (most recent call last):
  File "/home/techandc/movie_bot_new/passenger_wsgi.py", line 9, in <module>
    application = wsgi.application
                  ^^^^^^^^^^^^^^^^
AttributeError: module 'wsgi' has no attribute 'application'
[UID:1732][2085504] Child process with pid: 2089629 was killed by signal: 15, core dumped: no
Traceback (most recent call last):
  File "/home/techandc/movie_bot_new/passenger_wsgi.py", line 9, in <module>
    application = wsgi.application
                  ^^^^^^^^^^^^^^^^
AttributeError: module 'wsgi' has no attribute 'application'
[UID:1732][2085504] Child process with pid: 2089677 was killed by signal: 15, core dumped: no
Traceback (most recent call last):
  File "/home/techandc/movie_bot_new/passenger_wsgi.py", line 9, in <module>
    application = wsgi.application
                  ^^^^^^^^^^^^^^^^
AttributeError: module 'wsgi' has no attribute 'application'
[UID:1732][2085504] Child process with pid: 2089745 was killed by signal: 15, core dumped: no
Traceback (most recent call last):
  File "/home/techandc/movie_bot_new/passenger_wsgi.py", line 9, in <module>
    application = wsgi.application
                  ^^^^^^^^^^^^^^^^
AttributeError: module 'wsgi' has no attribute 'application'
[UID:1732][2085504] Child process with pid: 2089775 was killed by signal: 15, core dumped: no
Traceback (most recent call last):
  File "/home/techandc/movie_bot_new/passenger_wsgi.py", line 9, in <module>
    application = wsgi.application
                  ^^^^^^^^^^^^^^^^
AttributeError: module 'wsgi' has no attribute 'application'
[UID:1732][2085504] Child process with pid: 2089798 was killed by signal: 15, core dumped: no
Traceback (most recent call last):
  File "/home/techandc/movie_bot_new/passenger_wsgi.py", line 9, in <module>
    application = wsgi.application
                  ^^^^^^^^^^^^^^^^
AttributeError: module 'wsgi' has no attribute 'application'
[UID:1732][2085504] Child process with pid: 2089829 was killed by signal: 15, core dumped: no
Traceback (most recent call last):
  File "/home/techandc/movie_bot_new/passenger_wsgi.py", line 9, in <module>
    application = wsgi.application
                  ^^^^^^^^^^^^^^^^
AttributeError: module 'wsgi' has no attribute 'application'
[UID:1732][2085504] Child process with pid: 2089849 was killed by signal: 15, core dumped: no
Traceback (most recent call last):
  File "/home/techandc/movie_bot_new/passenger_wsgi.py", line 9, in <module>
    application = wsgi.application
                  ^^^^^^^^^^^^^^^^
AttributeError: module 'wsgi' has no attribute 'application'
[UID:1732][2085504] Child process with pid: 2089880 was killed by signal: 15, core dumped: no
Traceback (most recent call last):
  File "/home/techandc/movie_bot_new/passenger_wsgi.py", line 9, in <module>
    application = wsgi.application
                  ^^^^^^^^^^^^^^^^
AttributeError: module 'wsgi' has no attribute 'application'
[UID:1732][2085504] Child process with pid: 2089900 was killed by signal: 15, core dumped: no
Traceback (most recent call last):
  File "/home/techandc/movie_bot_new/passenger_wsgi.py", line 9, in <module>
    application = wsgi.application
                  ^^^^^^^^^^^^^^^^
AttributeError: module 'wsgi' has no attribute 'application'
[UID:1732][2085504] Child process with pid: 2089915 was killed by signal: 15, core dumped: no
Traceback (most recent call last):
  File "/home/techandc/movie_bot_new/passenger_wsgi.py", line 9, in <module>
    application = wsgi.application
                  ^^^^^^^^^^^^^^^^
AttributeError: module 'wsgi' has no attribute 'application'
[UID:1732][2085504] Child process with pid: 2089945 was killed by signal: 15, core dumped: no
Traceback (most recent call last):
  File "/home/techandc/movie_bot_new/passenger_wsgi.py", line 9, in <module>
    application = wsgi.application
                  ^^^^^^^^^^^^^^^^
AttributeError: module 'wsgi' has no attribute 'application'
[UID:1732][2085504] Child process with pid: 2089968 was killed by signal: 15, core dumped: no
Traceback (most recent call last):
  File "/home/techandc/movie_bot_new/passenger_wsgi.py", line 9, in <module>
    application = wsgi.application
                  ^^^^^^^^^^^^^^^^
AttributeError: module 'wsgi' has no attribute 'application'
[UID:1732][2085504] Child process with pid: 2089990 was killed by signal: 15, core dumped: no
Traceback (most recent call last):
  File "/home/techandc/movie_bot_new/passenger_wsgi.py", line 9, in <module>
    application = wsgi.application
                  ^^^^^^^^^^^^^^^^
AttributeError: module 'wsgi' has no attribute 'application'
[UID:1732][2085504] Child process with pid: 2090007 was killed by signal: 15, core dumped: no
Traceback (most recent call last):
  File "/home/techandc/movie_bot_new/passenger_wsgi.py", line 9, in <module>
    application = wsgi.application
                  ^^^^^^^^^^^^^^^^
AttributeError: module 'wsgi' has no attribute 'application'
[UID:1732][2085504] Child process with pid: 2090023 was killed by signal: 15, core dumped: no
Traceback (most recent call last):
  File "/home/techandc/movie_bot_new/passenger_wsgi.py", line 9, in <module>
    application = wsgi.application
                  ^^^^^^^^^^^^^^^^
AttributeError: module 'wsgi' has no attribute 'application'
[UID:1732][2085504] Child process with pid: 2090046 was killed by signal: 15, core dumped: no
Traceback (most recent call last):
  File "/home/techandc/movie_bot_new/passenger_wsgi.py", line 9, in <module>
    application = wsgi.application
                  ^^^^^^^^^^^^^^^^
AttributeError: module 'wsgi' has no attribute 'application'
[UID:1732][2085504] Child process with pid: 2090056 was killed by signal: 15, core dumped: no
Traceback (most recent call last):
  File "/home/techandc/movie_bot_new/passenger_wsgi.py", line 9, in <module>
    application = wsgi.application
                  ^^^^^^^^^^^^^^^^
AttributeError: module 'wsgi' has no attribute 'application'
[UID:1732][2085504] Child process with pid: 2090078 was killed by signal: 15, core dumped: no
Traceback (most recent call last):
  File "/home/techandc/movie_bot_new/passenger_wsgi.py", line 9, in <module>
    application = wsgi.application
                  ^^^^^^^^^^^^^^^^
AttributeError: module 'wsgi' has no attribute 'application'
[UID:1732][2085504] Child process with pid: 2090091 was killed by signal: 15, core dumped: no
Traceback (most recent call last):
  File "/home/techandc/movie_bot_new/passenger_wsgi.py", line 9, in <module>
    application = wsgi.application
                  ^^^^^^^^^^^^^^^^
AttributeError: module 'wsgi' has no attribute 'application'
[UID:1732][2085504] Child process with pid: 2090108 was killed by signal: 15, core dumped: no
Traceback (most recent call last):
  File "/home/techandc/movie_bot_new/passenger_wsgi.py", line 9, in <module>
    application = wsgi.application
                  ^^^^^^^^^^^^^^^^
AttributeError: module 'wsgi' has no attribute 'application'
[UID:1732][2085504] Child process with pid: 2090120 was killed by signal: 15, core dumped: no
Traceback (most recent call last):
  File "/home/techandc/movie_bot_new/passenger_wsgi.py", line 9, in <module>
    application = wsgi.application
                  ^^^^^^^^^^^^^^^^
AttributeError: module 'wsgi' has no attribute 'application'
[UID:1732][2085504] Child process with pid: 2090140 was killed by signal: 15, core dumped: no
Traceback (most recent call last):
  File "/home/techandc/movie_bot_new/passenger_wsgi.py", line 9, in <module>
    application = wsgi.application
                  ^^^^^^^^^^^^^^^^
AttributeError: module 'wsgi' has no attribute 'application'
[UID:1732][2085504] Child process with pid: 2090159 was killed by signal: 15, core dumped: no
Traceback (most recent call last):
  File "/home/techandc/movie_bot_new/passenger_wsgi.py", line 9, in <module>
    application = wsgi.application
                  ^^^^^^^^^^^^^^^^
AttributeError: module 'wsgi' has no attribute 'application'
[UID:1732][2085504] Child process with pid: 2090173 was killed by signal: 15, core dumped: no
Traceback (most recent call last):
  File "/home/techandc/movie_bot_new/passenger_wsgi.py", line 9, in <module>
    application = wsgi.application
                  ^^^^^^^^^^^^^^^^
AttributeError: module 'wsgi' has no attribute 'application'
[UID:1732][2085504] Child process with pid: 2090197 was killed by signal: 15, core dumped: no
Traceback (most recent call last):
  File "/home/techandc/movie_bot_new/passenger_wsgi.py", line 9, in <module>
    application = wsgi.application
                  ^^^^^^^^^^^^^^^^
AttributeError: module 'wsgi' has no attribute 'application'
[UID:1732][2085504] Child process with pid: 2090215 was killed by signal: 15, core dumped: no
Traceback (most recent call last):
  File "/home/techandc/movie_bot_new/passenger_wsgi.py", line 9, in <module>
    application = wsgi.application
                  ^^^^^^^^^^^^^^^^
AttributeError: module 'wsgi' has no attribute 'application'
[UID:1732][2085504] Child process with pid: 2090220 was killed by signal: 15, core dumped: no
Traceback (most recent call last):
  File "/home/techandc/movie_bot_new/passenger_wsgi.py", line 9, in <module>
    application = wsgi.application
                  ^^^^^^^^^^^^^^^^
AttributeError: module 'wsgi' has no attribute 'application'
[UID:1732][2085504] Child process with pid: 2090237 was killed by signal: 15, core dumped: no
Traceback (most recent call last):
  File "/home/techandc/movie_bot_new/passenger_wsgi.py", line 9, in <module>
    application = wsgi.application
                  ^^^^^^^^^^^^^^^^
AttributeError: module 'wsgi' has no attribute 'application'
[UID:1732][2085504] Child process with pid: 2090251 was killed by signal: 15, core dumped: no
Traceback (most recent call last):
  File "/home/techandc/movie_bot_new/passenger_wsgi.py", line 9, in <module>
    application = wsgi.application
                  ^^^^^^^^^^^^^^^^
AttributeError: module 'wsgi' has no attribute 'application'
[UID:1732][2085504] Child process with pid: 2090261 was killed by signal: 15, core dumped: no
Traceback (most recent call last):
  File "/home/techandc/movie_bot_new/passenger_wsgi.py", line 9, in <module>
    application = wsgi.application
                  ^^^^^^^^^^^^^^^^
AttributeError: module 'wsgi' has no attribute 'application'
[UID:1732][2085504] Child process with pid: 2090276 was killed by signal: 15, core dumped: no
Traceback (most recent call last):
  File "/home/techandc/movie_bot_new/passenger_wsgi.py", line 9, in <module>
    application = wsgi.application
                  ^^^^^^^^^^^^^^^^
AttributeError: module 'wsgi' has no attribute 'application'
[UID:1732][2085504] Child process with pid: 2090290 was killed by signal: 15, core dumped: no
Traceback (most recent call last):
  File "/home/techandc/movie_bot_new/passenger_wsgi.py", line 9, in <module>
    application = wsgi.application
                  ^^^^^^^^^^^^^^^^
AttributeError: module 'wsgi' has no attribute 'application'
[UID:1732][2085504] Child process with pid: 2090306 was killed by signal: 15, core dumped: no
Traceback (most recent call last):
  File "/home/techandc/movie_bot_new/passenger_wsgi.py", line 9, in <module>
    application = wsgi.application
                  ^^^^^^^^^^^^^^^^
AttributeError: module 'wsgi' has no attribute 'application'
[UID:1732][2085504] Child process with pid: 2090322 was killed by signal: 15, core dumped: no
Traceback (most recent call last):
  File "/home/techandc/movie_bot_new/passenger_wsgi.py", line 9, in <module>
    application = wsgi.application
                  ^^^^^^^^^^^^^^^^
AttributeError: module 'wsgi' has no attribute 'application'
[UID:1732][2085504] Child process with pid: 2090333 was killed by signal: 15, core dumped: no
Traceback (most recent call last):
  File "/home/techandc/movie_bot_new/passenger_wsgi.py", line 9, in <module>
    application = wsgi.application
                  ^^^^^^^^^^^^^^^^
AttributeError: module 'wsgi' has no attribute 'application'
[UID:1732][2085504] Child process with pid: 2090343 was killed by signal: 15, core dumped: no
Traceback (most recent call last):
  File "/home/techandc/movie_bot_new/passenger_wsgi.py", line 9, in <module>
    application = wsgi.application
                  ^^^^^^^^^^^^^^^^
AttributeError: module 'wsgi' has no attribute 'application'
[UID:1732][2085504] Child process with pid: 2090353 was killed by signal: 15, core dumped: no
Traceback (most recent call last):
  File "/home/techandc/movie_bot_new/passenger_wsgi.py", line 9, in <module>
    application = wsgi.application
                  ^^^^^^^^^^^^^^^^
AttributeError: module 'wsgi' has no attribute 'application'
[UID:1732][2085504] Child process with pid: 2090370 was killed by signal: 15, core dumped: no
Traceback (most recent call last):
  File "/home/techandc/movie_bot_new/passenger_wsgi.py", line 9, in <module>
    application = wsgi.application
                  ^^^^^^^^^^^^^^^^
AttributeError: module 'wsgi' has no attribute 'application'
[UID:1732][2085504] Child process with pid: 2090385 was killed by signal: 15, core dumped: no
Traceback (most recent call last):
  File "/home/techandc/movie_bot_new/passenger_wsgi.py", line 9, in <module>
    application = wsgi.application
                  ^^^^^^^^^^^^^^^^
AttributeError: module 'wsgi' has no attribute 'application'
[UID:1732][2085504] Child process with pid: 2090403 was killed by signal: 15, core dumped: no
Traceback (most recent call last):
  File "/home/techandc/movie_bot_new/passenger_wsgi.py", line 9, in <module>
    application = wsgi.application
                  ^^^^^^^^^^^^^^^^
AttributeError: module 'wsgi' has no attribute 'application'
[UID:1732][2085504] Child process with pid: 2090420 was killed by signal: 15, core dumped: no
Traceback (most recent call last):
  File "/home/techandc/movie_bot_new/passenger_wsgi.py", line 9, in <module>
    application = wsgi.application
                  ^^^^^^^^^^^^^^^^
AttributeError: module 'wsgi' has no attribute 'application'
[UID:1732][2085504] Child process with pid: 2090429 was killed by signal: 15, core dumped: no
Traceback (most recent call last):
  File "/home/techandc/movie_bot_new/passenger_wsgi.py", line 9, in <module>
    application = wsgi.application
                  ^^^^^^^^^^^^^^^^
AttributeError: module 'wsgi' has no attribute 'application'
[UID:1732][2085504] Child process with pid: 2090442 was killed by signal: 15, core dumped: no
Traceback (most recent call last):
  File "/home/techandc/movie_bot_new/passenger_wsgi.py", line 9, in <module>
    application = wsgi.application
                  ^^^^^^^^^^^^^^^^
AttributeError: module 'wsgi' has no attribute 'application'
[UID:1732][2085504] Child process with pid: 2090456 was killed by signal: 15, core dumped: no
Traceback (most recent call last):
  File "/home/techandc/movie_bot_new/passenger_wsgi.py", line 9, in <module>
    application = wsgi.application
                  ^^^^^^^^^^^^^^^^
AttributeError: module 'wsgi' has no attribute 'application'
[UID:1732][2085504] Child process with pid: 2090475 was killed by signal: 15, core dumped: no
Traceback (most recent call last):
  File "/home/techandc/movie_bot_new/passenger_wsgi.py", line 9, in <module>
    application = wsgi.application
                  ^^^^^^^^^^^^^^^^
AttributeError: module 'wsgi' has no attribute 'application'
[UID:1732][2085504] Child process with pid: 2090491 was killed by signal: 15, core dumped: no
Traceback (most recent call last):
  File "/home/techandc/movie_bot_new/passenger_wsgi.py", line 9, in <module>
    application = wsgi.application
                  ^^^^^^^^^^^^^^^^
AttributeError: module 'wsgi' has no attribute 'application'
[UID:1732][2085504] Child process with pid: 2090503 was killed by signal: 15, core dumped: no
Traceback (most recent call last):
  File "/home/techandc/movie_bot_new/passenger_wsgi.py", line 9, in <module>
    application = wsgi.application
                  ^^^^^^^^^^^^^^^^
AttributeError: module 'wsgi' has no attribute 'application'
[UID:1732][2085504] Child process with pid: 2090520 was killed by signal: 15, core dumped: no
Traceback (most recent call last):
  File "/home/techandc/movie_bot_new/passenger_wsgi.py", line 9, in <module>
    application = wsgi.application
                  ^^^^^^^^^^^^^^^^
AttributeError: module 'wsgi' has no attribute 'application'
[UID:1732][2085504] Child process with pid: 2090529 was killed by signal: 15, core dumped: no
Traceback (most recent call last):
  File "/home/techandc/movie_bot_new/passenger_wsgi.py", line 9, in <module>
    application = wsgi.application
                  ^^^^^^^^^^^^^^^^
AttributeError: module 'wsgi' has no attribute 'application'
[UID:1732][2085504] Child process with pid: 2090545 was killed by signal: 15, core dumped: no
Traceback (most recent call last):
  File "/home/techandc/movie_bot_new/passenger_wsgi.py", line 9, in <module>
    application = wsgi.application
                  ^^^^^^^^^^^^^^^^
AttributeError: module 'wsgi' has no attribute 'application'
[UID:1732][2085504] Child process with pid: 2090554 was killed by signal: 15, core dumped: no
Traceback (most recent call last):
  File "/home/techandc/movie_bot_new/passenger_wsgi.py", line 9, in <module>
    application = wsgi.application
                  ^^^^^^^^^^^^^^^^
AttributeError: module 'wsgi' has no attribute 'application'
[UID:1732][2085504] Child process with pid: 2090566 was killed by signal: 15, core dumped: no
Traceback (most recent call last):
  File "/home/techandc/movie_bot_new/passenger_wsgi.py", line 9, in <module>
    application = wsgi.application
                  ^^^^^^^^^^^^^^^^
AttributeError: module 'wsgi' has no attribute 'application'
[UID:1732][2085504] Child process with pid: 2090577 was killed by signal: 15, core dumped: no
Traceback (most recent call last):
  File "/home/techandc/movie_bot_new/passenger_wsgi.py", line 9, in <module>
    application = wsgi.application
                  ^^^^^^^^^^^^^^^^
AttributeError: module 'wsgi' has no attribute 'application'
[UID:1732][2085504] Child process with pid: 2090603 was killed by signal: 15, core dumped: no
Traceback (most recent call last):
  File "/home/techandc/movie_bot_new/passenger_wsgi.py", line 9, in <module>
    application = wsgi.application
                  ^^^^^^^^^^^^^^^^
AttributeError: module 'wsgi' has no attribute 'application'
[UID:1732][2085504] Child process with pid: 2090630 was killed by signal: 15, core dumped: no
Traceback (most recent call last):
  File "/home/techandc/movie_bot_new/passenger_wsgi.py", line 9, in <module>
    application = wsgi.application
                  ^^^^^^^^^^^^^^^^
AttributeError: module 'wsgi' has no attribute 'application'
[UID:1732][2085504] Child process with pid: 2090653 was killed by signal: 15, core dumped: no
Traceback (most recent call last):
  File "/home/techandc/movie_bot_new/passenger_wsgi.py", line 9, in <module>
    application = wsgi.application
                  ^^^^^^^^^^^^^^^^
AttributeError: module 'wsgi' has no attribute 'application'
[UID:1732][2085504] Child process with pid: 2090674 was killed by signal: 15, core dumped: no
Traceback (most recent call last):
  File "/home/techandc/movie_bot_new/passenger_wsgi.py", line 9, in <module>
    application = wsgi.application
                  ^^^^^^^^^^^^^^^^
AttributeError: module 'wsgi' has no attribute 'application'
[UID:1732][2085504] Child process with pid: 2090686 was killed by signal: 15, core dumped: no
Traceback (most recent call last):
  File "/home/techandc/movie_bot_new/passenger_wsgi.py", line 9, in <module>
    application = wsgi.application
                  ^^^^^^^^^^^^^^^^
AttributeError: module 'wsgi' has no attribute 'application'
[UID:1732][2085504] Child process with pid: 2090698 was killed by signal: 15, core dumped: no
Traceback (most recent call last):
  File "/home/techandc/movie_bot_new/passenger_wsgi.py", line 9, in <module>
    application = wsgi.application
                  ^^^^^^^^^^^^^^^^
AttributeError: module 'wsgi' has no attribute 'application'
[UID:1732][2085504] Child process with pid: 2090716 was killed by signal: 15, core dumped: no
Traceback (most recent call last):
  File "/home/techandc/movie_bot_new/passenger_wsgi.py", line 9, in <module>
    application = wsgi.application
                  ^^^^^^^^^^^^^^^^
AttributeError: module 'wsgi' has no attribute 'application'
[UID:1732][2085504] Child process with pid: 2090724 was killed by signal: 15, core dumped: no
Traceback (most recent call last):
  File "/home/techandc/movie_bot_new/passenger_wsgi.py", line 9, in <module>
    application = wsgi.application
                  ^^^^^^^^^^^^^^^^
AttributeError: module 'wsgi' has no attribute 'application'
[UID:1732][2085504] Child process with pid: 2090736 was killed by signal: 15, core dumped: no
Traceback (most recent call last):
  File "/home/techandc/movie_bot_new/passenger_wsgi.py", line 9, in <module>
    application = wsgi.application
                  ^^^^^^^^^^^^^^^^
AttributeError: module 'wsgi' has no attribute 'application'
[UID:1732][2085504] Child process with pid: 2090748 was killed by signal: 15, core dumped: no
Traceback (most recent call last):
  File "/home/techandc/movie_bot_new/passenger_wsgi.py", line 9, in <module>
    application = wsgi.application
                  ^^^^^^^^^^^^^^^^
AttributeError: module 'wsgi' has no attribute 'application'
[UID:1732][2085504] Child process with pid: 2090771 was killed by signal: 15, core dumped: no
Traceback (most recent call last):
  File "/home/techandc/movie_bot_new/passenger_wsgi.py", line 9, in <module>
    application = wsgi.application
                  ^^^^^^^^^^^^^^^^
AttributeError: module 'wsgi' has no attribute 'application'
[UID:1732][2085504] Child process with pid: 2090782 was killed by signal: 15, core dumped: no
Traceback (most recent call last):
  File "/home/techandc/movie_bot_new/passenger_wsgi.py", line 9, in <module>
    application = wsgi.application
                  ^^^^^^^^^^^^^^^^
AttributeError: module 'wsgi' has no attribute 'application'
[UID:1732][2085504] Child process with pid: 2090803 was killed by signal: 15, core dumped: no
Traceback (most recent call last):
  File "/home/techandc/movie_bot_new/passenger_wsgi.py", line 9, in <module>
    application = wsgi.application
                  ^^^^^^^^^^^^^^^^
AttributeError: module 'wsgi' has no attribute 'application'
[UID:1732][2085504] Child process with pid: 2090813 was killed by signal: 15, core dumped: no
Traceback (most recent call last):
  File "/home/techandc/movie_bot_new/passenger_wsgi.py", line 9, in <module>
    application = wsgi.application
                  ^^^^^^^^^^^^^^^^
AttributeError: module 'wsgi' has no attribute 'application'
[UID:1732][2085504] Child process with pid: 2090825 was killed by signal: 15, core dumped: no
Traceback (most recent call last):
  File "/home/techandc/movie_bot_new/passenger_wsgi.py", line 9, in <module>
    application = wsgi.application
                  ^^^^^^^^^^^^^^^^
AttributeError: module 'wsgi' has no attribute 'application'
[UID:1732][2085504] Child process with pid: 2090836 was killed by signal: 15, core dumped: no
Traceback (most recent call last):
  File "/home/techandc/movie_bot_new/passenger_wsgi.py", line 9, in <module>
    application = wsgi.application
                  ^^^^^^^^^^^^^^^^
AttributeError: module 'wsgi' has no attribute 'application'
[UID:1732][2085504] Child process with pid: 2090857 was killed by signal: 15, core dumped: no
Traceback (most recent call last):
  File "/home/techandc/movie_bot_new/passenger_wsgi.py", line 9, in <module>
    application = wsgi.application
                  ^^^^^^^^^^^^^^^^
AttributeError: module 'wsgi' has no attribute 'application'
[UID:1732][2085504] Child process with pid: 2090864 was killed by signal: 15, core dumped: no
Traceback (most recent call last):
  File "/home/techandc/movie_bot_new/passenger_wsgi.py", line 9, in <module>
    application = wsgi.application
                  ^^^^^^^^^^^^^^^^
AttributeError: module 'wsgi' has no attribute 'application'
[UID:1732][2085504] Child process with pid: 2090882 was killed by signal: 15, core dumped: no
Traceback (most recent call last):
  File "/home/techandc/movie_bot_new/passenger_wsgi.py", line 9, in <module>
    application = wsgi.application
                  ^^^^^^^^^^^^^^^^
AttributeError: module 'wsgi' has no attribute 'application'
[UID:1732][2085504] Child process with pid: 2090900 was killed by signal: 15, core dumped: no
Traceback (most recent call last):
  File "/home/techandc/movie_bot_new/passenger_wsgi.py", line 9, in <module>
    application = wsgi.application
                  ^^^^^^^^^^^^^^^^
AttributeError: module 'wsgi' has no attribute 'application'
[UID:1732][2085504] Child process with pid: 2090911 was killed by signal: 15, core dumped: no
Traceback (most recent call last):
  File "/home/techandc/movie_bot_new/passenger_wsgi.py", line 9, in <module>
    application = wsgi.application
                  ^^^^^^^^^^^^^^^^
AttributeError: module 'wsgi' has no attribute 'application'
[UID:1732][2085504] Child process with pid: 2090929 was killed by signal: 15, core dumped: no
Traceback (most recent call last):
  File "/home/techandc/movie_bot_new/passenger_wsgi.py", line 9, in <module>
    application = wsgi.application
                  ^^^^^^^^^^^^^^^^
AttributeError: module 'wsgi' has no attribute 'application'
[UID:1732][2085504] Child process with pid: 2090936 was killed by signal: 15, core dumped: no
Traceback (most recent call last):
  File "/home/techandc/movie_bot_new/passenger_wsgi.py", line 9, in <module>
    application = wsgi.application
                  ^^^^^^^^^^^^^^^^
AttributeError: module 'wsgi' has no attribute 'application'
[UID:1732][2085504] Child process with pid: 2090946 was killed by signal: 15, core dumped: no
Traceback (most recent call last):
  File "/home/techandc/movie_bot_new/passenger_wsgi.py", line 9, in <module>
    application = wsgi.application
                  ^^^^^^^^^^^^^^^^
AttributeError: module 'wsgi' has no attribute 'application'
[UID:1732][2085504] Child process with pid: 2090966 was killed by signal: 15, core dumped: no
Traceback (most recent call last):
  File "/home/techandc/movie_bot_new/passenger_wsgi.py", line 9, in <module>
    application = wsgi.application
                  ^^^^^^^^^^^^^^^^
AttributeError: module 'wsgi' has no attribute 'application'
[UID:1732][2085504] Child process with pid: 2090978 was killed by signal: 15, core dumped: no
Traceback (most recent call last):
  File "/home/techandc/movie_bot_new/passenger_wsgi.py", line 9, in <module>
    application = wsgi.application
                  ^^^^^^^^^^^^^^^^
AttributeError: module 'wsgi' has no attribute 'application'
[UID:1732][2085504] Child process with pid: 2090996 was killed by signal: 15, core dumped: no
Traceback (most recent call last):
  File "/home/techandc/movie_bot_new/passenger_wsgi.py", line 9, in <module>
    application = wsgi.application
                  ^^^^^^^^^^^^^^^^
AttributeError: module 'wsgi' has no attribute 'application'
[UID:1732][2085504] Child process with pid: 2091012 was killed by signal: 15, core dumped: no
Traceback (most recent call last):
  File "/home/techandc/movie_bot_new/passenger_wsgi.py", line 9, in <module>
    application = wsgi.application
                  ^^^^^^^^^^^^^^^^
AttributeError: module 'wsgi' has no attribute 'application'
[UID:1732][2085504] Child process with pid: 2091028 was killed by signal: 15, core dumped: no
Traceback (most recent call last):
  File "/home/techandc/movie_bot_new/passenger_wsgi.py", line 9, in <module>
    application = wsgi.application
                  ^^^^^^^^^^^^^^^^
AttributeError: module 'wsgi' has no attribute 'application'
[UID:1732][2085504] Child process with pid: 2091039 was killed by signal: 15, core dumped: no
Traceback (most recent call last):
  File "/home/techandc/movie_bot_new/passenger_wsgi.py", line 9, in <module>
    application = wsgi.application
                  ^^^^^^^^^^^^^^^^
AttributeError: module 'wsgi' has no attribute 'application'
[UID:1732][2085504] Child process with pid: 2091055 was killed by signal: 15, core dumped: no
Traceback (most recent call last):
  File "/home/techandc/movie_bot_new/passenger_wsgi.py", line 9, in <module>
    application = wsgi.application
                  ^^^^^^^^^^^^^^^^
AttributeError: module 'wsgi' has no attribute 'application'
[UID:1732][2085504] Child process with pid: 2091072 was killed by signal: 15, core dumped: no
Traceback (most recent call last):
  File "/home/techandc/movie_bot_new/passenger_wsgi.py", line 9, in <module>
    application = wsgi.application
                  ^^^^^^^^^^^^^^^^
AttributeError: module 'wsgi' has no attribute 'application'
[UID:1732][2085504] Child process with pid: 2091082 was killed by signal: 15, core dumped: no
Traceback (most recent call last):
  File "/home/techandc/movie_bot_new/passenger_wsgi.py", line 9, in <module>
    application = wsgi.application
                  ^^^^^^^^^^^^^^^^
AttributeError: module 'wsgi' has no attribute 'application'
[UID:1732][2085504] Child process with pid: 2091096 was killed by signal: 15, core dumped: no
Traceback (most recent call last):
  File "/home/techandc/movie_bot_new/passenger_wsgi.py", line 9, in <module>
    application = wsgi.application
                  ^^^^^^^^^^^^^^^^
AttributeError: module 'wsgi' has no attribute 'application'
[UID:1732][2085504] Child process with pid: 2091108 was killed by signal: 15, core dumped: no
Traceback (most recent call last):
  File "/home/techandc/movie_bot_new/passenger_wsgi.py", line 9, in <module>
    application = wsgi.application
                  ^^^^^^^^^^^^^^^^
AttributeError: module 'wsgi' has no attribute 'application'
[UID:1732][2085504] Child process with pid: 2091127 was killed by signal: 15, core dumped: no
Traceback (most recent call last):
  File "/home/techandc/movie_bot_new/passenger_wsgi.py", line 9, in <module>
    application = wsgi.application
                  ^^^^^^^^^^^^^^^^
AttributeError: module 'wsgi' has no attribute 'application'
[UID:1732][2085504] Child process with pid: 2091140 was killed by signal: 15, core dumped: no
Traceback (most recent call last):
  File "/home/techandc/movie_bot_new/passenger_wsgi.py", line 9, in <module>
    application = wsgi.application
                  ^^^^^^^^^^^^^^^^
AttributeError: module 'wsgi' has no attribute 'application'
[UID:1732][2085504] Child process with pid: 2091162 was killed by signal: 15, core dumped: no
Traceback (most recent call last):
  File "/home/techandc/movie_bot_new/passenger_wsgi.py", line 9, in <module>
    application = wsgi.application
                  ^^^^^^^^^^^^^^^^
AttributeError: module 'wsgi' has no attribute 'application'
[UID:1732][2085504] Child process with pid: 2091178 was killed by signal: 15, core dumped: no
Traceback (most recent call last):
  File "/home/techandc/movie_bot_new/passenger_wsgi.py", line 9, in <module>
    application = wsgi.application
                  ^^^^^^^^^^^^^^^^
AttributeError: module 'wsgi' has no attribute 'application'
[UID:1732][2085504] Child process with pid: 2091191 was killed by signal: 15, core dumped: no
Traceback (most recent call last):
  File "/home/techandc/movie_bot_new/passenger_wsgi.py", line 9, in <module>
    application = wsgi.application
                  ^^^^^^^^^^^^^^^^
AttributeError: module 'wsgi' has no attribute 'application'
[UID:1732][2085504] Child process with pid: 2091217 was killed by signal: 15, core dumped: no
Traceback (most recent call last):
  File "/home/techandc/movie_bot_new/passenger_wsgi.py", line 9, in <module>
    application = wsgi.application
                  ^^^^^^^^^^^^^^^^
AttributeError: module 'wsgi' has no attribute 'application'
[UID:1732][2085504] Child process with pid: 2091233 was killed by signal: 15, core dumped: no
Traceback (most recent call last):
  File "/home/techandc/movie_bot_new/passenger_wsgi.py", line 9, in <module>
    application = wsgi.application
                  ^^^^^^^^^^^^^^^^
AttributeError: module 'wsgi' has no attribute 'application'
[UID:1732][2085504] Child process with pid: 2091245 was killed by signal: 15, core dumped: no
Traceback (most recent call last):
  File "/home/techandc/movie_bot_new/passenger_wsgi.py", line 9, in <module>
    application = wsgi.application
                  ^^^^^^^^^^^^^^^^
AttributeError: module 'wsgi' has no attribute 'application'
[UID:1732][2085504] Child process with pid: 2091253 was killed by signal: 15, core dumped: no
Traceback (most recent call last):
  File "/home/techandc/movie_bot_new/passenger_wsgi.py", line 9, in <module>
    application = wsgi.application
                  ^^^^^^^^^^^^^^^^
AttributeError: module 'wsgi' has no attribute 'application'
[UID:1732][2085504] Child process with pid: 2091271 was killed by signal: 15, core dumped: no
Traceback (most recent call last):
  File "/home/techandc/movie_bot_new/passenger_wsgi.py", line 9, in <module>
    application = wsgi.application
                  ^^^^^^^^^^^^^^^^
AttributeError: module 'wsgi' has no attribute 'application'
[UID:1732][2085504] Child process with pid: 2091287 was killed by signal: 15, core dumped: no
Traceback (most recent call last):
  File "/home/techandc/movie_bot_new/passenger_wsgi.py", line 9, in <module>
    application = wsgi.application
                  ^^^^^^^^^^^^^^^^
AttributeError: module 'wsgi' has no attribute 'application'
[UID:1732][2085504] Child process with pid: 2091303 was killed by signal: 15, core dumped: no
Traceback (most recent call last):
  File "/home/techandc/movie_bot_new/passenger_wsgi.py", line 9, in <module>
    application = wsgi.application
                  ^^^^^^^^^^^^^^^^
AttributeError: module 'wsgi' has no attribute 'application'
[UID:1732][2085504] Child process with pid: 2091310 was killed by signal: 15, core dumped: no
Traceback (most recent call last):
  File "/home/techandc/movie_bot_new/passenger_wsgi.py", line 9, in <module>
    application = wsgi.application
                  ^^^^^^^^^^^^^^^^
AttributeError: module 'wsgi' has no attribute 'application'
[UID:1732][2085504] Child process with pid: 2091333 was killed by signal: 15, core dumped: no
Traceback (most recent call last):
  File "/home/techandc/movie_bot_new/passenger_wsgi.py", line 9, in <module>
    application = wsgi.application
                  ^^^^^^^^^^^^^^^^
AttributeError: module 'wsgi' has no attribute 'application'
[UID:1732][2085504] Child process with pid: 2091343 was killed by signal: 15, core dumped: no
Traceback (most recent call last):
  File "/home/techandc/movie_bot_new/passenger_wsgi.py", line 9, in <module>
    application = wsgi.application
                  ^^^^^^^^^^^^^^^^
AttributeError: module 'wsgi' has no attribute 'application'
[UID:1732][2085504] Child process with pid: 2091361 was killed by signal: 15, core dumped: no
Traceback (most recent call last):
  File "/home/techandc/movie_bot_new/passenger_wsgi.py", line 9, in <module>
    application = wsgi.application
                  ^^^^^^^^^^^^^^^^
AttributeError: module 'wsgi' has no attribute 'application'
[UID:1732][2085504] Child process with pid: 2091384 was killed by signal: 15, core dumped: no
Traceback (most recent call last):
  File "/home/techandc/movie_bot_new/passenger_wsgi.py", line 9, in <module>
    application = wsgi.application
                  ^^^^^^^^^^^^^^^^
AttributeError: module 'wsgi' has no attribute 'application'
[UID:1732][2085504] Child process with pid: 2091399 was killed by signal: 15, core dumped: no
Traceback (most recent call last):
  File "/home/techandc/movie_bot_new/passenger_wsgi.py", line 9, in <module>
    application = wsgi.application
                  ^^^^^^^^^^^^^^^^
AttributeError: module 'wsgi' has no attribute 'application'
[UID:1732][2085504] Child process with pid: 2091416 was killed by signal: 15, core dumped: no
Traceback (most recent call last):
  File "/home/techandc/movie_bot_new/passenger_wsgi.py", line 9, in <module>
    application = wsgi.application
                  ^^^^^^^^^^^^^^^^
AttributeError: module 'wsgi' has no attribute 'application'
[UID:1732][2085504] Child process with pid: 2091430 was killed by signal: 15, core dumped: no
Traceback (most recent call last):
  File "/home/techandc/movie_bot_new/passenger_wsgi.py", line 9, in <module>
    application = wsgi.application
                  ^^^^^^^^^^^^^^^^
AttributeError: module 'wsgi' has no attribute 'application'
[UID:1732][2085504] Child process with pid: 2091449 was killed by signal: 15, core dumped: no
Traceback (most recent call last):
  File "/home/techandc/movie_bot_new/passenger_wsgi.py", line 9, in <module>
    application = wsgi.application
                  ^^^^^^^^^^^^^^^^
AttributeError: module 'wsgi' has no attribute 'application'
[UID:1732][2085504] Child process with pid: 2091462 was killed by signal: 15, core dumped: no
Traceback (most recent call last):
  File "/home/techandc/movie_bot_new/passenger_wsgi.py", line 9, in <module>
    application = wsgi.application
                  ^^^^^^^^^^^^^^^^
AttributeError: module 'wsgi' has no attribute 'application'
[UID:1732][2085504] Child process with pid: 2091470 was killed by signal: 15, core dumped: no
Traceback (most recent call last):
  File "/home/techandc/movie_bot_new/passenger_wsgi.py", line 9, in <module>
    application = wsgi.application
                  ^^^^^^^^^^^^^^^^
AttributeError: module 'wsgi' has no attribute 'application'
[UID:1732][2085504] Child process with pid: 2091486 was killed by signal: 15, core dumped: no
Traceback (most recent call last):
  File "/home/techandc/movie_bot_new/passenger_wsgi.py", line 9, in <module>
    application = wsgi.application
                  ^^^^^^^^^^^^^^^^
AttributeError: module 'wsgi' has no attribute 'application'
[UID:1732][2085504] Child process with pid: 2091501 was killed by signal: 15, core dumped: no
Traceback (most recent call last):
  File "/home/techandc/movie_bot_new/passenger_wsgi.py", line 9, in <module>
    application = wsgi.application
                  ^^^^^^^^^^^^^^^^
AttributeError: module 'wsgi' has no attribute 'application'
[UID:1732][2085504] Child process with pid: 2091509 was killed by signal: 15, core dumped: no
Traceback (most recent call last):
  File "/home/techandc/movie_bot_new/passenger_wsgi.py", line 9, in <module>
    application = wsgi.application
                  ^^^^^^^^^^^^^^^^
AttributeError: module 'wsgi' has no attribute 'application'
[UID:1732][2085504] Child process with pid: 2091523 was killed by signal: 15, core dumped: no
Traceback (most recent call last):
  File "/home/techandc/movie_bot_new/passenger_wsgi.py", line 9, in <module>
    application = wsgi.application
                  ^^^^^^^^^^^^^^^^
AttributeError: module 'wsgi' has no attribute 'application'
[UID:1732][2085504] Child process with pid: 2091539 was killed by signal: 15, core dumped: no
Traceback (most recent call last):
  File "/home/techandc/movie_bot_new/passenger_wsgi.py", line 9, in <module>
    application = wsgi.application
                  ^^^^^^^^^^^^^^^^
AttributeError: module 'wsgi' has no attribute 'application'
[UID:1732][2085504] Child process with pid: 2091562 was killed by signal: 15, core dumped: no
Traceback (most recent call last):
  File "/home/techandc/movie_bot_new/passenger_wsgi.py", line 9, in <module>
    application = wsgi.application
                  ^^^^^^^^^^^^^^^^
AttributeError: module 'wsgi' has no attribute 'application'
[UID:1732][2085504] Child process with pid: 2091579 was killed by signal: 15, core dumped: no
Traceback (most recent call last):
  File "/home/techandc/movie_bot_new/passenger_wsgi.py", line 9, in <module>
    application = wsgi.application
                  ^^^^^^^^^^^^^^^^
AttributeError: module 'wsgi' has no attribute 'application'
[UID:1732][2085504] Child process with pid: 2091590 was killed by signal: 15, core dumped: no
Traceback (most recent call last):
  File "/home/techandc/movie_bot_new/passenger_wsgi.py", line 9, in <module>
    application = wsgi.application
                  ^^^^^^^^^^^^^^^^
AttributeError: module 'wsgi' has no attribute 'application'
[UID:1732][2085504] Child process with pid: 2091606 was killed by signal: 15, core dumped: no
Traceback (most recent call last):
  File "/home/techandc/movie_bot_new/passenger_wsgi.py", line 9, in <module>
    application = wsgi.application
                  ^^^^^^^^^^^^^^^^
AttributeError: module 'wsgi' has no attribute 'application'
[UID:1732][2085504] Child process with pid: 2091626 was killed by signal: 15, core dumped: no
Traceback (most recent call last):
  File "/home/techandc/movie_bot_new/passenger_wsgi.py", line 9, in <module>
    application = wsgi.application
                  ^^^^^^^^^^^^^^^^
AttributeError: module 'wsgi' has no attribute 'application'
[UID:1732][2085504] Child process with pid: 2091642 was killed by signal: 15, core dumped: no
Traceback (most recent call last):
  File "/home/techandc/movie_bot_new/passenger_wsgi.py", line 9, in <module>
    application = wsgi.application
                  ^^^^^^^^^^^^^^^^
AttributeError: module 'wsgi' has no attribute 'application'
[UID:1732][2085504] Child process with pid: 2091654 was killed by signal: 15, core dumped: no
Traceback (most recent call last):
  File "/home/techandc/movie_bot_new/passenger_wsgi.py", line 9, in <module>
    application = wsgi.application
                  ^^^^^^^^^^^^^^^^
AttributeError: module 'wsgi' has no attribute 'application'
[UID:1732][2085504] Child process with pid: 2091672 was killed by signal: 15, core dumped: no
Traceback (most recent call last):
  File "/home/techandc/movie_bot_new/passenger_wsgi.py", line 9, in <module>
    application = wsgi.application
                  ^^^^^^^^^^^^^^^^
AttributeError: module 'wsgi' has no attribute 'application'
[UID:1732][2085504] Child process with pid: 2091700 was killed by signal: 15, core dumped: no
Traceback (most recent call last):
  File "/home/techandc/movie_bot_new/passenger_wsgi.py", line 9, in <module>
    application = wsgi.application
                  ^^^^^^^^^^^^^^^^
AttributeError: module 'wsgi' has no attribute 'application'
[UID:1732][2085504] Child process with pid: 2091717 was killed by signal: 15, core dumped: no
Traceback (most recent call last):
  File "/home/techandc/movie_bot_new/passenger_wsgi.py", line 9, in <module>
    application = wsgi.application
                  ^^^^^^^^^^^^^^^^
AttributeError: module 'wsgi' has no attribute 'application'
[UID:1732][2085504] Child process with pid: 2091754 was killed by signal: 15, core dumped: no
Traceback (most recent call last):
  File "/home/techandc/movie_bot_new/passenger_wsgi.py", line 9, in <module>
    application = wsgi.application
                  ^^^^^^^^^^^^^^^^
AttributeError: module 'wsgi' has no attribute 'application'
[UID:1732][2085504] Child process with pid: 2091764 was killed by signal: 15, core dumped: no
Traceback (most recent call last):
  File "/home/techandc/movie_bot_new/passenger_wsgi.py", line 9, in <module>
    application = wsgi.application
                  ^^^^^^^^^^^^^^^^
AttributeError: module 'wsgi' has no attribute 'application'
[UID:1732][2085504] Child process with pid: 2091779 was killed by signal: 15, core dumped: no
Traceback (most recent call last):
  File "/home/techandc/movie_bot_new/passenger_wsgi.py", line 9, in <module>
    application = wsgi.application
                  ^^^^^^^^^^^^^^^^
AttributeError: module 'wsgi' has no attribute 'application'
[UID:1732][2085504] Child process with pid: 2091791 was killed by signal: 15, core dumped: no
Traceback (most recent call last):
  File "/home/techandc/movie_bot_new/passenger_wsgi.py", line 9, in <module>
    application = wsgi.application
                  ^^^^^^^^^^^^^^^^
AttributeError: module 'wsgi' has no attribute 'application'
[UID:1732][2085504] Child process with pid: 2091806 was killed by signal: 15, core dumped: no
Traceback (most recent call last):
  File "/home/techandc/movie_bot_new/passenger_wsgi.py", line 9, in <module>
    application = wsgi.application
                  ^^^^^^^^^^^^^^^^
AttributeError: module 'wsgi' has no attribute 'application'
[UID:1732][2085504] Child process with pid: 2091825 was killed by signal: 15, core dumped: no
Traceback (most recent call last):
  File "/home/techandc/movie_bot_new/passenger_wsgi.py", line 9, in <module>
    application = wsgi.application
                  ^^^^^^^^^^^^^^^^
AttributeError: module 'wsgi' has no attribute 'application'
[UID:1732][2085504] Child process with pid: 2091837 was killed by signal: 15, core dumped: no
Traceback (most recent call last):
  File "/home/techandc/movie_bot_new/passenger_wsgi.py", line 9, in <module>
    application = wsgi.application
                  ^^^^^^^^^^^^^^^^
AttributeError: module 'wsgi' has no attribute 'application'
[UID:1732][2085504] Child process with pid: 2091851 was killed by signal: 15, core dumped: no
Traceback (most recent call last):
  File "/home/techandc/movie_bot_new/passenger_wsgi.py", line 9, in <module>
    application = wsgi.application
                  ^^^^^^^^^^^^^^^^
AttributeError: module 'wsgi' has no attribute 'application'
[UID:1732][2085504] Child process with pid: 2091866 was killed by signal: 15, core dumped: no
Traceback (most recent call last):
  File "/home/techandc/movie_bot_new/passenger_wsgi.py", line 9, in <module>
    application = wsgi.application
                  ^^^^^^^^^^^^^^^^
AttributeError: module 'wsgi' has no attribute 'application'
[UID:1732][2085504] Child process with pid: 2091878 was killed by signal: 15, core dumped: no
Traceback (most recent call last):
  File "/home/techandc/movie_bot_new/passenger_wsgi.py", line 9, in <module>
    application = wsgi.application
                  ^^^^^^^^^^^^^^^^
AttributeError: module 'wsgi' has no attribute 'application'
[UID:1732][2085504] Child process with pid: 2091891 was killed by signal: 15, core dumped: no
Traceback (most recent call last):
  File "/home/techandc/movie_bot_new/passenger_wsgi.py", line 9, in <module>
    application = wsgi.application
                  ^^^^^^^^^^^^^^^^
AttributeError: module 'wsgi' has no attribute 'application'
[UID:1732][2085504] Child process with pid: 2091907 was killed by signal: 15, core dumped: no
Traceback (most recent call last):
  File "/home/techandc/movie_bot_new/passenger_wsgi.py", line 9, in <module>
    application = wsgi.application
                  ^^^^^^^^^^^^^^^^
AttributeError: module 'wsgi' has no attribute 'application'
[UID:1732][2085504] Child process with pid: 2091938 was killed by signal: 15, core dumped: no
Traceback (most recent call last):
  File "/home/techandc/movie_bot_new/passenger_wsgi.py", line 9, in <module>
    application = wsgi.application
                  ^^^^^^^^^^^^^^^^
AttributeError: module 'wsgi' has no attribute 'application'
[UID:1732][2085504] Child process with pid: 2091953 was killed by signal: 15, core dumped: no
Traceback (most recent call last):
  File "/home/techandc/movie_bot_new/passenger_wsgi.py", line 9, in <module>
    application = wsgi.application
                  ^^^^^^^^^^^^^^^^
AttributeError: module 'wsgi' has no attribute 'application'
[UID:1732][2085504] Child process with pid: 2091974 was killed by signal: 15, core dumped: no
Traceback (most recent call last):
  File "/home/techandc/movie_bot_new/passenger_wsgi.py", line 9, in <module>
    application = wsgi.application
                  ^^^^^^^^^^^^^^^^
AttributeError: module 'wsgi' has no attribute 'application'
[UID:1732][2085504] Child process with pid: 2091994 was killed by signal: 15, core dumped: no
Traceback (most recent call last):
  File "/home/techandc/movie_bot_new/passenger_wsgi.py", line 9, in <module>
    application = wsgi.application
                  ^^^^^^^^^^^^^^^^
AttributeError: module 'wsgi' has no attribute 'application'
[UID:1732][2085504] Child process with pid: 2092016 was killed by signal: 15, core dumped: no
Traceback (most recent call last):
  File "/home/techandc/movie_bot_new/passenger_wsgi.py", line 9, in <module>
    application = wsgi.application
                  ^^^^^^^^^^^^^^^^
AttributeError: module 'wsgi' has no attribute 'application'
[UID:1732][2085504] Child process with pid: 2092029 was killed by signal: 15, core dumped: no
Traceback (most recent call last):
  File "/home/techandc/movie_bot_new/passenger_wsgi.py", line 9, in <module>
    application = wsgi.application
                  ^^^^^^^^^^^^^^^^
AttributeError: module 'wsgi' has no attribute 'application'
[UID:1732][2085504] Child process with pid: 2092047 was killed by signal: 15, core dumped: no
Traceback (most recent call last):
  File "/home/techandc/movie_bot_new/passenger_wsgi.py", line 9, in <module>
    application = wsgi.application
                  ^^^^^^^^^^^^^^^^
AttributeError: module 'wsgi' has no attribute 'application'
[UID:1732][2085504] Child process with pid: 2092058 was killed by signal: 15, core dumped: no
Traceback (most recent call last):
  File "/home/techandc/movie_bot_new/passenger_wsgi.py", line 9, in <module>
    application = wsgi.application
                  ^^^^^^^^^^^^^^^^
AttributeError: module 'wsgi' has no attribute 'application'
[UID:1732][2085504] Child process with pid: 2092081 was killed by signal: 15, core dumped: no
Traceback (most recent call last):
  File "/home/techandc/movie_bot_new/passenger_wsgi.py", line 9, in <module>
    application = wsgi.application
                  ^^^^^^^^^^^^^^^^
AttributeError: module 'wsgi' has no attribute 'application'
[UID:1732][2085504] Child process with pid: 2092093 was killed by signal: 15, core dumped: no
Traceback (most recent call last):
  File "/home/techandc/movie_bot_new/passenger_wsgi.py", line 9, in <module>
    application = wsgi.application
                  ^^^^^^^^^^^^^^^^
AttributeError: module 'wsgi' has no attribute 'application'
[UID:1732][2085504] Child process with pid: 2092114 was killed by signal: 15, core dumped: no
Traceback (most recent call last):
  File "/home/techandc/movie_bot_new/passenger_wsgi.py", line 9, in <module>
    application = wsgi.application
                  ^^^^^^^^^^^^^^^^
AttributeError: module 'wsgi' has no attribute 'application'
[UID:1732][2085504] Child process with pid: 2092134 was killed by signal: 15, core dumped: no
Traceback (most recent call last):
  File "/home/techandc/movie_bot_new/passenger_wsgi.py", line 9, in <module>
    application = wsgi.application
                  ^^^^^^^^^^^^^^^^
AttributeError: module 'wsgi' has no attribute 'application'
[UID:1732][2085504] Child process with pid: 2092142 was killed by signal: 15, core dumped: no
Traceback (most recent call last):
  File "/home/techandc/movie_bot_new/passenger_wsgi.py", line 9, in <module>
    application = wsgi.application
                  ^^^^^^^^^^^^^^^^
AttributeError: module 'wsgi' has no attribute 'application'
[UID:1732][2085504] Child process with pid: 2092155 was killed by signal: 15, core dumped: no
Traceback (most recent call last):
  File "/home/techandc/movie_bot_new/passenger_wsgi.py", line 9, in <module>
    application = wsgi.application
                  ^^^^^^^^^^^^^^^^
AttributeError: module 'wsgi' has no attribute 'application'
[UID:1732][2085504] Child process with pid: 2092166 was killed by signal: 15, core dumped: no
Traceback (most recent call last):
  File "/home/techandc/movie_bot_new/passenger_wsgi.py", line 9, in <module>
    application = wsgi.application
                  ^^^^^^^^^^^^^^^^
AttributeError: module 'wsgi' has no attribute 'application'
[UID:1732][2085504] Child process with pid: 2092184 was killed by signal: 15, core dumped: no
Traceback (most recent call last):
  File "/home/techandc/movie_bot_new/passenger_wsgi.py", line 9, in <module>
    application = wsgi.application
                  ^^^^^^^^^^^^^^^^
AttributeError: module 'wsgi' has no attribute 'application'
[UID:1732][2085504] Child process with pid: 2092197 was killed by signal: 15, core dumped: no
Traceback (most recent call last):
  File "/home/techandc/movie_bot_new/passenger_wsgi.py", line 9, in <module>
    application = wsgi.application
                  ^^^^^^^^^^^^^^^^
AttributeError: module 'wsgi' has no attribute 'application'
[UID:1732][2085504] Child process with pid: 2092211 was killed by signal: 15, core dumped: no
Traceback (most recent call last):
  File "/home/techandc/movie_bot_new/passenger_wsgi.py", line 9, in <module>
    application = wsgi.application
                  ^^^^^^^^^^^^^^^^
AttributeError: module 'wsgi' has no attribute 'application'
[UID:1732][2085504] Child process with pid: 2092221 was killed by signal: 15, core dumped: no
Traceback (most recent call last):
  File "/home/techandc/movie_bot_new/passenger_wsgi.py", line 9, in <module>
    application = wsgi.application
                  ^^^^^^^^^^^^^^^^
AttributeError: module 'wsgi' has no attribute 'application'
[UID:1732][2085504] Child process with pid: 2092233 was killed by signal: 15, core dumped: no
Traceback (most recent call last):
  File "/home/techandc/movie_bot_new/passenger_wsgi.py", line 9, in <module>
    application = wsgi.application
                  ^^^^^^^^^^^^^^^^
AttributeError: module 'wsgi' has no attribute 'application'
[UID:1732][2085504] Child process with pid: 2092249 was killed by signal: 15, core dumped: no
Traceback (most recent call last):
  File "/home/techandc/movie_bot_new/passenger_wsgi.py", line 9, in <module>
    application = wsgi.application
                  ^^^^^^^^^^^^^^^^
AttributeError: module 'wsgi' has no attribute 'application'
[UID:1732][2085504] Child process with pid: 2092270 was killed by signal: 15, core dumped: no
Traceback (most recent call last):
  File "/home/techandc/movie_bot_new/passenger_wsgi.py", line 9, in <module>
    application = wsgi.application
                  ^^^^^^^^^^^^^^^^
AttributeError: module 'wsgi' has no attribute 'application'
[UID:1732][2085504] Child process with pid: 2092283 was killed by signal: 15, core dumped: no
Traceback (most recent call last):
  File "/home/techandc/movie_bot_new/passenger_wsgi.py", line 9, in <module>
    application = wsgi.application
                  ^^^^^^^^^^^^^^^^
AttributeError: module 'wsgi' has no attribute 'application'
[UID:1732][2085504] Child process with pid: 2092299 was killed by signal: 15, core dumped: no
Traceback (most recent call last):
  File "/home/techandc/movie_bot_new/passenger_wsgi.py", line 9, in <module>
    application = wsgi.application
                  ^^^^^^^^^^^^^^^^
AttributeError: module 'wsgi' has no attribute 'application'
[UID:1732][2085504] Child process with pid: 2092315 was killed by signal: 15, core dumped: no
Traceback (most recent call last):
  File "/home/techandc/movie_bot_new/passenger_wsgi.py", line 9, in <module>
    application = wsgi.application
                  ^^^^^^^^^^^^^^^^
AttributeError: module 'wsgi' has no attribute 'application'
[UID:1732][2085504] Child process with pid: 2092329 was killed by signal: 15, core dumped: no
Traceback (most recent call last):
  File "/home/techandc/movie_bot_new/passenger_wsgi.py", line 9, in <module>
    application = wsgi.application
                  ^^^^^^^^^^^^^^^^
AttributeError: module 'wsgi' has no attribute 'application'
[UID:1732][2085504] Child process with pid: 2092354 was killed by signal: 15, core dumped: no
Traceback (most recent call last):
  File "/home/techandc/movie_bot_new/passenger_wsgi.py", line 9, in <module>
    application = wsgi.application
                  ^^^^^^^^^^^^^^^^
AttributeError: module 'wsgi' has no attribute 'application'
[UID:1732][2085504] Child process with pid: 2092372 was killed by signal: 15, core dumped: no
Traceback (most recent call last):
  File "/home/techandc/movie_bot_new/passenger_wsgi.py", line 9, in <module>
    application = wsgi.application
                  ^^^^^^^^^^^^^^^^
AttributeError: module 'wsgi' has no attribute 'application'
[UID:1732][2085504] Child process with pid: 2092391 was killed by signal: 15, core dumped: no
Traceback (most recent call last):
  File "/home/techandc/movie_bot_new/passenger_wsgi.py", line 9, in <module>
    application = wsgi.application
                  ^^^^^^^^^^^^^^^^
AttributeError: module 'wsgi' has no attribute 'application'
[UID:1732][2085504] Child process with pid: 2092403 was killed by signal: 15, core dumped: no
Traceback (most recent call last):
  File "/home/techandc/movie_bot_new/passenger_wsgi.py", line 9, in <module>
    application = wsgi.application
                  ^^^^^^^^^^^^^^^^
AttributeError: module 'wsgi' has no attribute 'application'
[UID:1732][2085504] Child process with pid: 2092417 was killed by signal: 15, core dumped: no
Traceback (most recent call last):
  File "/home/techandc/movie_bot_new/passenger_wsgi.py", line 9, in <module>
    application = wsgi.application
                  ^^^^^^^^^^^^^^^^
AttributeError: module 'wsgi' has no attribute 'application'
[UID:1732][2085504] Child process with pid: 2092435 was killed by signal: 15, core dumped: no
Traceback (most recent call last):
  File "/home/techandc/movie_bot_new/passenger_wsgi.py", line 9, in <module>
    application = wsgi.application
                  ^^^^^^^^^^^^^^^^
AttributeError: module 'wsgi' has no attribute 'application'
[UID:1732][2085504] Child process with pid: 2092446 was killed by signal: 15, core dumped: no
Traceback (most recent call last):
  File "/home/techandc/movie_bot_new/passenger_wsgi.py", line 9, in <module>
    application = wsgi.application
                  ^^^^^^^^^^^^^^^^
AttributeError: module 'wsgi' has no attribute 'application'
[UID:1732][2085504] Child process with pid: 2092463 was killed by signal: 15, core dumped: no
Traceback (most recent call last):
  File "/home/techandc/movie_bot_new/passenger_wsgi.py", line 9, in <module>
    application = wsgi.application
                  ^^^^^^^^^^^^^^^^
AttributeError: module 'wsgi' has no attribute 'application'
[UID:1732][2085504] Child process with pid: 2092479 was killed by signal: 15, core dumped: no
Traceback (most recent call last):
  File "/home/techandc/movie_bot_new/passenger_wsgi.py", line 9, in <module>
    application = wsgi.application
                  ^^^^^^^^^^^^^^^^
AttributeError: module 'wsgi' has no attribute 'application'
[UID:1732][2085504] Child process with pid: 2092497 was killed by signal: 15, core dumped: no
Traceback (most recent call last):
  File "/home/techandc/movie_bot_new/passenger_wsgi.py", line 9, in <module>
    application = wsgi.application
                  ^^^^^^^^^^^^^^^^
AttributeError: module 'wsgi' has no attribute 'application'
[UID:1732][2085504] Child process with pid: 2092518 was killed by signal: 15, core dumped: no
Traceback (most recent call last):
  File "/home/techandc/movie_bot_new/passenger_wsgi.py", line 9, in <module>
    application = wsgi.application
                  ^^^^^^^^^^^^^^^^
AttributeError: module 'wsgi' has no attribute 'application'
[UID:1732][2085504] Child process with pid: 2092536 was killed by signal: 15, core dumped: no
Traceback (most recent call last):
  File "/home/techandc/movie_bot_new/passenger_wsgi.py", line 9, in <module>
    application = wsgi.application
                  ^^^^^^^^^^^^^^^^
AttributeError: module 'wsgi' has no attribute 'application'
[UID:1732][2085504] Child process with pid: 2092556 was killed by signal: 15, core dumped: no
Traceback (most recent call last):
  File "/home/techandc/movie_bot_new/passenger_wsgi.py", line 9, in <module>
    application = wsgi.application
                  ^^^^^^^^^^^^^^^^
AttributeError: module 'wsgi' has no attribute 'application'
[UID:1732][2085504] Child process with pid: 2092572 was killed by signal: 15, core dumped: no
Traceback (most recent call last):
  File "/home/techandc/movie_bot_new/passenger_wsgi.py", line 9, in <module>
    application = wsgi.application
                  ^^^^^^^^^^^^^^^^
AttributeError: module 'wsgi' has no attribute 'application'
[UID:1732][2085504] Child process with pid: 2092594 was killed by signal: 15, core dumped: no
Traceback (most recent call last):
  File "/home/techandc/movie_bot_new/passenger_wsgi.py", line 9, in <module>
    application = wsgi.application
                  ^^^^^^^^^^^^^^^^
AttributeError: module 'wsgi' has no attribute 'application'
[UID:1732][2085504] Child process with pid: 2092617 was killed by signal: 15, core dumped: no
Traceback (most recent call last):
  File "/home/techandc/movie_bot_new/passenger_wsgi.py", line 9, in <module>
    application = wsgi.application
                  ^^^^^^^^^^^^^^^^
AttributeError: module 'wsgi' has no attribute 'application'
[UID:1732][2085504] Child process with pid: 2092647 was killed by signal: 15, core dumped: no
Traceback (most recent call last):
  File "/home/techandc/movie_bot_new/passenger_wsgi.py", line 9, in <module>
    application = wsgi.application
                  ^^^^^^^^^^^^^^^^
AttributeError: module 'wsgi' has no attribute 'application'
[UID:1732][2085504] Child process with pid: 2092685 was killed by signal: 15, core dumped: no
Traceback (most recent call last):
  File "/home/techandc/movie_bot_new/passenger_wsgi.py", line 9, in <module>
    application = wsgi.application
                  ^^^^^^^^^^^^^^^^
AttributeError: module 'wsgi' has no attribute 'application'
[UID:1732][2085504] Child process with pid: 2092713 was killed by signal: 15, core dumped: no
Traceback (most recent call last):
  File "/home/techandc/movie_bot_new/passenger_wsgi.py", line 9, in <module>
    application = wsgi.application
                  ^^^^^^^^^^^^^^^^
AttributeError: module 'wsgi' has no attribute 'application'
[UID:1732][2085504] Child process with pid: 2092734 was killed by signal: 15, core dumped: no
Traceback (most recent call last):
  File "/home/techandc/movie_bot_new/passenger_wsgi.py", line 9, in <module>
    application = wsgi.application
                  ^^^^^^^^^^^^^^^^
AttributeError: module 'wsgi' has no attribute 'application'
[UID:1732][2085504] Child process with pid: 2092759 was killed by signal: 15, core dumped: no
Traceback (most recent call last):
  File "/home/techandc/movie_bot_new/passenger_wsgi.py", line 9, in <module>
    application = wsgi.application
                  ^^^^^^^^^^^^^^^^
AttributeError: module 'wsgi' has no attribute 'application'
[UID:1732][2085504] Child process with pid: 2092782 was killed by signal: 15, core dumped: no
Traceback (most recent call last):
  File "/home/techandc/movie_bot_new/passenger_wsgi.py", line 9, in <module>
    application = wsgi.application
                  ^^^^^^^^^^^^^^^^
AttributeError: module 'wsgi' has no attribute 'application'
[UID:1732][2085504] Child process with pid: 2092801 was killed by signal: 15, core dumped: no
Traceback (most recent call last):
  File "/home/techandc/movie_bot_new/passenger_wsgi.py", line 9, in <module>
    application = wsgi.application
                  ^^^^^^^^^^^^^^^^
AttributeError: module 'wsgi' has no attribute 'application'
[UID:1732][2085504] Child process with pid: 2092824 was killed by signal: 15, core dumped: no
Traceback (most recent call last):
  File "/home/techandc/movie_bot_new/passenger_wsgi.py", line 9, in <module>
    application = wsgi.application
                  ^^^^^^^^^^^^^^^^
AttributeError: module 'wsgi' has no attribute 'application'
[UID:1732][2085504] Child process with pid: 2092847 was killed by signal: 15, core dumped: no
Traceback (most recent call last):
  File "/home/techandc/movie_bot_new/passenger_wsgi.py", line 9, in <module>
    application = wsgi.application
                  ^^^^^^^^^^^^^^^^
AttributeError: module 'wsgi' has no attribute 'application'
[UID:1732][2085504] Child process with pid: 2092866 was killed by signal: 15, core dumped: no
Traceback (most recent call last):
  File "/home/techandc/movie_bot_new/passenger_wsgi.py", line 9, in <module>
    application = wsgi.application
                  ^^^^^^^^^^^^^^^^
AttributeError: module 'wsgi' has no attribute 'application'
[UID:1732][2085504] Child process with pid: 2092890 was killed by signal: 15, core dumped: no
Traceback (most recent call last):
  File "/home/techandc/movie_bot_new/passenger_wsgi.py", line 9, in <module>
    application = wsgi.application
                  ^^^^^^^^^^^^^^^^
AttributeError: module 'wsgi' has no attribute 'application'
[UID:1732][2085504] Child process with pid: 2092921 was killed by signal: 15, core dumped: no
Traceback (most recent call last):
  File "/home/techandc/movie_bot_new/passenger_wsgi.py", line 9, in <module>
    application = wsgi.application
                  ^^^^^^^^^^^^^^^^
AttributeError: module 'wsgi' has no attribute 'application'
[UID:1732][2085504] Child process with pid: 2092949 was killed by signal: 15, core dumped: no
Traceback (most recent call last):
  File "/home/techandc/movie_bot_new/passenger_wsgi.py", line 9, in <module>
    application = wsgi.application
                  ^^^^^^^^^^^^^^^^
AttributeError: module 'wsgi' has no attribute 'application'
[UID:1732][2085504] Child process with pid: 2092975 was killed by signal: 15, core dumped: no
Traceback (most recent call last):
  File "/home/techandc/movie_bot_new/passenger_wsgi.py", line 9, in <module>
    application = wsgi.application
                  ^^^^^^^^^^^^^^^^
AttributeError: module 'wsgi' has no attribute 'application'
[UID:1732][2085504] Child process with pid: 2092989 was killed by signal: 15, core dumped: no
Traceback (most recent call last):
  File "/home/techandc/movie_bot_new/passenger_wsgi.py", line 9, in <module>
    application = wsgi.application
                  ^^^^^^^^^^^^^^^^
AttributeError: module 'wsgi' has no attribute 'application'
[UID:1732][2085504] Child process with pid: 2093012 was killed by signal: 15, core dumped: no
Traceback (most recent call last):
  File "/home/techandc/movie_bot_new/passenger_wsgi.py", line 9, in <module>
    application = wsgi.application
                  ^^^^^^^^^^^^^^^^
AttributeError: module 'wsgi' has no attribute 'application'
[UID:1732][2085504] Child process with pid: 2093024 was killed by signal: 15, core dumped: no
Traceback (most recent call last):
  File "/home/techandc/movie_bot_new/passenger_wsgi.py", line 9, in <module>
    application = wsgi.application
                  ^^^^^^^^^^^^^^^^
AttributeError: module 'wsgi' has no attribute 'application'
[UID:1732][2085504] Child process with pid: 2093045 was killed by signal: 15, core dumped: no
Traceback (most recent call last):
  File "/home/techandc/movie_bot_new/passenger_wsgi.py", line 9, in <module>
    application = wsgi.application
                  ^^^^^^^^^^^^^^^^
AttributeError: module 'wsgi' has no attribute 'application'
[UID:1732][2085504] Child process with pid: 2093065 was killed by signal: 15, core dumped: no
Traceback (most recent call last):
  File "/home/techandc/movie_bot_new/passenger_wsgi.py", line 9, in <module>
    application = wsgi.application
                  ^^^^^^^^^^^^^^^^
AttributeError: module 'wsgi' has no attribute 'application'
[UID:1732][2085504] Child process with pid: 2093080 was killed by signal: 15, core dumped: no
Traceback (most recent call last):
  File "/home/techandc/movie_bot_new/passenger_wsgi.py", line 9, in <module>
    application = wsgi.application
                  ^^^^^^^^^^^^^^^^
AttributeError: module 'wsgi' has no attribute 'application'
[UID:1732][2085504] Child process with pid: 2093101 was killed by signal: 15, core dumped: no
Traceback (most recent call last):
  File "/home/techandc/movie_bot_new/passenger_wsgi.py", line 9, in <module>
    application = wsgi.application
                  ^^^^^^^^^^^^^^^^
AttributeError: module 'wsgi' has no attribute 'application'
[UID:1732][2085504] Child process with pid: 2093125 was killed by signal: 15, core dumped: no
Traceback (most recent call last):
  File "/home/techandc/movie_bot_new/passenger_wsgi.py", line 9, in <module>
    application = wsgi.application
                  ^^^^^^^^^^^^^^^^
AttributeError: module 'wsgi' has no attribute 'application'
[UID:1732][2085504] Child process with pid: 2093139 was killed by signal: 15, core dumped: no
Traceback (most recent call last):
  File "/home/techandc/movie_bot_new/passenger_wsgi.py", line 9, in <module>
    application = wsgi.application
                  ^^^^^^^^^^^^^^^^
AttributeError: module 'wsgi' has no attribute 'application'
[UID:1732][2085504] Child process with pid: 2093155 was killed by signal: 15, core dumped: no
Traceback (most recent call last):
  File "/home/techandc/movie_bot_new/passenger_wsgi.py", line 9, in <module>
    application = wsgi.application
                  ^^^^^^^^^^^^^^^^
AttributeError: module 'wsgi' has no attribute 'application'
[UID:1732][2085504] Child process with pid: 2093169 was killed by signal: 15, core dumped: no
Traceback (most recent call last):
  File "/home/techandc/movie_bot_new/passenger_wsgi.py", line 9, in <module>
    application = wsgi.application
                  ^^^^^^^^^^^^^^^^
AttributeError: module 'wsgi' has no attribute 'application'
[UID:1732][2085504] Child process with pid: 2093187 was killed by signal: 15, core dumped: no
Traceback (most recent call last):
  File "/home/techandc/movie_bot_new/passenger_wsgi.py", line 9, in <module>
    application = wsgi.application
                  ^^^^^^^^^^^^^^^^
AttributeError: module 'wsgi' has no attribute 'application'
[UID:1732][2085504] Child process with pid: 2093196 was killed by signal: 15, core dumped: no
Traceback (most recent call last):
  File "/home/techandc/movie_bot_new/passenger_wsgi.py", line 9, in <module>
    application = wsgi.application
                  ^^^^^^^^^^^^^^^^
AttributeError: module 'wsgi' has no attribute 'application'
[UID:1732][2085504] Child process with pid: 2093216 was killed by signal: 15, core dumped: no
Traceback (most recent call last):
  File "/home/techandc/movie_bot_new/passenger_wsgi.py", line 9, in <module>
    application = wsgi.application
                  ^^^^^^^^^^^^^^^^
AttributeError: module 'wsgi' has no attribute 'application'
[UID:1732][2085504] Child process with pid: 2093234 was killed by signal: 15, core dumped: no
Traceback (most recent call last):
  File "/home/techandc/movie_bot_new/passenger_wsgi.py", line 9, in <module>
    application = wsgi.application
                  ^^^^^^^^^^^^^^^^
AttributeError: module 'wsgi' has no attribute 'application'
[UID:1732][2085504] Child process with pid: 2093250 was killed by signal: 15, core dumped: no
Traceback (most recent call last):
  File "/home/techandc/movie_bot_new/passenger_wsgi.py", line 9, in <module>
    application = wsgi.application
                  ^^^^^^^^^^^^^^^^
AttributeError: module 'wsgi' has no attribute 'application'
[UID:1732][2085504] Child process with pid: 2093267 was killed by signal: 15, core dumped: no
Traceback (most recent call last):
  File "/home/techandc/movie_bot_new/passenger_wsgi.py", line 9, in <module>
    application = wsgi.application
                  ^^^^^^^^^^^^^^^^
AttributeError: module 'wsgi' has no attribute 'application'
[UID:1732][2085504] Child process with pid: 2093278 was killed by signal: 15, core dumped: no
Traceback (most recent call last):
  File "/home/techandc/movie_bot_new/passenger_wsgi.py", line 9, in <module>
    application = wsgi.application
                  ^^^^^^^^^^^^^^^^
AttributeError: module 'wsgi' has no attribute 'application'
[UID:1732][2085504] Child process with pid: 2093295 was killed by signal: 15, core dumped: no
Traceback (most recent call last):
  File "/home/techandc/movie_bot_new/passenger_wsgi.py", line 9, in <module>
    application = wsgi.application
                  ^^^^^^^^^^^^^^^^
AttributeError: module 'wsgi' has no attribute 'application'
[UID:1732][2085504] Child process with pid: 2093310 was killed by signal: 15, core dumped: no
Traceback (most recent call last):
  File "/home/techandc/movie_bot_new/passenger_wsgi.py", line 9, in <module>
    application = wsgi.application
                  ^^^^^^^^^^^^^^^^
AttributeError: module 'wsgi' has no attribute 'application'
[UID:1732][2085504] Child process with pid: 2093325 was killed by signal: 15, core dumped: no
Traceback (most recent call last):
  File "/home/techandc/movie_bot_new/passenger_wsgi.py", line 9, in <module>
    application = wsgi.application
                  ^^^^^^^^^^^^^^^^
AttributeError: module 'wsgi' has no attribute 'application'
[UID:1732][2085504] Child process with pid: 2093343 was killed by signal: 15, core dumped: no
Traceback (most recent call last):
  File "/home/techandc/movie_bot_new/passenger_wsgi.py", line 9, in <module>
    application = wsgi.application
                  ^^^^^^^^^^^^^^^^
AttributeError: module 'wsgi' has no attribute 'application'
[UID:1732][2085504] Child process with pid: 2093367 was killed by signal: 15, core dumped: no
Traceback (most recent call last):
  File "/home/techandc/movie_bot_new/passenger_wsgi.py", line 9, in <module>
    application = wsgi.application
                  ^^^^^^^^^^^^^^^^
AttributeError: module 'wsgi' has no attribute 'application'
[UID:1732][2085504] Child process with pid: 2093383 was killed by signal: 15, core dumped: no
Traceback (most recent call last):
  File "/home/techandc/movie_bot_new/passenger_wsgi.py", line 9, in <module>
    application = wsgi.application
                  ^^^^^^^^^^^^^^^^
AttributeError: module 'wsgi' has no attribute 'application'
[UID:1732][2085504] Child process with pid: 2093396 was killed by signal: 15, core dumped: no
Traceback (most recent call last):
  File "/home/techandc/movie_bot_new/passenger_wsgi.py", line 9, in <module>
    application = wsgi.application
                  ^^^^^^^^^^^^^^^^
AttributeError: module 'wsgi' has no attribute 'application'
[UID:1732][2085504] Child process with pid: 2093405 was killed by signal: 15, core dumped: no
Traceback (most recent call last):
  File "/home/techandc/movie_bot_new/passenger_wsgi.py", line 9, in <module>
    application = wsgi.application
                  ^^^^^^^^^^^^^^^^
AttributeError: module 'wsgi' has no attribute 'application'
[UID:1732][2085504] Child process with pid: 2093428 was killed by signal: 15, core dumped: no
Traceback (most recent call last):
  File "/home/techandc/movie_bot_new/passenger_wsgi.py", line 9, in <module>
    application = wsgi.application
                  ^^^^^^^^^^^^^^^^
AttributeError: module 'wsgi' has no attribute 'application'
[UID:1732][2085504] Child process with pid: 2093448 was killed by signal: 15, core dumped: no
Traceback (most recent call last):
  File "/home/techandc/movie_bot_new/passenger_wsgi.py", line 9, in <module>
    application = wsgi.application
                  ^^^^^^^^^^^^^^^^
AttributeError: module 'wsgi' has no attribute 'application'
[UID:1732][2085504] Child process with pid: 2093470 was killed by signal: 15, core dumped: no
Traceback (most recent call last):
  File "/home/techandc/movie_bot_new/passenger_wsgi.py", line 9, in <module>
    application = wsgi.application
                  ^^^^^^^^^^^^^^^^
AttributeError: module 'wsgi' has no attribute 'application'
[UID:1732][2085504] Child process with pid: 2093488 was killed by signal: 15, core dumped: no
Traceback (most recent call last):
  File "/home/techandc/movie_bot_new/passenger_wsgi.py", line 9, in <module>
    application = wsgi.application
                  ^^^^^^^^^^^^^^^^
AttributeError: module 'wsgi' has no attribute 'application'
[UID:1732][2085504] Child process with pid: 2093493 was killed by signal: 15, core dumped: no
Traceback (most recent call last):
  File "/home/techandc/movie_bot_new/passenger_wsgi.py", line 9, in <module>
    application = wsgi.application
                  ^^^^^^^^^^^^^^^^
AttributeError: module 'wsgi' has no attribute 'application'
[UID:1732][2085504] Child process with pid: 2093510 was killed by signal: 15, core dumped: no
Traceback (most recent call last):
  File "/home/techandc/movie_bot_new/passenger_wsgi.py", line 9, in <module>
    application = wsgi.application
                  ^^^^^^^^^^^^^^^^
AttributeError: module 'wsgi' has no attribute 'application'
[UID:1732][2085504] Child process with pid: 2093528 was killed by signal: 15, core dumped: no
Traceback (most recent call last):
  File "/home/techandc/movie_bot_new/passenger_wsgi.py", line 9, in <module>
    application = wsgi.application
                  ^^^^^^^^^^^^^^^^
AttributeError: module 'wsgi' has no attribute 'application'
[UID:1732][2085504] Child process with pid: 2093551 was killed by signal: 15, core dumped: no
Traceback (most recent call last):
  File "/home/techandc/movie_bot_new/passenger_wsgi.py", line 9, in <module>
    application = wsgi.application
                  ^^^^^^^^^^^^^^^^
AttributeError: module 'wsgi' has no attribute 'application'
[UID:1732][2085504] Child process with pid: 2093568 was killed by signal: 15, core dumped: no
Traceback (most recent call last):
  File "/home/techandc/movie_bot_new/passenger_wsgi.py", line 9, in <module>
    application = wsgi.application
                  ^^^^^^^^^^^^^^^^
AttributeError: module 'wsgi' has no attribute 'application'
[UID:1732][2085504] Child process with pid: 2093588 was killed by signal: 15, core dumped: no
Traceback (most recent call last):
  File "/home/techandc/movie_bot_new/passenger_wsgi.py", line 9, in <module>
    application = wsgi.application
                  ^^^^^^^^^^^^^^^^
AttributeError: module 'wsgi' has no attribute 'application'
[UID:1732][2085504] Child process with pid: 2093605 was killed by signal: 15, core dumped: no
Traceback (most recent call last):
  File "/home/techandc/movie_bot_new/passenger_wsgi.py", line 9, in <module>
    application = wsgi.application
                  ^^^^^^^^^^^^^^^^
AttributeError: module 'wsgi' has no attribute 'application'
[UID:1732][2085504] Child process with pid: 2093626 was killed by signal: 15, core dumped: no
Traceback (most recent call last):
  File "/home/techandc/movie_bot_new/passenger_wsgi.py", line 9, in <module>
    application = wsgi.application
                  ^^^^^^^^^^^^^^^^
AttributeError: module 'wsgi' has no attribute 'application'
[UID:1732][2085504] Child process with pid: 2093648 was killed by signal: 15, core dumped: no
Traceback (most recent call last):
  File "/home/techandc/movie_bot_new/passenger_wsgi.py", line 9, in <module>
    application = wsgi.application
                  ^^^^^^^^^^^^^^^^
AttributeError: module 'wsgi' has no attribute 'application'
[UID:1732][2085504] Child process with pid: 2093664 was killed by signal: 15, core dumped: no
Traceback (most recent call last):
  File "/home/techandc/movie_bot_new/passenger_wsgi.py", line 9, in <module>
    application = wsgi.application
                  ^^^^^^^^^^^^^^^^
AttributeError: module 'wsgi' has no attribute 'application'
[UID:1732][2085504] Child process with pid: 2093678 was killed by signal: 15, core dumped: no
Traceback (most recent call last):
  File "/home/techandc/movie_bot_new/passenger_wsgi.py", line 9, in <module>
    application = wsgi.application
                  ^^^^^^^^^^^^^^^^
AttributeError: module 'wsgi' has no attribute 'application'
[UID:1732][2085504] Child process with pid: 2093698 was killed by signal: 15, core dumped: no
Traceback (most recent call last):
  File "/home/techandc/movie_bot_new/passenger_wsgi.py", line 9, in <module>
    application = wsgi.application
                  ^^^^^^^^^^^^^^^^
AttributeError: module 'wsgi' has no attribute 'application'
[UID:1732][2085504] Child process with pid: 2093722 was killed by signal: 15, core dumped: no
Traceback (most recent call last):
  File "/home/techandc/movie_bot_new/passenger_wsgi.py", line 9, in <module>
    application = wsgi.application
                  ^^^^^^^^^^^^^^^^
AttributeError: module 'wsgi' has no attribute 'application'
[UID:1732][2085504] Child process with pid: 2093728 was killed by signal: 15, core dumped: no
Traceback (most recent call last):
  File "/home/techandc/movie_bot_new/passenger_wsgi.py", line 9, in <module>
    application = wsgi.application
                  ^^^^^^^^^^^^^^^^
AttributeError: module 'wsgi' has no attribute 'application'
[UID:1732][2085504] Child process with pid: 2093748 was killed by signal: 15, core dumped: no
Traceback (most recent call last):
  File "/home/techandc/movie_bot_new/passenger_wsgi.py", line 9, in <module>
    application = wsgi.application
                  ^^^^^^^^^^^^^^^^
AttributeError: module 'wsgi' has no attribute 'application'
[UID:1732][2085504] Child process with pid: 2093775 was killed by signal: 15, core dumped: no
Traceback (most recent call last):
  File "/home/techandc/movie_bot_new/passenger_wsgi.py", line 9, in <module>
    application = wsgi.application
                  ^^^^^^^^^^^^^^^^
AttributeError: module 'wsgi' has no attribute 'application'
[UID:1732][2085504] Child process with pid: 2093799 was killed by signal: 15, core dumped: no
Traceback (most recent call last):
  File "/home/techandc/movie_bot_new/passenger_wsgi.py", line 9, in <module>
    application = wsgi.application
                  ^^^^^^^^^^^^^^^^
AttributeError: module 'wsgi' has no attribute 'application'
[UID:1732][2085504] Child process with pid: 2093826 was killed by signal: 15, core dumped: no
Traceback (most recent call last):
  File "/home/techandc/movie_bot_new/passenger_wsgi.py", line 9, in <module>
    application = wsgi.application
                  ^^^^^^^^^^^^^^^^
AttributeError: module 'wsgi' has no attribute 'application'
[UID:1732][2085504] Child process with pid: 2093851 was killed by signal: 15, core dumped: no
Traceback (most recent call last):
  File "/home/techandc/movie_bot_new/passenger_wsgi.py", line 9, in <module>
    application = wsgi.application
                  ^^^^^^^^^^^^^^^^
AttributeError: module 'wsgi' has no attribute 'application'
[UID:1732][2085504] Child process with pid: 2093866 was killed by signal: 15, core dumped: no
Traceback (most recent call last):
  File "/home/techandc/movie_bot_new/passenger_wsgi.py", line 9, in <module>
    application = wsgi.application
                  ^^^^^^^^^^^^^^^^
AttributeError: module 'wsgi' has no attribute 'application'
[UID:1732][2085504] Child process with pid: 2093892 was killed by signal: 15, core dumped: no
Traceback (most recent call last):
  File "/home/techandc/movie_bot_new/passenger_wsgi.py", line 9, in <module>
    application = wsgi.application
                  ^^^^^^^^^^^^^^^^
AttributeError: module 'wsgi' has no attribute 'application'
[UID:1732][2085504] Child process with pid: 2093909 was killed by signal: 15, core dumped: no
Traceback (most recent call last):
  File "/home/techandc/movie_bot_new/passenger_wsgi.py", line 9, in <module>
    application = wsgi.application
                  ^^^^^^^^^^^^^^^^
AttributeError: module 'wsgi' has no attribute 'application'
[UID:1732][2085504] Child process with pid: 2093922 was killed by signal: 15, core dumped: no
Traceback (most recent call last):
  File "/home/techandc/movie_bot_new/passenger_wsgi.py", line 9, in <module>
    application = wsgi.application
                  ^^^^^^^^^^^^^^^^
AttributeError: module 'wsgi' has no attribute 'application'
[UID:1732][2085504] Child process with pid: 2093945 was killed by signal: 15, core dumped: no
Traceback (most recent call last):
  File "/home/techandc/movie_bot_new/passenger_wsgi.py", line 9, in <module>
    application = wsgi.application
                  ^^^^^^^^^^^^^^^^
AttributeError: module 'wsgi' has no attribute 'application'
[UID:1732][2085504] Child process with pid: 2093958 was killed by signal: 15, core dumped: no
Traceback (most recent call last):
  File "/home/techandc/movie_bot_new/passenger_wsgi.py", line 9, in <module>
    application = wsgi.application
                  ^^^^^^^^^^^^^^^^
AttributeError: module 'wsgi' has no attribute 'application'
[UID:1732][2085504] Child process with pid: 2093971 was killed by signal: 15, core dumped: no
Traceback (most recent call last):
  File "/home/techandc/movie_bot_new/passenger_wsgi.py", line 9, in <module>
    application = wsgi.application
                  ^^^^^^^^^^^^^^^^
AttributeError: module 'wsgi' has no attribute 'application'
[UID:1732][2085504] Child process with pid: 2093986 was killed by signal: 15, core dumped: no
Traceback (most recent call last):
  File "/home/techandc/movie_bot_new/passenger_wsgi.py", line 9, in <module>
    application = wsgi.application
                  ^^^^^^^^^^^^^^^^
AttributeError: module 'wsgi' has no attribute 'application'
[UID:1732][2085504] Child process with pid: 2094005 was killed by signal: 15, core dumped: no
Traceback (most recent call last):
  File "/home/techandc/movie_bot_new/passenger_wsgi.py", line 9, in <module>
    application = wsgi.application
                  ^^^^^^^^^^^^^^^^
AttributeError: module 'wsgi' has no attribute 'application'
[UID:1732][2085504] Child process with pid: 2094018 was killed by signal: 15, core dumped: no
Traceback (most recent call last):
  File "/home/techandc/movie_bot_new/passenger_wsgi.py", line 9, in <module>
    application = wsgi.application
                  ^^^^^^^^^^^^^^^^
AttributeError: module 'wsgi' has no attribute 'application'
[UID:1732][2085504] Child process with pid: 2094044 was killed by signal: 15, core dumped: no
Traceback (most recent call last):
  File "/home/techandc/movie_bot_new/passenger_wsgi.py", line 9, in <module>
    application = wsgi.application
                  ^^^^^^^^^^^^^^^^
AttributeError: module 'wsgi' has no attribute 'application'
[UID:1732][2085504] Child process with pid: 2094057 was killed by signal: 15, core dumped: no
Traceback (most recent call last):
  File "/home/techandc/movie_bot_new/passenger_wsgi.py", line 9, in <module>
    application = wsgi.application
                  ^^^^^^^^^^^^^^^^
AttributeError: module 'wsgi' has no attribute 'application'
[UID:1732][2085504] Child process with pid: 2094079 was killed by signal: 15, core dumped: no
Traceback (most recent call last):
  File "/home/techandc/movie_bot_new/passenger_wsgi.py", line 9, in <module>
    application = wsgi.application
                  ^^^^^^^^^^^^^^^^
AttributeError: module 'wsgi' has no attribute 'application'
[UID:1732][2085504] Child process with pid: 2094094 was killed by signal: 15, core dumped: no
Traceback (most recent call last):
  File "/home/techandc/movie_bot_new/passenger_wsgi.py", line 9, in <module>
    application = wsgi.application
                  ^^^^^^^^^^^^^^^^
AttributeError: module 'wsgi' has no attribute 'application'
[UID:1732][2085504] Child process with pid: 2094112 was killed by signal: 15, core dumped: no
Traceback (most recent call last):
  File "/home/techandc/movie_bot_new/passenger_wsgi.py", line 9, in <module>
    application = wsgi.application
                  ^^^^^^^^^^^^^^^^
AttributeError: module 'wsgi' has no attribute 'application'
[UID:1732][2085504] Child process with pid: 2094130 was killed by signal: 15, core dumped: no
Traceback (most recent call last):
  File "/home/techandc/movie_bot_new/passenger_wsgi.py", line 9, in <module>
    application = wsgi.application
                  ^^^^^^^^^^^^^^^^
AttributeError: module 'wsgi' has no attribute 'application'
[UID:1732][2085504] Child process with pid: 2094144 was killed by signal: 15, core dumped: no
Traceback (most recent call last):
  File "/home/techandc/movie_bot_new/passenger_wsgi.py", line 9, in <module>
    application = wsgi.application
                  ^^^^^^^^^^^^^^^^
AttributeError: module 'wsgi' has no attribute 'application'
[UID:1732][2085504] Child process with pid: 2094165 was killed by signal: 15, core dumped: no
Traceback (most recent call last):
  File "/home/techandc/movie_bot_new/passenger_wsgi.py", line 9, in <module>
    application = wsgi.application
                  ^^^^^^^^^^^^^^^^
AttributeError: module 'wsgi' has no attribute 'application'
[UID:1732][2085504] Child process with pid: 2094186 was killed by signal: 15, core dumped: no
Traceback (most recent call last):
  File "/home/techandc/movie_bot_new/passenger_wsgi.py", line 9, in <module>
    application = wsgi.application
                  ^^^^^^^^^^^^^^^^
AttributeError: module 'wsgi' has no attribute 'application'
[UID:1732][2085504] Child process with pid: 2094198 was killed by signal: 15, core dumped: no
Traceback (most recent call last):
  File "/home/techandc/movie_bot_new/passenger_wsgi.py", line 9, in <module>
    application = wsgi.application
                  ^^^^^^^^^^^^^^^^
AttributeError: module 'wsgi' has no attribute 'application'
[UID:1732][2085504] Child process with pid: 2094212 was killed by signal: 15, core dumped: no
Traceback (most recent call last):
  File "/home/techandc/movie_bot_new/passenger_wsgi.py", line 9, in <module>
    application = wsgi.application
                  ^^^^^^^^^^^^^^^^
AttributeError: module 'wsgi' has no attribute 'application'
[UID:1732][2085504] Child process with pid: 2094232 was killed by signal: 15, core dumped: no
Traceback (most recent call last):
  File "/home/techandc/movie_bot_new/passenger_wsgi.py", line 9, in <module>
    application = wsgi.application
                  ^^^^^^^^^^^^^^^^
AttributeError: module 'wsgi' has no attribute 'application'
[UID:1732][2085504] Child process with pid: 2094251 was killed by signal: 15, core dumped: no
Traceback (most recent call last):
  File "/home/techandc/movie_bot_new/passenger_wsgi.py", line 9, in <module>
    application = wsgi.application
                  ^^^^^^^^^^^^^^^^
AttributeError: module 'wsgi' has no attribute 'application'
[UID:1732][2085504] Child process with pid: 2094267 was killed by signal: 15, core dumped: no
Traceback (most recent call last):
  File "/home/techandc/movie_bot_new/passenger_wsgi.py", line 9, in <module>
    application = wsgi.application
                  ^^^^^^^^^^^^^^^^
AttributeError: module 'wsgi' has no attribute 'application'
[UID:1732][2085504] Child process with pid: 2094282 was killed by signal: 15, core dumped: no
Traceback (most recent call last):
  File "/home/techandc/movie_bot_new/passenger_wsgi.py", line 9, in <module>
    application = wsgi.application
                  ^^^^^^^^^^^^^^^^
AttributeError: module 'wsgi' has no attribute 'application'
[UID:1732][2085504] Child process with pid: 2094299 was killed by signal: 15, core dumped: no
Traceback (most recent call last):
  File "/home/techandc/movie_bot_new/passenger_wsgi.py", line 9, in <module>
    application = wsgi.application
                  ^^^^^^^^^^^^^^^^
AttributeError: module 'wsgi' has no attribute 'application'
[UID:1732][2085504] Child process with pid: 2094319 was killed by signal: 15, core dumped: no
Traceback (most recent call last):
  File "/home/techandc/movie_bot_new/passenger_wsgi.py", line 9, in <module>
    application = wsgi.application
                  ^^^^^^^^^^^^^^^^
AttributeError: module 'wsgi' has no attribute 'application'
[UID:1732][2085504] Child process with pid: 2094345 was killed by signal: 15, core dumped: no
Traceback (most recent call last):
  File "/home/techandc/movie_bot_new/passenger_wsgi.py", line 9, in <module>
    application = wsgi.application
                  ^^^^^^^^^^^^^^^^
AttributeError: module 'wsgi' has no attribute 'application'
[UID:1732][2085504] Child process with pid: 2094360 was killed by signal: 15, core dumped: no
Traceback (most recent call last):
  File "/home/techandc/movie_bot_new/passenger_wsgi.py", line 9, in <module>
    application = wsgi.application
                  ^^^^^^^^^^^^^^^^
AttributeError: module 'wsgi' has no attribute 'application'
[UID:1732][2085504] Child process with pid: 2094376 was killed by signal: 15, core dumped: no
Traceback (most recent call last):
  File "/home/techandc/movie_bot_new/passenger_wsgi.py", line 9, in <module>
    application = wsgi.application
                  ^^^^^^^^^^^^^^^^
AttributeError: module 'wsgi' has no attribute 'application'
[UID:1732][2085504] Child process with pid: 2094392 was killed by signal: 15, core dumped: no
Traceback (most recent call last):
  File "/home/techandc/movie_bot_new/passenger_wsgi.py", line 9, in <module>
    application = wsgi.application
                  ^^^^^^^^^^^^^^^^
AttributeError: module 'wsgi' has no attribute 'application'
[UID:1732][2085504] Child process with pid: 2094417 was killed by signal: 15, core dumped: no
Traceback (most recent call last):
  File "/home/techandc/movie_bot_new/passenger_wsgi.py", line 9, in <module>
    application = wsgi.application
                  ^^^^^^^^^^^^^^^^
AttributeError: module 'wsgi' has no attribute 'application'
[UID:1732][2085504] Child process with pid: 2094438 was killed by signal: 15, core dumped: no
Traceback (most recent call last):
  File "/home/techandc/movie_bot_new/passenger_wsgi.py", line 9, in <module>
    application = wsgi.application
                  ^^^^^^^^^^^^^^^^
AttributeError: module 'wsgi' has no attribute 'application'
[UID:1732][2085504] Child process with pid: 2094452 was killed by signal: 15, core dumped: no
Traceback (most recent call last):
  File "/home/techandc/movie_bot_new/passenger_wsgi.py", line 9, in <module>
    application = wsgi.application
                  ^^^^^^^^^^^^^^^^
AttributeError: module 'wsgi' has no attribute 'application'
[UID:1732][2085504] Child process with pid: 2094474 was killed by signal: 15, core dumped: no
Traceback (most recent call last):
  File "/home/techandc/movie_bot_new/passenger_wsgi.py", line 9, in <module>
    application = wsgi.application
                  ^^^^^^^^^^^^^^^^
AttributeError: module 'wsgi' has no attribute 'application'
[UID:1732][2085504] Child process with pid: 2094489 was killed by signal: 15, core dumped: no
Traceback (most recent call last):
  File "/home/techandc/movie_bot_new/passenger_wsgi.py", line 9, in <module>
    application = wsgi.application
                  ^^^^^^^^^^^^^^^^
AttributeError: module 'wsgi' has no attribute 'application'
[UID:1732][2085504] Child process with pid: 2094511 was killed by signal: 15, core dumped: no
Traceback (most recent call last):
  File "/home/techandc/movie_bot_new/passenger_wsgi.py", line 9, in <module>
    application = wsgi.application
                  ^^^^^^^^^^^^^^^^
AttributeError: module 'wsgi' has no attribute 'application'
[UID:1732][2085504] Child process with pid: 2094524 was killed by signal: 15, core dumped: no
Traceback (most recent call last):
  File "/home/techandc/movie_bot_new/passenger_wsgi.py", line 9, in <module>
    application = wsgi.application
                  ^^^^^^^^^^^^^^^^
AttributeError: module 'wsgi' has no attribute 'application'
[UID:1732][2085504] Child process with pid: 2094561 was killed by signal: 15, core dumped: no
Traceback (most recent call last):
  File "/home/techandc/movie_bot_new/passenger_wsgi.py", line 9, in <module>
    application = wsgi.application
                  ^^^^^^^^^^^^^^^^
AttributeError: module 'wsgi' has no attribute 'application'
[UID:1732][2085504] Child process with pid: 2094576 was killed by signal: 15, core dumped: no
Traceback (most recent call last):
  File "/home/techandc/movie_bot_new/passenger_wsgi.py", line 9, in <module>
    application = wsgi.application
                  ^^^^^^^^^^^^^^^^
AttributeError: module 'wsgi' has no attribute 'application'
[UID:1732][2085504] Child process with pid: 2094604 was killed by signal: 15, core dumped: no
Traceback (most recent call last):
  File "/home/techandc/movie_bot_new/passenger_wsgi.py", line 9, in <module>
    application = wsgi.application
                  ^^^^^^^^^^^^^^^^
AttributeError: module 'wsgi' has no attribute 'application'
[UID:1732][2085504] Child process with pid: 2094619 was killed by signal: 15, core dumped: no
Traceback (most recent call last):
  File "/home/techandc/movie_bot_new/passenger_wsgi.py", line 9, in <module>
    application = wsgi.application
                  ^^^^^^^^^^^^^^^^
AttributeError: module 'wsgi' has no attribute 'application'
[UID:1732][2085504] Child process with pid: 2094642 was killed by signal: 15, core dumped: no
Traceback (most recent call last):
  File "/home/techandc/movie_bot_new/passenger_wsgi.py", line 9, in <module>
    application = wsgi.application
                  ^^^^^^^^^^^^^^^^
AttributeError: module 'wsgi' has no attribute 'application'
[UID:1732][2085504] Child process with pid: 2094658 was killed by signal: 15, core dumped: no
Traceback (most recent call last):
  File "/home/techandc/movie_bot_new/passenger_wsgi.py", line 9, in <module>
    application = wsgi.application
                  ^^^^^^^^^^^^^^^^
AttributeError: module 'wsgi' has no attribute 'application'
[UID:1732][2085504] Child process with pid: 2094735 was killed by signal: 15, core dumped: no
Traceback (most recent call last):
  File "/home/techandc/movie_bot_new/passenger_wsgi.py", line 9, in <module>
    application = wsgi.application
                  ^^^^^^^^^^^^^^^^
AttributeError: module 'wsgi' has no attribute 'application'
[UID:1732][2085504] Child process with pid: 2094815 was killed by signal: 15, core dumped: no
Traceback (most recent call last):
  File "/home/techandc/movie_bot_new/passenger_wsgi.py", line 9, in <module>
    application = wsgi.application
                  ^^^^^^^^^^^^^^^^
AttributeError: module 'wsgi' has no attribute 'application'
[UID:1732][2085504] Child process with pid: 2094877 was killed by signal: 15, core dumped: no
Traceback (most recent call last):
  File "/home/techandc/movie_bot_new/passenger_wsgi.py", line 9, in <module>
    application = wsgi.application
                  ^^^^^^^^^^^^^^^^
AttributeError: module 'wsgi' has no attribute 'application'
[UID:1732][2085504] Child process with pid: 2094924 was killed by signal: 15, core dumped: no
Traceback (most recent call last):
  File "/home/techandc/movie_bot_new/passenger_wsgi.py", line 9, in <module>
    application = wsgi.application
                  ^^^^^^^^^^^^^^^^
AttributeError: module 'wsgi' has no attribute 'application'
[UID:1732][2085504] Child process with pid: 2094973 was killed by signal: 15, core dumped: no
Traceback (most recent call last):
  File "/home/techandc/movie_bot_new/passenger_wsgi.py", line 9, in <module>
    application = wsgi.application
                  ^^^^^^^^^^^^^^^^
AttributeError: module 'wsgi' has no attribute 'application'
[UID:1732][2085504] Child process with pid: 2095009 was killed by signal: 15, core dumped: no
Traceback (most recent call last):
  File "/home/techandc/movie_bot_new/passenger_wsgi.py", line 9, in <module>
    application = wsgi.application
                  ^^^^^^^^^^^^^^^^
AttributeError: module 'wsgi' has no attribute 'application'
[UID:1732][2085504] Child process with pid: 2095078 was killed by signal: 15, core dumped: no
Traceback (most recent call last):
  File "/home/techandc/movie_bot_new/passenger_wsgi.py", line 9, in <module>
    application = wsgi.application
                  ^^^^^^^^^^^^^^^^
AttributeError: module 'wsgi' has no attribute 'application'
[UID:1732][2085504] Child process with pid: 2095112 was killed by signal: 15, core dumped: no
Traceback (most recent call last):
  File "/home/techandc/movie_bot_new/passenger_wsgi.py", line 9, in <module>
    application = wsgi.application
                  ^^^^^^^^^^^^^^^^
AttributeError: module 'wsgi' has no attribute 'application'
[UID:1732][2085504] Child process with pid: 2095143 was killed by signal: 15, core dumped: no
Traceback (most recent call last):
  File "/home/techandc/movie_bot_new/passenger_wsgi.py", line 9, in <module>
    application = wsgi.application
                  ^^^^^^^^^^^^^^^^
AttributeError: module 'wsgi' has no attribute 'application'
[UID:1732][2085504] Child process with pid: 2095162 was killed by signal: 15, core dumped: no
Traceback (most recent call last):
  File "/home/techandc/movie_bot_new/passenger_wsgi.py", line 9, in <module>
    application = wsgi.application
                  ^^^^^^^^^^^^^^^^
AttributeError: module 'wsgi' has no attribute 'application'
[UID:1732][2085504] Child process with pid: 2095191 was killed by signal: 15, core dumped: no
Traceback (most recent call last):
  File "/home/techandc/movie_bot_new/passenger_wsgi.py", line 9, in <module>
    application = wsgi.application
                  ^^^^^^^^^^^^^^^^
AttributeError: module 'wsgi' has no attribute 'application'
[UID:1732][2085504] Child process with pid: 2095217 was killed by signal: 15, core dumped: no
Traceback (most recent call last):
  File "/home/techandc/movie_bot_new/passenger_wsgi.py", line 9, in <module>
    application = wsgi.application
                  ^^^^^^^^^^^^^^^^
AttributeError: module 'wsgi' has no attribute 'application'
[UID:1732][2085504] Child process with pid: 2095229 was killed by signal: 15, core dumped: no
Traceback (most recent call last):
  File "/home/techandc/movie_bot_new/passenger_wsgi.py", line 9, in <module>
    application = wsgi.application
                  ^^^^^^^^^^^^^^^^
AttributeError: module 'wsgi' has no attribute 'application'
[UID:1732][2085504] Child process with pid: 2095238 was killed by signal: 15, core dumped: no
Traceback (most recent call last):
  File "/home/techandc/movie_bot_new/passenger_wsgi.py", line 9, in <module>
    application = wsgi.application
                  ^^^^^^^^^^^^^^^^
AttributeError: module 'wsgi' has no attribute 'application'
[UID:1732][2085504] Child process with pid: 2095254 was killed by signal: 15, core dumped: no
Traceback (most recent call last):
  File "/home/techandc/movie_bot_new/passenger_wsgi.py", line 9, in <module>
    application = wsgi.application
                  ^^^^^^^^^^^^^^^^
AttributeError: module 'wsgi' has no attribute 'application'
[UID:1732][2085504] Child process with pid: 2095270 was killed by signal: 15, core dumped: no
Traceback (most recent call last):
  File "/home/techandc/movie_bot_new/passenger_wsgi.py", line 9, in <module>
    application = wsgi.application
                  ^^^^^^^^^^^^^^^^
AttributeError: module 'wsgi' has no attribute 'application'
[UID:1732][2085504] Child process with pid: 2095293 was killed by signal: 15, core dumped: no
Traceback (most recent call last):
  File "/home/techandc/movie_bot_new/passenger_wsgi.py", line 9, in <module>
    application = wsgi.application
                  ^^^^^^^^^^^^^^^^
AttributeError: module 'wsgi' has no attribute 'application'
[UID:1732][2085504] Child process with pid: 2095306 was killed by signal: 15, core dumped: no
Traceback (most recent call last):
  File "/home/techandc/movie_bot_new/passenger_wsgi.py", line 9, in <module>
    application = wsgi.application
                  ^^^^^^^^^^^^^^^^
AttributeError: module 'wsgi' has no attribute 'application'
[UID:1732][2085504] Child process with pid: 2095323 was killed by signal: 15, core dumped: no
Traceback (most recent call last):
  File "/home/techandc/movie_bot_new/passenger_wsgi.py", line 9, in <module>
    application = wsgi.application
                  ^^^^^^^^^^^^^^^^
AttributeError: module 'wsgi' has no attribute 'application'
[UID:1732][2085504] Child process with pid: 2095345 was killed by signal: 15, core dumped: no
Traceback (most recent call last):
  File "/home/techandc/movie_bot_new/passenger_wsgi.py", line 9, in <module>
    application = wsgi.application
                  ^^^^^^^^^^^^^^^^
AttributeError: module 'wsgi' has no attribute 'application'
[UID:1732][2085504] Child process with pid: 2095368 was killed by signal: 15, core dumped: no
Traceback (most recent call last):
  File "/home/techandc/movie_bot_new/passenger_wsgi.py", line 9, in <module>
    application = wsgi.application
                  ^^^^^^^^^^^^^^^^
AttributeError: module 'wsgi' has no attribute 'application'
[UID:1732][2085504] Child process with pid: 2095383 was killed by signal: 15, core dumped: no
Traceback (most recent call last):
  File "/home/techandc/movie_bot_new/passenger_wsgi.py", line 9, in <module>
    application = wsgi.application
                  ^^^^^^^^^^^^^^^^
AttributeError: module 'wsgi' has no attribute 'application'
[UID:1732][2085504] Child process with pid: 2095403 was killed by signal: 15, core dumped: no
Traceback (most recent call last):
  File "/home/techandc/movie_bot_new/passenger_wsgi.py", line 9, in <module>
    application = wsgi.application
                  ^^^^^^^^^^^^^^^^
AttributeError: module 'wsgi' has no attribute 'application'
[UID:1732][2085504] Child process with pid: 2095421 was killed by signal: 15, core dumped: no
Traceback (most recent call last):
  File "/home/techandc/movie_bot_new/passenger_wsgi.py", line 9, in <module>
    application = wsgi.application
                  ^^^^^^^^^^^^^^^^
AttributeError: module 'wsgi' has no attribute 'application'
[UID:1732][2085504] Child process with pid: 2095449 was killed by signal: 15, core dumped: no
Traceback (most recent call last):
  File "/home/techandc/movie_bot_new/passenger_wsgi.py", line 9, in <module>
    application = wsgi.application
                  ^^^^^^^^^^^^^^^^
AttributeError: module 'wsgi' has no attribute 'application'
[UID:1732][2085504] Child process with pid: 2095469 was killed by signal: 15, core dumped: no
Traceback (most recent call last):
  File "/home/techandc/movie_bot_new/passenger_wsgi.py", line 9, in <module>
    application = wsgi.application
                  ^^^^^^^^^^^^^^^^
AttributeError: module 'wsgi' has no attribute 'application'
[UID:1732][2085504] Child process with pid: 2095479 was killed by signal: 15, core dumped: no
Traceback (most recent call last):
  File "/home/techandc/movie_bot_new/passenger_wsgi.py", line 9, in <module>
    application = wsgi.application
                  ^^^^^^^^^^^^^^^^
AttributeError: module 'wsgi' has no attribute 'application'
[UID:1732][2085504] Child process with pid: 2095492 was killed by signal: 15, core dumped: no
Traceback (most recent call last):
  File "/home/techandc/movie_bot_new/passenger_wsgi.py", line 9, in <module>
    application = wsgi.application
                  ^^^^^^^^^^^^^^^^
AttributeError: module 'wsgi' has no attribute 'application'
[UID:1732][2085504] Child process with pid: 2095515 was killed by signal: 15, core dumped: no
Traceback (most recent call last):
  File "/home/techandc/movie_bot_new/passenger_wsgi.py", line 9, in <module>
    application = wsgi.application
                  ^^^^^^^^^^^^^^^^
AttributeError: module 'wsgi' has no attribute 'application'
[UID:1732][2085504] Child process with pid: 2095534 was killed by signal: 15, core dumped: no
Traceback (most recent call last):
  File "/home/techandc/movie_bot_new/passenger_wsgi.py", line 9, in <module>
    application = wsgi.application
                  ^^^^^^^^^^^^^^^^
AttributeError: module 'wsgi' has no attribute 'application'
[UID:1732][2085504] Child process with pid: 2095553 was killed by signal: 15, core dumped: no
Traceback (most recent call last):
  File "/home/techandc/movie_bot_new/passenger_wsgi.py", line 9, in <module>
    application = wsgi.application
                  ^^^^^^^^^^^^^^^^
AttributeError: module 'wsgi' has no attribute 'application'
[UID:1732][2085504] Child process with pid: 2095571 was killed by signal: 15, core dumped: no
Traceback (most recent call last):
  File "/home/techandc/movie_bot_new/passenger_wsgi.py", line 9, in <module>
    application = wsgi.application
                  ^^^^^^^^^^^^^^^^
AttributeError: module 'wsgi' has no attribute 'application'
[UID:1732][2085504] Child process with pid: 2095588 was killed by signal: 15, core dumped: no
Traceback (most recent call last):
  File "/home/techandc/movie_bot_new/passenger_wsgi.py", line 9, in <module>
    application = wsgi.application
                  ^^^^^^^^^^^^^^^^
AttributeError: module 'wsgi' has no attribute 'application'
[UID:1732][2085504] Child process with pid: 2095606 was killed by signal: 15, core dumped: no
Traceback (most recent call last):
  File "/home/techandc/movie_bot_new/passenger_wsgi.py", line 9, in <module>
    application = wsgi.application
                  ^^^^^^^^^^^^^^^^
AttributeError: module 'wsgi' has no attribute 'application'
[UID:1732][2085504] Child process with pid: 2095620 was killed by signal: 15, core dumped: no
Traceback (most recent call last):
  File "/home/techandc/movie_bot_new/passenger_wsgi.py", line 9, in <module>
    application = wsgi.application
                  ^^^^^^^^^^^^^^^^
AttributeError: module 'wsgi' has no attribute 'application'
[UID:1732][2085504] Child process with pid: 2095632 was killed by signal: 15, core dumped: no
Traceback (most recent call last):
  File "/home/techandc/movie_bot_new/passenger_wsgi.py", line 9, in <module>
    application = wsgi.application
                  ^^^^^^^^^^^^^^^^
AttributeError: module 'wsgi' has no attribute 'application'
[UID:1732][2085504] Child process with pid: 2095645 was killed by signal: 15, core dumped: no
Traceback (most recent call last):
  File "/home/techandc/movie_bot_new/passenger_wsgi.py", line 9, in <module>
    application = wsgi.application
                  ^^^^^^^^^^^^^^^^
AttributeError: module 'wsgi' has no attribute 'application'
[UID:1732][2085504] Child process with pid: 2095663 was killed by signal: 15, core dumped: no
Traceback (most recent call last):
  File "/home/techandc/movie_bot_new/passenger_wsgi.py", line 9, in <module>
    application = wsgi.application
                  ^^^^^^^^^^^^^^^^
AttributeError: module 'wsgi' has no attribute 'application'
[UID:1732][2085504] Child process with pid: 2095677 was killed by signal: 15, core dumped: no
Traceback (most recent call last):
  File "/home/techandc/movie_bot_new/passenger_wsgi.py", line 9, in <module>
    application = wsgi.application
                  ^^^^^^^^^^^^^^^^
AttributeError: module 'wsgi' has no attribute 'application'
[UID:1732][2085504] Child process with pid: 2095695 was killed by signal: 15, core dumped: no
Traceback (most recent call last):
  File "/home/techandc/movie_bot_new/passenger_wsgi.py", line 9, in <module>
    application = wsgi.application
                  ^^^^^^^^^^^^^^^^
AttributeError: module 'wsgi' has no attribute 'application'
[UID:1732][2085504] Child process with pid: 2095712 was killed by signal: 15, core dumped: no
Traceback (most recent call last):
  File "/home/techandc/movie_bot_new/passenger_wsgi.py", line 9, in <module>
    application = wsgi.application
                  ^^^^^^^^^^^^^^^^
AttributeError: module 'wsgi' has no attribute 'application'
[UID:1732][2085504] Child process with pid: 2095724 was killed by signal: 15, core dumped: no
Traceback (most recent call last):
  File "/home/techandc/movie_bot_new/passenger_wsgi.py", line 9, in <module>
    application = wsgi.application
                  ^^^^^^^^^^^^^^^^
AttributeError: module 'wsgi' has no attribute 'application'
[UID:1732][2085504] Child process with pid: 2095742 was killed by signal: 15, core dumped: no
Traceback (most recent call last):
  File "/home/techandc/movie_bot_new/passenger_wsgi.py", line 9, in <module>
    application = wsgi.application
                  ^^^^^^^^^^^^^^^^
AttributeError: module 'wsgi' has no attribute 'application'
[UID:1732][2085504] Child process with pid: 2095756 was killed by signal: 15, core dumped: no
Traceback (most recent call last):
  File "/home/techandc/movie_bot_new/passenger_wsgi.py", line 9, in <module>
    application = wsgi.application
                  ^^^^^^^^^^^^^^^^
AttributeError: module 'wsgi' has no attribute 'application'
[UID:1732][2085504] Child process with pid: 2095775 was killed by signal: 15, core dumped: no
Traceback (most recent call last):
  File "/home/techandc/movie_bot_new/passenger_wsgi.py", line 9, in <module>
    application = wsgi.application
                  ^^^^^^^^^^^^^^^^
AttributeError: module 'wsgi' has no attribute 'application'
[UID:1732][2085504] Child process with pid: 2095794 was killed by signal: 15, core dumped: no
Traceback (most recent call last):
  File "/home/techandc/movie_bot_new/passenger_wsgi.py", line 9, in <module>
    application = wsgi.application
                  ^^^^^^^^^^^^^^^^
AttributeError: module 'wsgi' has no attribute 'application'
[UID:1732][2085504] Child process with pid: 2095815 was killed by signal: 15, core dumped: no
Traceback (most recent call last):
  File "/home/techandc/movie_bot_new/passenger_wsgi.py", line 9, in <module>
    application = wsgi.application
                  ^^^^^^^^^^^^^^^^
AttributeError: module 'wsgi' has no attribute 'application'
[UID:1732][2085504] Child process with pid: 2095828 was killed by signal: 15, core dumped: no
Traceback (most recent call last):
  File "/home/techandc/movie_bot_new/passenger_wsgi.py", line 9, in <module>
    application = wsgi.application
                  ^^^^^^^^^^^^^^^^
AttributeError: module 'wsgi' has no attribute 'application'
[UID:1732][2085504] Child process with pid: 2095840 was killed by signal: 15, core dumped: no
Traceback (most recent call last):
  File "/home/techandc/movie_bot_new/passenger_wsgi.py", line 9, in <module>
    application = wsgi.application
                  ^^^^^^^^^^^^^^^^
AttributeError: module 'wsgi' has no attribute 'application'
[UID:1732][2085504] Child process with pid: 2095857 was killed by signal: 15, core dumped: no
Traceback (most recent call last):
  File "/home/techandc/movie_bot_new/passenger_wsgi.py", line 9, in <module>
    application = wsgi.application
                  ^^^^^^^^^^^^^^^^
AttributeError: module 'wsgi' has no attribute 'application'
[UID:1732][2085504] Child process with pid: 2095872 was killed by signal: 15, core dumped: no
Traceback (most recent call last):
  File "/home/techandc/movie_bot_new/passenger_wsgi.py", line 9, in <module>
    application = wsgi.application
                  ^^^^^^^^^^^^^^^^
AttributeError: module 'wsgi' has no attribute 'application'
[UID:1732][2085504] Child process with pid: 2095887 was killed by signal: 15, core dumped: no
Traceback (most recent call last):
  File "/home/techandc/movie_bot_new/passenger_wsgi.py", line 9, in <module>
    application = wsgi.application
                  ^^^^^^^^^^^^^^^^
AttributeError: module 'wsgi' has no attribute 'application'
[UID:1732][2085504] Child process with pid: 2095912 was killed by signal: 15, core dumped: no
Traceback (most recent call last):
  File "/home/techandc/movie_bot_new/passenger_wsgi.py", line 9, in <module>
    application = wsgi.application
                  ^^^^^^^^^^^^^^^^
AttributeError: module 'wsgi' has no attribute 'application'
[UID:1732][2085504] Child process with pid: 2095934 was killed by signal: 15, core dumped: no
Traceback (most recent call last):
  File "/home/techandc/movie_bot_new/passenger_wsgi.py", line 9, in <module>
    application = wsgi.application
                  ^^^^^^^^^^^^^^^^
AttributeError: module 'wsgi' has no attribute 'application'
[UID:1732][2085504] Child process with pid: 2095949 was killed by signal: 15, core dumped: no
Traceback (most recent call last):
  File "/home/techandc/movie_bot_new/passenger_wsgi.py", line 9, in <module>
    application = wsgi.application
                  ^^^^^^^^^^^^^^^^
AttributeError: module 'wsgi' has no attribute 'application'
[UID:1732][2085504] Child process with pid: 2095975 was killed by signal: 15, core dumped: no
Traceback (most recent call last):
  File "/home/techandc/movie_bot_new/passenger_wsgi.py", line 9, in <module>
    application = wsgi.application
                  ^^^^^^^^^^^^^^^^
AttributeError: module 'wsgi' has no attribute 'application'
[UID:1732][2085504] Child process with pid: 2096004 was killed by signal: 15, core dumped: no
Traceback (most recent call last):
  File "/home/techandc/movie_bot_new/passenger_wsgi.py", line 9, in <module>
    application = wsgi.application
                  ^^^^^^^^^^^^^^^^
AttributeError: module 'wsgi' has no attribute 'application'
[UID:1732][2085504] Child process with pid: 2096020 was killed by signal: 15, core dumped: no
Traceback (most recent call last):
  File "/home/techandc/movie_bot_new/passenger_wsgi.py", line 9, in <module>
    application = wsgi.application
                  ^^^^^^^^^^^^^^^^
AttributeError: module 'wsgi' has no attribute 'application'
[UID:1732][2085504] Child process with pid: 2096034 was killed by signal: 15, core dumped: no
Traceback (most recent call last):
  File "/home/techandc/movie_bot_new/passenger_wsgi.py", line 9, in <module>
    application = wsgi.application
                  ^^^^^^^^^^^^^^^^
AttributeError: module 'wsgi' has no attribute 'application'
[UID:1732][2085504] Child process with pid: 2096043 was killed by signal: 15, core dumped: no
Traceback (most recent call last):
  File "/home/techandc/movie_bot_new/passenger_wsgi.py", line 9, in <module>
    application = wsgi.application
                  ^^^^^^^^^^^^^^^^
AttributeError: module 'wsgi' has no attribute 'application'
[UID:1732][2085504] Child process with pid: 2096058 was killed by signal: 15, core dumped: no
Traceback (most recent call last):
  File "/home/techandc/movie_bot_new/passenger_wsgi.py", line 9, in <module>
    application = wsgi.application
                  ^^^^^^^^^^^^^^^^
AttributeError: module 'wsgi' has no attribute 'application'
[UID:1732][2085504] Child process with pid: 2096069 was killed by signal: 15, core dumped: no
Traceback (most recent call last):
  File "/home/techandc/movie_bot_new/passenger_wsgi.py", line 9, in <module>
    application = wsgi.application
                  ^^^^^^^^^^^^^^^^
AttributeError: module 'wsgi' has no attribute 'application'
[UID:1732][2085504] Child process with pid: 2096085 was killed by signal: 15, core dumped: no
Traceback (most recent call last):
  File "/home/techandc/movie_bot_new/passenger_wsgi.py", line 9, in <module>
    application = wsgi.application
                  ^^^^^^^^^^^^^^^^
AttributeError: module 'wsgi' has no attribute 'application'
[UID:1732][2085504] Child process with pid: 2096099 was killed by signal: 15, core dumped: no
Traceback (most recent call last):
  File "/home/techandc/movie_bot_new/passenger_wsgi.py", line 9, in <module>
    application = wsgi.application
                  ^^^^^^^^^^^^^^^^
AttributeError: module 'wsgi' has no attribute 'application'
[UID:1732][2085504] Child process with pid: 2096114 was killed by signal: 15, core dumped: no
Traceback (most recent call last):
  File "/home/techandc/movie_bot_new/passenger_wsgi.py", line 9, in <module>
    application = wsgi.application
                  ^^^^^^^^^^^^^^^^
AttributeError: module 'wsgi' has no attribute 'application'
[UID:1732][2085504] Child process with pid: 2096126 was killed by signal: 15, core dumped: no
Traceback (most recent call last):
  File "/home/techandc/movie_bot_new/passenger_wsgi.py", line 9, in <module>
    application = wsgi.application
                  ^^^^^^^^^^^^^^^^
AttributeError: module 'wsgi' has no attribute 'application'
[UID:1732][2085504] Child process with pid: 2096139 was killed by signal: 15, core dumped: no
Traceback (most recent call last):
  File "/home/techandc/movie_bot_new/passenger_wsgi.py", line 9, in <module>
    application = wsgi.application
                  ^^^^^^^^^^^^^^^^
AttributeError: module 'wsgi' has no attribute 'application'
[UID:1732][2085504] Child process with pid: 2096156 was killed by signal: 15, core dumped: no
Traceback (most recent call last):
  File "/home/techandc/movie_bot_new/passenger_wsgi.py", line 9, in <module>
    application = wsgi.application
                  ^^^^^^^^^^^^^^^^
AttributeError: module 'wsgi' has no attribute 'application'
[UID:1732][2085504] Child process with pid: 2096168 was killed by signal: 15, core dumped: no
Traceback (most recent call last):
  File "/home/techandc/movie_bot_new/passenger_wsgi.py", line 9, in <module>
    application = wsgi.application
                  ^^^^^^^^^^^^^^^^
AttributeError: module 'wsgi' has no attribute 'application'
[UID:1732][2085504] Child process with pid: 2096189 was killed by signal: 15, core dumped: no
Traceback (most recent call last):
  File "/home/techandc/movie_bot_new/passenger_wsgi.py", line 9, in <module>
    application = wsgi.application
                  ^^^^^^^^^^^^^^^^
AttributeError: module 'wsgi' has no attribute 'application'
[UID:1732][2085504] Child process with pid: 2096208 was killed by signal: 15, core dumped: no
Traceback (most recent call last):
  File "/home/techandc/movie_bot_new/passenger_wsgi.py", line 9, in <module>
    application = wsgi.application
                  ^^^^^^^^^^^^^^^^
AttributeError: module 'wsgi' has no attribute 'application'
[UID:1732][2085504] Child process with pid: 2096229 was killed by signal: 15, core dumped: no
Traceback (most recent call last):
  File "/home/techandc/movie_bot_new/passenger_wsgi.py", line 9, in <module>
    application = wsgi.application
                  ^^^^^^^^^^^^^^^^
AttributeError: module 'wsgi' has no attribute 'application'
[UID:1732][2085504] Child process with pid: 2096253 was killed by signal: 15, core dumped: no
Traceback (most recent call last):
  File "/home/techandc/movie_bot_new/passenger_wsgi.py", line 9, in <module>
    application = wsgi.application
                  ^^^^^^^^^^^^^^^^
AttributeError: module 'wsgi' has no attribute 'application'
[UID:1732][2085504] Child process with pid: 2096269 was killed by signal: 15, core dumped: no
Traceback (most recent call last):
  File "/home/techandc/movie_bot_new/passenger_wsgi.py", line 9, in <module>
    application = wsgi.application
                  ^^^^^^^^^^^^^^^^
AttributeError: module 'wsgi' has no attribute 'application'
[UID:1732][2085504] Child process with pid: 2096301 was killed by signal: 15, core dumped: no
Traceback (most recent call last):
  File "/home/techandc/movie_bot_new/passenger_wsgi.py", line 9, in <module>
    application = wsgi.application
                  ^^^^^^^^^^^^^^^^
AttributeError: module 'wsgi' has no attribute 'application'
[UID:1732][2085504] Child process with pid: 2096314 was killed by signal: 15, core dumped: no
Traceback (most recent call last):
  File "/home/techandc/movie_bot_new/passenger_wsgi.py", line 9, in <module>
    application = wsgi.application
                  ^^^^^^^^^^^^^^^^
AttributeError: module 'wsgi' has no attribute 'application'
[UID:1732][2085504] Child process with pid: 2096325 was killed by signal: 15, core dumped: no
Traceback (most recent call last):
  File "/home/techandc/movie_bot_new/passenger_wsgi.py", line 9, in <module>
    application = wsgi.application
                  ^^^^^^^^^^^^^^^^
AttributeError: module 'wsgi' has no attribute 'application'
[UID:1732][2085504] Child process with pid: 2096343 was killed by signal: 15, core dumped: no
Traceback (most recent call last):
  File "/home/techandc/movie_bot_new/passenger_wsgi.py", line 9, in <module>
    application = wsgi.application
                  ^^^^^^^^^^^^^^^^
AttributeError: module 'wsgi' has no attribute 'application'
[UID:1732][2085504] Child process with pid: 2096357 was killed by signal: 15, core dumped: no
Traceback (most recent call last):
  File "/home/techandc/movie_bot_new/passenger_wsgi.py", line 9, in <module>
    application = wsgi.application
                  ^^^^^^^^^^^^^^^^
AttributeError: module 'wsgi' has no attribute 'application'
[UID:1732][2085504] Child process with pid: 2096374 was killed by signal: 15, core dumped: no
Traceback (most recent call last):
  File "/home/techandc/movie_bot_new/passenger_wsgi.py", line 9, in <module>
    application = wsgi.application
                  ^^^^^^^^^^^^^^^^
AttributeError: module 'wsgi' has no attribute 'application'
[UID:1732][2085504] Child process with pid: 2096389 was killed by signal: 15, core dumped: no
Traceback (most recent call last):
  File "/home/techandc/movie_bot_new/passenger_wsgi.py", line 9, in <module>
    application = wsgi.application
                  ^^^^^^^^^^^^^^^^
AttributeError: module 'wsgi' has no attribute 'application'
[UID:1732][2085504] Child process with pid: 2096407 was killed by signal: 15, core dumped: no
Traceback (most recent call last):
  File "/home/techandc/movie_bot_new/passenger_wsgi.py", line 9, in <module>
    application = wsgi.application
                  ^^^^^^^^^^^^^^^^
AttributeError: module 'wsgi' has no attribute 'application'
[UID:1732][2085504] Child process with pid: 2096429 was killed by signal: 15, core dumped: no
Traceback (most recent call last):
  File "/home/techandc/movie_bot_new/passenger_wsgi.py", line 9, in <module>
    application = wsgi.application
                  ^^^^^^^^^^^^^^^^
AttributeError: module 'wsgi' has no attribute 'application'
[UID:1732][2085504] Child process with pid: 2096440 was killed by signal: 15, core dumped: no
Traceback (most recent call last):
  File "/home/techandc/movie_bot_new/passenger_wsgi.py", line 9, in <module>
    application = wsgi.application
                  ^^^^^^^^^^^^^^^^
AttributeError: module 'wsgi' has no attribute 'application'
[UID:1732][2085504] Child process with pid: 2096462 was killed by signal: 15, core dumped: no
Traceback (most recent call last):
  File "/home/techandc/movie_bot_new/passenger_wsgi.py", line 9, in <module>
    application = wsgi.application
                  ^^^^^^^^^^^^^^^^
AttributeError: module 'wsgi' has no attribute 'application'
[UID:1732][2085504] Child process with pid: 2096485 was killed by signal: 15, core dumped: no
Traceback (most recent call last):
  File "/home/techandc/movie_bot_new/passenger_wsgi.py", line 9, in <module>
    application = wsgi.application
                  ^^^^^^^^^^^^^^^^
AttributeError: module 'wsgi' has no attribute 'application'
[UID:1732][2085504] Child process with pid: 2096498 was killed by signal: 15, core dumped: no
Traceback (most recent call last):
  File "/home/techandc/movie_bot_new/passenger_wsgi.py", line 9, in <module>
    application = wsgi.application
                  ^^^^^^^^^^^^^^^^
AttributeError: module 'wsgi' has no attribute 'application'
[UID:1732][2085504] Child process with pid: 2096512 was killed by signal: 15, core dumped: no
Traceback (most recent call last):
  File "/home/techandc/movie_bot_new/passenger_wsgi.py", line 9, in <module>
    application = wsgi.application
                  ^^^^^^^^^^^^^^^^
AttributeError: module 'wsgi' has no attribute 'application'
[UID:1732][2085504] Child process with pid: 2096533 was killed by signal: 15, core dumped: no
Traceback (most recent call last):
  File "/home/techandc/movie_bot_new/passenger_wsgi.py", line 9, in <module>
    application = wsgi.application
                  ^^^^^^^^^^^^^^^^
AttributeError: module 'wsgi' has no attribute 'application'
[UID:1732][2085504] Child process with pid: 2096552 was killed by signal: 15, core dumped: no
Traceback (most recent call last):
  File "/home/techandc/movie_bot_new/passenger_wsgi.py", line 9, in <module>
    application = wsgi.application
                  ^^^^^^^^^^^^^^^^
AttributeError: module 'wsgi' has no attribute 'application'
[UID:1732][2085504] Child process with pid: 2096577 was killed by signal: 15, core dumped: no
Traceback (most recent call last):
  File "/home/techandc/movie_bot_new/passenger_wsgi.py", line 9, in <module>
    application = wsgi.application
                  ^^^^^^^^^^^^^^^^
AttributeError: module 'wsgi' has no attribute 'application'
[UID:1732][2085504] Child process with pid: 2096591 was killed by signal: 15, core dumped: no
Traceback (most recent call last):
  File "/home/techandc/movie_bot_new/passenger_wsgi.py", line 9, in <module>
    application = wsgi.application
                  ^^^^^^^^^^^^^^^^
AttributeError: module 'wsgi' has no attribute 'application'
[UID:1732][2085504] Child process with pid: 2096607 was killed by signal: 15, core dumped: no
Traceback (most recent call last):
  File "/home/techandc/movie_bot_new/passenger_wsgi.py", line 9, in <module>
    application = wsgi.application
                  ^^^^^^^^^^^^^^^^
AttributeError: module 'wsgi' has no attribute 'application'
[UID:1732][2085504] Child process with pid: 2096624 was killed by signal: 15, core dumped: no
Traceback (most recent call last):
  File "/home/techandc/movie_bot_new/passenger_wsgi.py", line 9, in <module>
    application = wsgi.application
                  ^^^^^^^^^^^^^^^^
AttributeError: module 'wsgi' has no attribute 'application'
[UID:1732][2085504] Child process with pid: 2096642 was killed by signal: 15, core dumped: no
Traceback (most recent call last):
  File "/home/techandc/movie_bot_new/passenger_wsgi.py", line 9, in <module>
    application = wsgi.application
                  ^^^^^^^^^^^^^^^^
AttributeError: module 'wsgi' has no attribute 'application'
[UID:1732][2085504] Child process with pid: 2096656 was killed by signal: 15, core dumped: no
Traceback (most recent call last):
  File "/home/techandc/movie_bot_new/passenger_wsgi.py", line 9, in <module>
    application = wsgi.application
                  ^^^^^^^^^^^^^^^^
AttributeError: module 'wsgi' has no attribute 'application'
[UID:1732][2085504] Child process with pid: 2096669 was killed by signal: 15, core dumped: no
Traceback (most recent call last):
  File "/home/techandc/movie_bot_new/passenger_wsgi.py", line 9, in <module>
    application = wsgi.application
                  ^^^^^^^^^^^^^^^^
AttributeError: module 'wsgi' has no attribute 'application'
[UID:1732][2085504] Child process with pid: 2096692 was killed by signal: 15, core dumped: no
Traceback (most recent call last):
  File "/home/techandc/movie_bot_new/passenger_wsgi.py", line 9, in <module>
    application = wsgi.application
                  ^^^^^^^^^^^^^^^^
AttributeError: module 'wsgi' has no attribute 'application'
[UID:1732][2085504] Child process with pid: 2096701 was killed by signal: 15, core dumped: no
Traceback (most recent call last):
  File "/home/techandc/movie_bot_new/passenger_wsgi.py", line 9, in <module>
    application = wsgi.application
                  ^^^^^^^^^^^^^^^^
AttributeError: module 'wsgi' has no attribute 'application'
[UID:1732][2085504] Child process with pid: 2096719 was killed by signal: 15, core dumped: no
Traceback (most recent call last):
  File "/home/techandc/movie_bot_new/passenger_wsgi.py", line 9, in <module>
    application = wsgi.application
                  ^^^^^^^^^^^^^^^^
AttributeError: module 'wsgi' has no attribute 'application'
[UID:1732][2085504] Child process with pid: 2096729 was killed by signal: 15, core dumped: no
Traceback (most recent call last):
  File "/home/techandc/movie_bot_new/passenger_wsgi.py", line 9, in <module>
    application = wsgi.application
                  ^^^^^^^^^^^^^^^^
AttributeError: module 'wsgi' has no attribute 'application'
[UID:1732][2085504] Child process with pid: 2096743 was killed by signal: 15, core dumped: no
Traceback (most recent call last):
  File "/home/techandc/movie_bot_new/passenger_wsgi.py", line 9, in <module>
    application = wsgi.application
                  ^^^^^^^^^^^^^^^^
AttributeError: module 'wsgi' has no attribute 'application'
[UID:1732][2085504] Child process with pid: 2096766 was killed by signal: 15, core dumped: no
Traceback (most recent call last):
  File "/home/techandc/movie_bot_new/passenger_wsgi.py", line 9, in <module>
    application = wsgi.application
                  ^^^^^^^^^^^^^^^^
AttributeError: module 'wsgi' has no attribute 'application'
[UID:1732][2085504] Child process with pid: 2096786 was killed by signal: 15, core dumped: no
Traceback (most recent call last):
  File "/home/techandc/movie_bot_new/passenger_wsgi.py", line 9, in <module>
    application = wsgi.application
                  ^^^^^^^^^^^^^^^^
AttributeError: module 'wsgi' has no attribute 'application'
[UID:1732][2085504] Child process with pid: 2096815 was killed by signal: 15, core dumped: no
Traceback (most recent call last):
  File "/home/techandc/movie_bot_new/passenger_wsgi.py", line 9, in <module>
    application = wsgi.application
                  ^^^^^^^^^^^^^^^^
AttributeError: module 'wsgi' has no attribute 'application'
[UID:1732][2085504] Child process with pid: 2096835 was killed by signal: 15, core dumped: no
Traceback (most recent call last):
  File "/home/techandc/movie_bot_new/passenger_wsgi.py", line 9, in <module>
    application = wsgi.application
                  ^^^^^^^^^^^^^^^^
AttributeError: module 'wsgi' has no attribute 'application'
[UID:1732][2085504] Child process with pid: 2096854 was killed by signal: 15, core dumped: no
Traceback (most recent call last):
  File "/home/techandc/movie_bot_new/passenger_wsgi.py", line 9, in <module>
    application = wsgi.application
                  ^^^^^^^^^^^^^^^^
AttributeError: module 'wsgi' has no attribute 'application'
[UID:1732][2085504] Child process with pid: 2096869 was killed by signal: 15, core dumped: no
Traceback (most recent call last):
  File "/home/techandc/movie_bot_new/passenger_wsgi.py", line 9, in <module>
    application = wsgi.application
                  ^^^^^^^^^^^^^^^^
AttributeError: module 'wsgi' has no attribute 'application'
[UID:1732][2085504] Child process with pid: 2096882 was killed by signal: 15, core dumped: no
Traceback (most recent call last):
  File "/home/techandc/movie_bot_new/passenger_wsgi.py", line 9, in <module>
    application = wsgi.application
                  ^^^^^^^^^^^^^^^^
AttributeError: module 'wsgi' has no attribute 'application'
[UID:1732][2085504] Child process with pid: 2096898 was killed by signal: 15, core dumped: no
Traceback (most recent call last):
  File "/home/techandc/movie_bot_new/passenger_wsgi.py", line 9, in <module>
    application = wsgi.application
                  ^^^^^^^^^^^^^^^^
AttributeError: module 'wsgi' has no attribute 'application'
[UID:1732][2085504] Child process with pid: 2096907 was killed by signal: 15, core dumped: no
Traceback (most recent call last):
  File "/home/techandc/movie_bot_new/passenger_wsgi.py", line 9, in <module>
    application = wsgi.application
                  ^^^^^^^^^^^^^^^^
AttributeError: module 'wsgi' has no attribute 'application'
[UID:1732][2085504] Child process with pid: 2096926 was killed by signal: 15, core dumped: no
Traceback (most recent call last):
  File "/home/techandc/movie_bot_new/passenger_wsgi.py", line 9, in <module>
    application = wsgi.application
                  ^^^^^^^^^^^^^^^^
AttributeError: module 'wsgi' has no attribute 'application'
[UID:1732][2085504] Child process with pid: 2096940 was killed by signal: 15, core dumped: no
Traceback (most recent call last):
  File "/home/techandc/movie_bot_new/passenger_wsgi.py", line 9, in <module>
    application = wsgi.application
                  ^^^^^^^^^^^^^^^^
AttributeError: module 'wsgi' has no attribute 'application'
[UID:1732][2085504] Child process with pid: 2096953 was killed by signal: 15, core dumped: no
Traceback (most recent call last):
  File "/home/techandc/movie_bot_new/passenger_wsgi.py", line 9, in <module>
    application = wsgi.application
                  ^^^^^^^^^^^^^^^^
AttributeError: module 'wsgi' has no attribute 'application'
[UID:1732][2085504] Child process with pid: 2096966 was killed by signal: 15, core dumped: no
Traceback (most recent call last):
  File "/home/techandc/movie_bot_new/passenger_wsgi.py", line 9, in <module>
    application = wsgi.application
                  ^^^^^^^^^^^^^^^^
AttributeError: module 'wsgi' has no attribute 'application'
[UID:1732][2085504] Child process with pid: 2096979 was killed by signal: 15, core dumped: no
Traceback (most recent call last):
  File "/home/techandc/movie_bot_new/passenger_wsgi.py", line 9, in <module>
    application = wsgi.application
                  ^^^^^^^^^^^^^^^^
AttributeError: module 'wsgi' has no attribute 'application'
[UID:1732][2085504] Child process with pid: 2097001 was killed by signal: 15, core dumped: no
Traceback (most recent call last):
  File "/home/techandc/movie_bot_new/passenger_wsgi.py", line 9, in <module>
    application = wsgi.application
                  ^^^^^^^^^^^^^^^^
AttributeError: module 'wsgi' has no attribute 'application'
[UID:1732][2085504] Child process with pid: 2097023 was killed by signal: 15, core dumped: no
Traceback (most recent call last):
  File "/home/techandc/movie_bot_new/passenger_wsgi.py", line 9, in <module>
    application = wsgi.application
                  ^^^^^^^^^^^^^^^^
AttributeError: module 'wsgi' has no attribute 'application'
[UID:1732][2085504] Child process with pid: 2097041 was killed by signal: 15, core dumped: no
Traceback (most recent call last):
  File "/home/techandc/movie_bot_new/passenger_wsgi.py", line 9, in <module>
    application = wsgi.application
                  ^^^^^^^^^^^^^^^^
AttributeError: module 'wsgi' has no attribute 'application'
[UID:1732][2085504] Child process with pid: 2097066 was killed by signal: 15, core dumped: no
Traceback (most recent call last):
  File "/home/techandc/movie_bot_new/passenger_wsgi.py", line 9, in <module>
    application = wsgi.application
                  ^^^^^^^^^^^^^^^^
AttributeError: module 'wsgi' has no attribute 'application'
[UID:1732][2085504] Child process with pid: 2097085 was killed by signal: 15, core dumped: no
Traceback (most recent call last):
  File "/home/techandc/movie_bot_new/passenger_wsgi.py", line 9, in <module>
    application = wsgi.application
                  ^^^^^^^^^^^^^^^^
AttributeError: module 'wsgi' has no attribute 'application'
[UID:1732][2085504] Child process with pid: 2097114 was killed by signal: 15, core dumped: no
Traceback (most recent call last):
  File "/home/techandc/movie_bot_new/passenger_wsgi.py", line 9, in <module>
    application = wsgi.application
                  ^^^^^^^^^^^^^^^^
AttributeError: module 'wsgi' has no attribute 'application'
[UID:1732][2085504] Child process with pid: 2097133 was killed by signal: 15, core dumped: no
Traceback (most recent call last):
  File "/home/techandc/movie_bot_new/passenger_wsgi.py", line 9, in <module>
    application = wsgi.application
                  ^^^^^^^^^^^^^^^^
AttributeError: module 'wsgi' has no attribute 'application'
[UID:1732][2085504] Child process with pid: 2097153 was killed by signal: 15, core dumped: no
Traceback (most recent call last):
  File "/home/techandc/movie_bot_new/passenger_wsgi.py", line 9, in <module>
    application = wsgi.application
                  ^^^^^^^^^^^^^^^^
AttributeError: module 'wsgi' has no attribute 'application'
[UID:1732][2085504] Child process with pid: 2097167 was killed by signal: 15, core dumped: no
Traceback (most recent call last):
  File "/home/techandc/movie_bot_new/passenger_wsgi.py", line 9, in <module>
    application = wsgi.application
                  ^^^^^^^^^^^^^^^^
AttributeError: module 'wsgi' has no attribute 'application'
[UID:1732][2085504] Child process with pid: 2097180 was killed by signal: 15, core dumped: no
Traceback (most recent call last):
  File "/home/techandc/movie_bot_new/passenger_wsgi.py", line 9, in <module>
    application = wsgi.application
                  ^^^^^^^^^^^^^^^^
AttributeError: module 'wsgi' has no attribute 'application'
[UID:1732][2085504] Child process with pid: 2097189 was killed by signal: 15, core dumped: no
Traceback (most recent call last):
  File "/home/techandc/movie_bot_new/passenger_wsgi.py", line 9, in <module>
    application = wsgi.application
                  ^^^^^^^^^^^^^^^^
AttributeError: module 'wsgi' has no attribute 'application'
[UID:1732][2085504] Child process with pid: 2097205 was killed by signal: 15, core dumped: no
Traceback (most recent call last):
  File "/home/techandc/movie_bot_new/passenger_wsgi.py", line 9, in <module>
    application = wsgi.application
                  ^^^^^^^^^^^^^^^^
AttributeError: module 'wsgi' has no attribute 'application'
[UID:1732][2085504] Child process with pid: 2097229 was killed by signal: 15, core dumped: no
Traceback (most recent call last):
  File "/home/techandc/movie_bot_new/passenger_wsgi.py", line 9, in <module>
    application = wsgi.application
                  ^^^^^^^^^^^^^^^^
AttributeError: module 'wsgi' has no attribute 'application'
[UID:1732][2085504] Child process with pid: 2097251 was killed by signal: 15, core dumped: no
Traceback (most recent call last):
  File "/home/techandc/movie_bot_new/passenger_wsgi.py", line 9, in <module>
    application = wsgi.application
                  ^^^^^^^^^^^^^^^^
AttributeError: module 'wsgi' has no attribute 'application'
[UID:1732][2085504] Child process with pid: 2097273 was killed by signal: 15, core dumped: no
Traceback (most recent call last):
  File "/home/techandc/movie_bot_new/passenger_wsgi.py", line 9, in <module>
    application = wsgi.application
                  ^^^^^^^^^^^^^^^^
AttributeError: module 'wsgi' has no attribute 'application'
[UID:1732][2085504] Child process with pid: 2097281 was killed by signal: 15, core dumped: no
Traceback (most recent call last):
  File "/home/techandc/movie_bot_new/passenger_wsgi.py", line 9, in <module>
    application = wsgi.application
                  ^^^^^^^^^^^^^^^^
AttributeError: module 'wsgi' has no attribute 'application'
[UID:1732][2085504] Child process with pid: 2097295 was killed by signal: 15, core dumped: no
Traceback (most recent call last):
  File "/home/techandc/movie_bot_new/passenger_wsgi.py", line 9, in <module>
    application = wsgi.application
                  ^^^^^^^^^^^^^^^^
AttributeError: module 'wsgi' has no attribute 'application'
[UID:1732][2085504] Child process with pid: 2097308 was killed by signal: 15, core dumped: no
Traceback (most recent call last):
  File "/home/techandc/movie_bot_new/passenger_wsgi.py", line 9, in <module>
    application = wsgi.application
                  ^^^^^^^^^^^^^^^^
AttributeError: module 'wsgi' has no attribute 'application'
[UID:1732][2085504] Child process with pid: 2097328 was killed by signal: 15, core dumped: no
Traceback (most recent call last):
  File "/home/techandc/movie_bot_new/passenger_wsgi.py", line 9, in <module>
    application = wsgi.application
                  ^^^^^^^^^^^^^^^^
AttributeError: module 'wsgi' has no attribute 'application'
[UID:1732][2085504] Child process with pid: 2097345 was killed by signal: 15, core dumped: no
Traceback (most recent call last):
  File "/home/techandc/movie_bot_new/passenger_wsgi.py", line 9, in <module>
    application = wsgi.application
                  ^^^^^^^^^^^^^^^^
AttributeError: module 'wsgi' has no attribute 'application'
[UID:1732][2085504] Child process with pid: 2097358 was killed by signal: 15, core dumped: no
Traceback (most recent call last):
  File "/home/techandc/movie_bot_new/passenger_wsgi.py", line 9, in <module>
    application = wsgi.application
                  ^^^^^^^^^^^^^^^^
AttributeError: module 'wsgi' has no attribute 'application'
[UID:1732][2085504] Child process with pid: 2097375 was killed by signal: 15, core dumped: no
Traceback (most recent call last):
  File "/home/techandc/movie_bot_new/passenger_wsgi.py", line 9, in <module>
    application = wsgi.application
                  ^^^^^^^^^^^^^^^^
AttributeError: module 'wsgi' has no attribute 'application'
[UID:1732][2085504] Child process with pid: 2097394 was killed by signal: 15, core dumped: no
Traceback (most recent call last):
  File "/home/techandc/movie_bot_new/passenger_wsgi.py", line 9, in <module>
    application = wsgi.application
                  ^^^^^^^^^^^^^^^^
AttributeError: module 'wsgi' has no attribute 'application'
[UID:1732][2085504] Child process with pid: 2097414 was killed by signal: 15, core dumped: no
Traceback (most recent call last):
  File "/home/techandc/movie_bot_new/passenger_wsgi.py", line 9, in <module>
    application = wsgi.application
                  ^^^^^^^^^^^^^^^^
AttributeError: module 'wsgi' has no attribute 'application'
[UID:1732][2085504] Child process with pid: 2097429 was killed by signal: 15, core dumped: no
Traceback (most recent call last):
  File "/home/techandc/movie_bot_new/passenger_wsgi.py", line 9, in <module>
    application = wsgi.application
                  ^^^^^^^^^^^^^^^^
AttributeError: module 'wsgi' has no attribute 'application'
[UID:1732][2085504] Child process with pid: 2097441 was killed by signal: 15, core dumped: no
Traceback (most recent call last):
  File "/home/techandc/movie_bot_new/passenger_wsgi.py", line 9, in <module>
    application = wsgi.application
                  ^^^^^^^^^^^^^^^^
AttributeError: module 'wsgi' has no attribute 'application'
[UID:1732][2085504] Child process with pid: 2097456 was killed by signal: 15, core dumped: no
Traceback (most recent call last):
  File "/home/techandc/movie_bot_new/passenger_wsgi.py", line 9, in <module>
    application = wsgi.application
                  ^^^^^^^^^^^^^^^^
AttributeError: module 'wsgi' has no attribute 'application'
[UID:1732][2085504] Child process with pid: 2097479 was killed by signal: 15, core dumped: no
Traceback (most recent call last):
  File "/home/techandc/movie_bot_new/passenger_wsgi.py", line 9, in <module>
    application = wsgi.application
                  ^^^^^^^^^^^^^^^^
AttributeError: module 'wsgi' has no attribute 'application'
[UID:1732][2085504] Child process with pid: 2097508 was killed by signal: 15, core dumped: no
Traceback (most recent call last):
  File "/home/techandc/movie_bot_new/passenger_wsgi.py", line 9, in <module>
    application = wsgi.application
                  ^^^^^^^^^^^^^^^^
AttributeError: module 'wsgi' has no attribute 'application'
[UID:1732][2085504] Child process with pid: 2097530 was killed by signal: 15, core dumped: no
Traceback (most recent call last):
  File "/home/techandc/movie_bot_new/passenger_wsgi.py", line 9, in <module>
    application = wsgi.application
                  ^^^^^^^^^^^^^^^^
AttributeError: module 'wsgi' has no attribute 'application'
[UID:1732][2085504] Child process with pid: 2097554 was killed by signal: 15, core dumped: no
Traceback (most recent call last):
  File "/home/techandc/movie_bot_new/passenger_wsgi.py", line 9, in <module>
    application = wsgi.application
                  ^^^^^^^^^^^^^^^^
AttributeError: module 'wsgi' has no attribute 'application'
[UID:1732][2085504] Child process with pid: 2097573 was killed by signal: 15, core dumped: no
Traceback (most recent call last):
  File "/home/techandc/movie_bot_new/passenger_wsgi.py", line 9, in <module>
    application = wsgi.application
                  ^^^^^^^^^^^^^^^^
AttributeError: module 'wsgi' has no attribute 'application'
[UID:1732][2085504] Child process with pid: 2097588 was killed by signal: 15, core dumped: no
Traceback (most recent call last):
  File "/home/techandc/movie_bot_new/passenger_wsgi.py", line 9, in <module>
    application = wsgi.application
                  ^^^^^^^^^^^^^^^^
AttributeError: module 'wsgi' has no attribute 'application'
[UID:1732][2085504] Child process with pid: 2097610 was killed by signal: 15, core dumped: no
Traceback (most recent call last):
  File "/home/techandc/movie_bot_new/passenger_wsgi.py", line 9, in <module>
    application = wsgi.application
                  ^^^^^^^^^^^^^^^^
AttributeError: module 'wsgi' has no attribute 'application'
[UID:1732][2085504] Child process with pid: 2097634 was killed by signal: 15, core dumped: no
Traceback (most recent call last):
  File "/home/techandc/movie_bot_new/passenger_wsgi.py", line 9, in <module>
    application = wsgi.application
                  ^^^^^^^^^^^^^^^^
AttributeError: module 'wsgi' has no attribute 'application'
[UID:1732][2085504] Child process with pid: 2097652 was killed by signal: 15, core dumped: no
Traceback (most recent call last):
  File "/home/techandc/movie_bot_new/passenger_wsgi.py", line 9, in <module>
    application = wsgi.application
                  ^^^^^^^^^^^^^^^^
AttributeError: module 'wsgi' has no attribute 'application'
[UID:1732][2085504] Child process with pid: 2097670 was killed by signal: 15, core dumped: no
Traceback (most recent call last):
  File "/home/techandc/movie_bot_new/passenger_wsgi.py", line 9, in <module>
    application = wsgi.application
                  ^^^^^^^^^^^^^^^^
AttributeError: module 'wsgi' has no attribute 'application'
[UID:1732][2085504] Child process with pid: 2097688 was killed by signal: 15, core dumped: no
Traceback (most recent call last):
  File "/home/techandc/movie_bot_new/passenger_wsgi.py", line 9, in <module>
    application = wsgi.application
                  ^^^^^^^^^^^^^^^^
AttributeError: module 'wsgi' has no attribute 'application'
[UID:1732][2085504] Child process with pid: 2097713 was killed by signal: 15, core dumped: no
Traceback (most recent call last):
  File "/home/techandc/movie_bot_new/passenger_wsgi.py", line 9, in <module>
    application = wsgi.application
                  ^^^^^^^^^^^^^^^^
AttributeError: module 'wsgi' has no attribute 'application'
[UID:1732][2085504] Child process with pid: 2097728 was killed by signal: 15, core dumped: no
Traceback (most recent call last):
  File "/home/techandc/movie_bot_new/passenger_wsgi.py", line 9, in <module>
    application = wsgi.application
                  ^^^^^^^^^^^^^^^^
AttributeError: module 'wsgi' has no attribute 'application'
[UID:1732][2085504] Child process with pid: 2097742 was killed by signal: 15, core dumped: no
Traceback (most recent call last):
  File "/home/techandc/movie_bot_new/passenger_wsgi.py", line 9, in <module>
    application = wsgi.application
                  ^^^^^^^^^^^^^^^^
AttributeError: module 'wsgi' has no attribute 'application'
[UID:1732][2085504] Child process with pid: 2097760 was killed by signal: 15, core dumped: no
Traceback (most recent call last):
  File "/home/techandc/movie_bot_new/passenger_wsgi.py", line 9, in <module>
    application = wsgi.application
                  ^^^^^^^^^^^^^^^^
AttributeError: module 'wsgi' has no attribute 'application'
[UID:1732][2085504] Child process with pid: 2097794 was killed by signal: 15, core dumped: no
Traceback (most recent call last):
  File "/home/techandc/movie_bot_new/passenger_wsgi.py", line 9, in <module>
    application = wsgi.application
                  ^^^^^^^^^^^^^^^^
AttributeError: module 'wsgi' has no attribute 'application'
[UID:1732][2085504] Child process with pid: 2097809 was killed by signal: 15, core dumped: no
Traceback (most recent call last):
  File "/home/techandc/movie_bot_new/passenger_wsgi.py", line 9, in <module>
    application = wsgi.application
                  ^^^^^^^^^^^^^^^^
AttributeError: module 'wsgi' has no attribute 'application'
[UID:1732][2085504] Child process with pid: 2097833 was killed by signal: 15, core dumped: no
Traceback (most recent call last):
  File "/home/techandc/movie_bot_new/passenger_wsgi.py", line 9, in <module>
    application = wsgi.application
                  ^^^^^^^^^^^^^^^^
AttributeError: module 'wsgi' has no attribute 'application'
[UID:1732][2085504] Child process with pid: 2097849 was killed by signal: 15, core dumped: no
Traceback (most recent call last):
  File "/home/techandc/movie_bot_new/passenger_wsgi.py", line 9, in <module>
    application = wsgi.application
                  ^^^^^^^^^^^^^^^^
AttributeError: module 'wsgi' has no attribute 'application'
[UID:1732][2085504] Child process with pid: 2097866 was killed by signal: 15, core dumped: no
Traceback (most recent call last):
  File "/home/techandc/movie_bot_new/passenger_wsgi.py", line 9, in <module>
    application = wsgi.application
                  ^^^^^^^^^^^^^^^^
AttributeError: module 'wsgi' has no attribute 'application'
[UID:1732][2085504] Child process with pid: 2097883 was killed by signal: 15, core dumped: no
Traceback (most recent call last):
  File "/home/techandc/movie_bot_new/passenger_wsgi.py", line 9, in <module>
    application = wsgi.application
                  ^^^^^^^^^^^^^^^^
AttributeError: module 'wsgi' has no attribute 'application'
[UID:1732][2085504] Child process with pid: 2097900 was killed by signal: 15, core dumped: no
Traceback (most recent call last):
  File "/home/techandc/movie_bot_new/passenger_wsgi.py", line 9, in <module>
    application = wsgi.application
                  ^^^^^^^^^^^^^^^^
AttributeError: module 'wsgi' has no attribute 'application'
[UID:1732][2085504] Child process with pid: 2097916 was killed by signal: 15, core dumped: no
Traceback (most recent call last):
  File "/home/techandc/movie_bot_new/passenger_wsgi.py", line 9, in <module>
    application = wsgi.application
                  ^^^^^^^^^^^^^^^^
AttributeError: module 'wsgi' has no attribute 'application'
[UID:1732][2085504] Child process with pid: 2097931 was killed by signal: 15, core dumped: no
Traceback (most recent call last):
  File "/home/techandc/movie_bot_new/passenger_wsgi.py", line 9, in <module>
    application = wsgi.application
                  ^^^^^^^^^^^^^^^^
AttributeError: module 'wsgi' has no attribute 'application'
[UID:1732][2085504] Child process with pid: 2097953 was killed by signal: 15, core dumped: no
Traceback (most recent call last):
  File "/home/techandc/movie_bot_new/passenger_wsgi.py", line 9, in <module>
    application = wsgi.application
                  ^^^^^^^^^^^^^^^^
AttributeError: module 'wsgi' has no attribute 'application'
[UID:1732][2085504] Child process with pid: 2097962 was killed by signal: 15, core dumped: no
Traceback (most recent call last):
  File "/home/techandc/movie_bot_new/passenger_wsgi.py", line 9, in <module>
    application = wsgi.application
                  ^^^^^^^^^^^^^^^^
AttributeError: module 'wsgi' has no attribute 'application'
[UID:1732][2085504] Child process with pid: 2097991 was killed by signal: 15, core dumped: no
Traceback (most recent call last):
  File "/home/techandc/movie_bot_new/passenger_wsgi.py", line 9, in <module>
    application = wsgi.application
                  ^^^^^^^^^^^^^^^^
AttributeError: module 'wsgi' has no attribute 'application'
[UID:1732][2085504] Child process with pid: 2098010 was killed by signal: 15, core dumped: no
Traceback (most recent call last):
  File "/home/techandc/movie_bot_new/passenger_wsgi.py", line 9, in <module>
    application = wsgi.application
                  ^^^^^^^^^^^^^^^^
AttributeError: module 'wsgi' has no attribute 'application'
[UID:1732][2085504] Child process with pid: 2098036 was killed by signal: 15, core dumped: no
Traceback (most recent call last):
  File "/home/techandc/movie_bot_new/passenger_wsgi.py", line 9, in <module>
    application = wsgi.application
                  ^^^^^^^^^^^^^^^^
AttributeError: module 'wsgi' has no attribute 'application'
[UID:1732][2085504] Child process with pid: 2098057 was killed by signal: 15, core dumped: no
Traceback (most recent call last):
  File "/home/techandc/movie_bot_new/passenger_wsgi.py", line 9, in <module>
    application = wsgi.application
                  ^^^^^^^^^^^^^^^^
AttributeError: module 'wsgi' has no attribute 'application'
[UID:1732][2085504] Child process with pid: 2098080 was killed by signal: 15, core dumped: no
Traceback (most recent call last):
  File "/home/techandc/movie_bot_new/passenger_wsgi.py", line 9, in <module>
    application = wsgi.application
                  ^^^^^^^^^^^^^^^^
AttributeError: module 'wsgi' has no attribute 'application'
[UID:1732][2085504] Child process with pid: 2098110 was killed by signal: 15, core dumped: no
Traceback (most recent call last):
  File "/home/techandc/movie_bot_new/passenger_wsgi.py", line 9, in <module>
    application = wsgi.application
                  ^^^^^^^^^^^^^^^^
AttributeError: module 'wsgi' has no attribute 'application'
[UID:1732][2085504] Child process with pid: 2098127 was killed by signal: 15, core dumped: no
Traceback (most recent call last):
  File "/home/techandc/movie_bot_new/passenger_wsgi.py", line 9, in <module>
    application = wsgi.application
                  ^^^^^^^^^^^^^^^^
AttributeError: module 'wsgi' has no attribute 'application'
[UID:1732][2085504] Child process with pid: 2098142 was killed by signal: 15, core dumped: no
Traceback (most recent call last):
  File "/home/techandc/movie_bot_new/passenger_wsgi.py", line 9, in <module>
    application = wsgi.application
                  ^^^^^^^^^^^^^^^^
AttributeError: module 'wsgi' has no attribute 'application'
[UID:1732][2085504] Child process with pid: 2098156 was killed by signal: 15, core dumped: no
Traceback (most recent call last):
  File "/home/techandc/movie_bot_new/passenger_wsgi.py", line 9, in <module>
    application = wsgi.application
                  ^^^^^^^^^^^^^^^^
AttributeError: module 'wsgi' has no attribute 'application'
[UID:1732][2085504] Child process with pid: 2098188 was killed by signal: 15, core dumped: no
Traceback (most recent call last):
  File "/home/techandc/movie_bot_new/passenger_wsgi.py", line 9, in <module>
    application = wsgi.application
                  ^^^^^^^^^^^^^^^^
AttributeError: module 'wsgi' has no attribute 'application'
[UID:1732][2085504] Child process with pid: 2098206 was killed by signal: 15, core dumped: no
Traceback (most recent call last):
  File "/home/techandc/movie_bot_new/passenger_wsgi.py", line 9, in <module>
    application = wsgi.application
                  ^^^^^^^^^^^^^^^^
AttributeError: module 'wsgi' has no attribute 'application'
[UID:1732][2085504] Child process with pid: 2098229 was killed by signal: 15, core dumped: no
Traceback (most recent call last):
  File "/home/techandc/movie_bot_new/passenger_wsgi.py", line 9, in <module>
    application = wsgi.application
                  ^^^^^^^^^^^^^^^^
AttributeError: module 'wsgi' has no attribute 'application'
[UID:1732][2085504] Child process with pid: 2098256 was killed by signal: 15, core dumped: no
Traceback (most recent call last):
  File "/home/techandc/movie_bot_new/passenger_wsgi.py", line 9, in <module>
    application = wsgi.application
                  ^^^^^^^^^^^^^^^^
AttributeError: module 'wsgi' has no attribute 'application'
[UID:1732][2085504] Child process with pid: 2098279 was killed by signal: 15, core dumped: no
Traceback (most recent call last):
  File "/home/techandc/movie_bot_new/passenger_wsgi.py", line 9, in <module>
    application = wsgi.application
                  ^^^^^^^^^^^^^^^^
AttributeError: module 'wsgi' has no attribute 'application'
[UID:1732][2085504] Child process with pid: 2098317 was killed by signal: 15, core dumped: no
Traceback (most recent call last):
  File "/home/techandc/movie_bot_new/passenger_wsgi.py", line 9, in <module>
    application = wsgi.application
                  ^^^^^^^^^^^^^^^^
AttributeError: module 'wsgi' has no attribute 'application'
[UID:1732][2085504] Child process with pid: 2098334 was killed by signal: 15, core dumped: no
Traceback (most recent call last):
  File "/home/techandc/movie_bot_new/passenger_wsgi.py", line 9, in <module>
    application = wsgi.application
                  ^^^^^^^^^^^^^^^^
AttributeError: module 'wsgi' has no attribute 'application'
[UID:1732][2085504] Child process with pid: 2098349 was killed by signal: 15, core dumped: no
Traceback (most recent call last):
  File "/home/techandc/movie_bot_new/passenger_wsgi.py", line 9, in <module>
    application = wsgi.application
                  ^^^^^^^^^^^^^^^^
AttributeError: module 'wsgi' has no attribute 'application'
[UID:1732][2085504] Child process with pid: 2098361 was killed by signal: 15, core dumped: no
Traceback (most recent call last):
  File "/home/techandc/movie_bot_new/passenger_wsgi.py", line 9, in <module>
    application = wsgi.application
                  ^^^^^^^^^^^^^^^^
AttributeError: module 'wsgi' has no attribute 'application'
[UID:1732][2085504] Child process with pid: 2098383 was killed by signal: 15, core dumped: no
Traceback (most recent call last):
  File "/home/techandc/movie_bot_new/passenger_wsgi.py", line 9, in <module>
    application = wsgi.application
                  ^^^^^^^^^^^^^^^^
AttributeError: module 'wsgi' has no attribute 'application'
[UID:1732][2085504] Child process with pid: 2098399 was killed by signal: 15, core dumped: no
Traceback (most recent call last):
  File "/home/techandc/movie_bot_new/passenger_wsgi.py", line 9, in <module>
    application = wsgi.application
                  ^^^^^^^^^^^^^^^^
AttributeError: module 'wsgi' has no attribute 'application'
[UID:1732][2085504] Child process with pid: 2098422 was killed by signal: 15, core dumped: no
Traceback (most recent call last):
  File "/home/techandc/movie_bot_new/passenger_wsgi.py", line 9, in <module>
    application = wsgi.application
                  ^^^^^^^^^^^^^^^^
AttributeError: module 'wsgi' has no attribute 'application'
[UID:1732][2085504] Child process with pid: 2098436 was killed by signal: 15, core dumped: no
Traceback (most recent call last):
  File "/home/techandc/movie_bot_new/passenger_wsgi.py", line 9, in <module>
    application = wsgi.application
                  ^^^^^^^^^^^^^^^^
AttributeError: module 'wsgi' has no attribute 'application'
[UID:1732][2085504] Child process with pid: 2098460 was killed by signal: 15, core dumped: no
Traceback (most recent call last):
  File "/home/techandc/movie_bot_new/passenger_wsgi.py", line 9, in <module>
    application = wsgi.application
                  ^^^^^^^^^^^^^^^^
AttributeError: module 'wsgi' has no attribute 'application'
[UID:1732][2085504] Child process with pid: 2098474 was killed by signal: 15, core dumped: no
Traceback (most recent call last):
  File "/home/techandc/movie_bot_new/passenger_wsgi.py", line 9, in <module>
    application = wsgi.application
                  ^^^^^^^^^^^^^^^^
AttributeError: module 'wsgi' has no attribute 'application'
[UID:1732][2085504] Child process with pid: 2098498 was killed by signal: 15, core dumped: no
Traceback (most recent call last):
  File "/home/techandc/movie_bot_new/passenger_wsgi.py", line 9, in <module>
    application = wsgi.application
                  ^^^^^^^^^^^^^^^^
AttributeError: module 'wsgi' has no attribute 'application'
[UID:1732][2085504] Child process with pid: 2098511 was killed by signal: 15, core dumped: no
Traceback (most recent call last):
  File "/home/techandc/movie_bot_new/passenger_wsgi.py", line 9, in <module>
    application = wsgi.application
                  ^^^^^^^^^^^^^^^^
AttributeError: module 'wsgi' has no attribute 'application'
[UID:1732][2085504] Child process with pid: 2098522 was killed by signal: 15, core dumped: no
Traceback (most recent call last):
  File "/home/techandc/movie_bot_new/passenger_wsgi.py", line 9, in <module>
    application = wsgi.application
                  ^^^^^^^^^^^^^^^^
AttributeError: module 'wsgi' has no attribute 'application'
[UID:1732][2085504] Child process with pid: 2098549 was killed by signal: 15, core dumped: no
Traceback (most recent call last):
  File "/home/techandc/movie_bot_new/passenger_wsgi.py", line 9, in <module>
    application = wsgi.application
                  ^^^^^^^^^^^^^^^^
AttributeError: module 'wsgi' has no attribute 'application'
[UID:1732][2085504] Child process with pid: 2098577 was killed by signal: 15, core dumped: no
Traceback (most recent call last):
  File "/home/techandc/movie_bot_new/passenger_wsgi.py", line 9, in <module>
    application = wsgi.application
                  ^^^^^^^^^^^^^^^^
AttributeError: module 'wsgi' has no attribute 'application'
[UID:1732][2085504] Child process with pid: 2098594 was killed by signal: 15, core dumped: no
Traceback (most recent call last):
  File "/home/techandc/movie_bot_new/passenger_wsgi.py", line 9, in <module>
    application = wsgi.application
                  ^^^^^^^^^^^^^^^^
AttributeError: module 'wsgi' has no attribute 'application'
[UID:1732][2085504] Child process with pid: 2098618 was killed by signal: 15, core dumped: no
Traceback (most recent call last):
  File "/home/techandc/movie_bot_new/passenger_wsgi.py", line 9, in <module>
    application = wsgi.application
                  ^^^^^^^^^^^^^^^^
AttributeError: module 'wsgi' has no attribute 'application'
[UID:1732][2085504] Child process with pid: 2098627 was killed by signal: 15, core dumped: no
Traceback (most recent call last):
  File "/home/techandc/movie_bot_new/passenger_wsgi.py", line 9, in <module>
    application = wsgi.application
                  ^^^^^^^^^^^^^^^^
AttributeError: module 'wsgi' has no attribute 'application'
[UID:1732][2085504] Child process with pid: 2098647 was killed by signal: 15, core dumped: no
Traceback (most recent call last):
  File "/home/techandc/movie_bot_new/passenger_wsgi.py", line 9, in <module>
    application = wsgi.application
                  ^^^^^^^^^^^^^^^^
AttributeError: module 'wsgi' has no attribute 'application'
[UID:1732][2085504] Child process with pid: 2098658 was killed by signal: 15, core dumped: no
Traceback (most recent call last):
  File "/home/techandc/movie_bot_new/passenger_wsgi.py", line 9, in <module>
    application = wsgi.application
                  ^^^^^^^^^^^^^^^^
AttributeError: module 'wsgi' has no attribute 'application'
[UID:1732][2085504] Child process with pid: 2098680 was killed by signal: 15, core dumped: no
Traceback (most recent call last):
  File "/home/techandc/movie_bot_new/passenger_wsgi.py", line 9, in <module>
    application = wsgi.application
                  ^^^^^^^^^^^^^^^^
AttributeError: module 'wsgi' has no attribute 'application'
[UID:1732][2085504] Child process with pid: 2098708 was killed by signal: 15, core dumped: no
Traceback (most recent call last):
  File "/home/techandc/movie_bot_new/passenger_wsgi.py", line 9, in <module>
    application = wsgi.application
                  ^^^^^^^^^^^^^^^^
AttributeError: module 'wsgi' has no attribute 'application'
[UID:1732][2085504] Child process with pid: 2098724 was killed by signal: 15, core dumped: no
Traceback (most recent call last):
  File "/home/techandc/movie_bot_new/passenger_wsgi.py", line 9, in <module>
    application = wsgi.application
                  ^^^^^^^^^^^^^^^^
AttributeError: module 'wsgi' has no attribute 'application'
[UID:1732][2085504] Child process with pid: 2098744 was killed by signal: 15, core dumped: no
Traceback (most recent call last):
  File "/home/techandc/movie_bot_new/passenger_wsgi.py", line 9, in <module>
    application = wsgi.application
                  ^^^^^^^^^^^^^^^^
AttributeError: module 'wsgi' has no attribute 'application'
[UID:1732][2085504] Child process with pid: 2098757 was killed by signal: 15, core dumped: no
Traceback (most recent call last):
  File "/home/techandc/movie_bot_new/passenger_wsgi.py", line 9, in <module>
    application = wsgi.application
                  ^^^^^^^^^^^^^^^^
AttributeError: module 'wsgi' has no attribute 'application'
[UID:1732][2085504] Child process with pid: 2098766 was killed by signal: 15, core dumped: no
Traceback (most recent call last):
  File "/home/techandc/movie_bot_new/passenger_wsgi.py", line 9, in <module>
    application = wsgi.application
                  ^^^^^^^^^^^^^^^^
AttributeError: module 'wsgi' has no attribute 'application'
[UID:1732][2085504] Child process with pid: 2098796 was killed by signal: 15, core dumped: no
Traceback (most recent call last):
  File "/home/techandc/movie_bot_new/passenger_wsgi.py", line 9, in <module>
    application = wsgi.application
                  ^^^^^^^^^^^^^^^^
AttributeError: module 'wsgi' has no attribute 'application'
[UID:1732][2085504] Child process with pid: 2098810 was killed by signal: 15, core dumped: no
Traceback (most recent call last):
  File "/home/techandc/movie_bot_new/passenger_wsgi.py", line 9, in <module>
    application = wsgi.application
                  ^^^^^^^^^^^^^^^^
AttributeError: module 'wsgi' has no attribute 'application'
[UID:1732][2085504] Child process with pid: 2098838 was killed by signal: 15, core dumped: no
Traceback (most recent call last):
  File "/home/techandc/movie_bot_new/passenger_wsgi.py", line 9, in <module>
    application = wsgi.application
                  ^^^^^^^^^^^^^^^^
AttributeError: module 'wsgi' has no attribute 'application'
[UID:1732][2085504] Child process with pid: 2098857 was killed by signal: 15, core dumped: no
Traceback (most recent call last):
  File "/home/techandc/movie_bot_new/passenger_wsgi.py", line 9, in <module>
    application = wsgi.application
                  ^^^^^^^^^^^^^^^^
AttributeError: module 'wsgi' has no attribute 'application'
[UID:1732][2085504] Child process with pid: 2098874 was killed by signal: 15, core dumped: no
Traceback (most recent call last):
  File "/home/techandc/movie_bot_new/passenger_wsgi.py", line 9, in <module>
    application = wsgi.application
                  ^^^^^^^^^^^^^^^^
AttributeError: module 'wsgi' has no attribute 'application'
[UID:1732][2085504] Child process with pid: 2098895 was killed by signal: 15, core dumped: no
Traceback (most recent call last):
  File "/home/techandc/movie_bot_new/passenger_wsgi.py", line 9, in <module>
    application = wsgi.application
                  ^^^^^^^^^^^^^^^^
AttributeError: module 'wsgi' has no attribute 'application'
[UID:1732][2085504] Child process with pid: 2098916 was killed by signal: 15, core dumped: no
Traceback (most recent call last):
  File "/home/techandc/movie_bot_new/passenger_wsgi.py", line 9, in <module>
    application = wsgi.application
                  ^^^^^^^^^^^^^^^^
AttributeError: module 'wsgi' has no attribute 'application'
[UID:1732][2085504] Child process with pid: 2098927 was killed by signal: 15, core dumped: no
Traceback (most recent call last):
  File "/home/techandc/movie_bot_new/passenger_wsgi.py", line 9, in <module>
    application = wsgi.application
                  ^^^^^^^^^^^^^^^^
AttributeError: module 'wsgi' has no attribute 'application'
[UID:1732][2085504] Child process with pid: 2098947 was killed by signal: 15, core dumped: no
Traceback (most recent call last):
  File "/home/techandc/movie_bot_new/passenger_wsgi.py", line 9, in <module>
    application = wsgi.application
                  ^^^^^^^^^^^^^^^^
AttributeError: module 'wsgi' has no attribute 'application'
[UID:1732][2085504] Child process with pid: 2098964 was killed by signal: 15, core dumped: no
Traceback (most recent call last):
  File "/home/techandc/movie_bot_new/passenger_wsgi.py", line 9, in <module>
    application = wsgi.application
                  ^^^^^^^^^^^^^^^^
AttributeError: module 'wsgi' has no attribute 'application'
[UID:1732][2085504] Child process with pid: 2098982 was killed by signal: 15, core dumped: no
Traceback (most recent call last):
  File "/home/techandc/movie_bot_new/passenger_wsgi.py", line 9, in <module>
    application = wsgi.application
                  ^^^^^^^^^^^^^^^^
AttributeError: module 'wsgi' has no attribute 'application'
[UID:1732][2085504] Child process with pid: 2098992 was killed by signal: 15, core dumped: no
Traceback (most recent call last):
  File "/home/techandc/movie_bot_new/passenger_wsgi.py", line 9, in <module>
    application = wsgi.application
                  ^^^^^^^^^^^^^^^^
AttributeError: module 'wsgi' has no attribute 'application'
[UID:1732][2085504] Child process with pid: 2099016 was killed by signal: 15, core dumped: no
Traceback (most recent call last):
  File "/home/techandc/movie_bot_new/passenger_wsgi.py", line 9, in <module>
    application = wsgi.application
                  ^^^^^^^^^^^^^^^^
AttributeError: module 'wsgi' has no attribute 'application'
[UID:1732][2085504] Child process with pid: 2099041 was killed by signal: 15, core dumped: no
Traceback (most recent call last):
  File "/home/techandc/movie_bot_new/passenger_wsgi.py", line 9, in <module>
    application = wsgi.application
                  ^^^^^^^^^^^^^^^^
AttributeError: module 'wsgi' has no attribute 'application'
[UID:1732][2085504] Child process with pid: 2099068 was killed by signal: 15, core dumped: no
Traceback (most recent call last):
  File "/home/techandc/movie_bot_new/passenger_wsgi.py", line 9, in <module>
    application = wsgi.application
                  ^^^^^^^^^^^^^^^^
AttributeError: module 'wsgi' has no attribute 'application'
[UID:1732][2085504] Child process with pid: 2099080 was killed by signal: 15, core dumped: no
Traceback (most recent call last):
  File "/home/techandc/movie_bot_new/passenger_wsgi.py", line 9, in <module>
    application = wsgi.application
                  ^^^^^^^^^^^^^^^^
AttributeError: module 'wsgi' has no attribute 'application'
[UID:1732][2085504] Child process with pid: 2099092 was killed by signal: 15, core dumped: no
Traceback (most recent call last):
  File "/home/techandc/movie_bot_new/passenger_wsgi.py", line 9, in <module>
    application = wsgi.application
                  ^^^^^^^^^^^^^^^^
AttributeError: module 'wsgi' has no attribute 'application'
[UID:1732][2085504] Child process with pid: 2099106 was killed by signal: 15, core dumped: no
Traceback (most recent call last):
  File "/home/techandc/movie_bot_new/passenger_wsgi.py", line 9, in <module>
    application = wsgi.application
                  ^^^^^^^^^^^^^^^^
AttributeError: module 'wsgi' has no attribute 'application'
[UID:1732][2085504] Child process with pid: 2099115 was killed by signal: 15, core dumped: no
Traceback (most recent call last):
  File "/home/techandc/movie_bot_new/passenger_wsgi.py", line 9, in <module>
    application = wsgi.application
                  ^^^^^^^^^^^^^^^^
AttributeError: module 'wsgi' has no attribute 'application'
[UID:1732][2085504] Child process with pid: 2099128 was killed by signal: 15, core dumped: no
Traceback (most recent call last):
  File "/home/techandc/movie_bot_new/passenger_wsgi.py", line 9, in <module>
    application = wsgi.application
                  ^^^^^^^^^^^^^^^^
AttributeError: module 'wsgi' has no attribute 'application'
[UID:1732][2085504] Child process with pid: 2099157 was killed by signal: 15, core dumped: no
Traceback (most recent call last):
  File "/home/techandc/movie_bot_new/passenger_wsgi.py", line 9, in <module>
    application = wsgi.application
                  ^^^^^^^^^^^^^^^^
AttributeError: module 'wsgi' has no attribute 'application'
[UID:1732][2085504] Child process with pid: 2099178 was killed by signal: 15, core dumped: no
Traceback (most recent call last):
  File "/home/techandc/movie_bot_new/passenger_wsgi.py", line 9, in <module>
    application = wsgi.application
                  ^^^^^^^^^^^^^^^^
AttributeError: module 'wsgi' has no attribute 'application'
[UID:1732][2085504] Child process with pid: 2099196 was killed by signal: 15, core dumped: no
Traceback (most recent call last):
  File "/home/techandc/movie_bot_new/passenger_wsgi.py", line 9, in <module>
    application = wsgi.application
                  ^^^^^^^^^^^^^^^^
AttributeError: module 'wsgi' has no attribute 'application'
[UID:1732][2085504] Child process with pid: 2099211 was killed by signal: 15, core dumped: no
Traceback (most recent call last):
  File "/home/techandc/movie_bot_new/passenger_wsgi.py", line 9, in <module>
    application = wsgi.application
                  ^^^^^^^^^^^^^^^^
AttributeError: module 'wsgi' has no attribute 'application'
[UID:1732][2085504] Child process with pid: 2099217 was killed by signal: 15, core dumped: no
Traceback (most recent call last):
  File "/home/techandc/movie_bot_new/passenger_wsgi.py", line 9, in <module>
    application = wsgi.application
                  ^^^^^^^^^^^^^^^^
AttributeError: module 'wsgi' has no attribute 'application'
[UID:1732][2085504] Child process with pid: 2099230 was killed by signal: 15, core dumped: no
Traceback (most recent call last):
  File "/home/techandc/movie_bot_new/passenger_wsgi.py", line 9, in <module>
    application = wsgi.application
                  ^^^^^^^^^^^^^^^^
AttributeError: module 'wsgi' has no attribute 'application'
[UID:1732][2085504] Child process with pid: 2099251 was killed by signal: 15, core dumped: no
Traceback (most recent call last):
  File "/home/techandc/movie_bot_new/passenger_wsgi.py", line 9, in <module>
    application = wsgi.application
                  ^^^^^^^^^^^^^^^^
AttributeError: module 'wsgi' has no attribute 'application'
[UID:1732][2085504] Child process with pid: 2099264 was killed by signal: 15, core dumped: no
Traceback (most recent call last):
  File "/home/techandc/movie_bot_new/passenger_wsgi.py", line 9, in <module>
    application = wsgi.application
                  ^^^^^^^^^^^^^^^^
AttributeError: module 'wsgi' has no attribute 'application'
[UID:1732][2085504] Child process with pid: 2099283 was killed by signal: 15, core dumped: no
Traceback (most recent call last):
  File "/home/techandc/movie_bot_new/passenger_wsgi.py", line 9, in <module>
    application = wsgi.application
                  ^^^^^^^^^^^^^^^^
AttributeError: module 'wsgi' has no attribute 'application'
[UID:1732][2085504] Child process with pid: 2099298 was killed by signal: 15, core dumped: no
Traceback (most recent call last):
  File "/home/techandc/movie_bot_new/passenger_wsgi.py", line 9, in <module>
    application = wsgi.application
                  ^^^^^^^^^^^^^^^^
AttributeError: module 'wsgi' has no attribute 'application'
[UID:1732][2085504] Child process with pid: 2099307 was killed by signal: 15, core dumped: no
Traceback (most recent call last):
  File "/home/techandc/movie_bot_new/passenger_wsgi.py", line 9, in <module>
    application = wsgi.application
                  ^^^^^^^^^^^^^^^^
AttributeError: module 'wsgi' has no attribute 'application'
[UID:1732][2085504] Child process with pid: 2099316 was killed by signal: 15, core dumped: no
Traceback (most recent call last):
  File "/home/techandc/movie_bot_new/passenger_wsgi.py", line 9, in <module>
    application = wsgi.application
                  ^^^^^^^^^^^^^^^^
AttributeError: module 'wsgi' has no attribute 'application'
[UID:1732][2085504] Child process with pid: 2099335 was killed by signal: 15, core dumped: no
Traceback (most recent call last):
  File "/home/techandc/movie_bot_new/passenger_wsgi.py", line 9, in <module>
    application = wsgi.application
                  ^^^^^^^^^^^^^^^^
AttributeError: module 'wsgi' has no attribute 'application'
[UID:1732][2085504] Child process with pid: 2099356 was killed by signal: 15, core dumped: no
Traceback (most recent call last):
  File "/home/techandc/movie_bot_new/passenger_wsgi.py", line 9, in <module>
    application = wsgi.application
                  ^^^^^^^^^^^^^^^^
AttributeError: module 'wsgi' has no attribute 'application'
[UID:1732][2085504] Child process with pid: 2099375 was killed by signal: 15, core dumped: no
Traceback (most recent call last):
  File "/home/techandc/movie_bot_new/passenger_wsgi.py", line 9, in <module>
    application = wsgi.application
                  ^^^^^^^^^^^^^^^^
AttributeError: module 'wsgi' has no attribute 'application'
[UID:1732][2085504] Child process with pid: 2099393 was killed by signal: 15, core dumped: no
Traceback (most recent call last):
  File "/home/techandc/movie_bot_new/passenger_wsgi.py", line 9, in <module>
    application = wsgi.application
                  ^^^^^^^^^^^^^^^^
AttributeError: module 'wsgi' has no attribute 'application'
[UID:1732][2085504] Child process with pid: 2099408 was killed by signal: 15, core dumped: no
Traceback (most recent call last):
  File "/home/techandc/movie_bot_new/passenger_wsgi.py", line 9, in <module>
    application = wsgi.application
                  ^^^^^^^^^^^^^^^^
AttributeError: module 'wsgi' has no attribute 'application'
[UID:1732][2085504] Child process with pid: 2099435 was killed by signal: 15, core dumped: no
Traceback (most recent call last):
  File "/home/techandc/movie_bot_new/passenger_wsgi.py", line 9, in <module>
    application = wsgi.application
                  ^^^^^^^^^^^^^^^^
AttributeError: module 'wsgi' has no attribute 'application'
[UID:1732][2085504] Child process with pid: 2099450 was killed by signal: 15, core dumped: no
Traceback (most recent call last):
  File "/home/techandc/movie_bot_new/passenger_wsgi.py", line 9, in <module>
    application = wsgi.application
                  ^^^^^^^^^^^^^^^^
AttributeError: module 'wsgi' has no attribute 'application'
[UID:1732][2085504] Child process with pid: 2099463 was killed by signal: 15, core dumped: no
Traceback (most recent call last):
  File "/home/techandc/movie_bot_new/passenger_wsgi.py", line 9, in <module>
    application = wsgi.application
                  ^^^^^^^^^^^^^^^^
AttributeError: module 'wsgi' has no attribute 'application'
[UID:1732][2085504] Child process with pid: 2099484 was killed by signal: 15, core dumped: no
Traceback (most recent call last):
  File "/home/techandc/movie_bot_new/passenger_wsgi.py", line 9, in <module>
    application = wsgi.application
                  ^^^^^^^^^^^^^^^^
AttributeError: module 'wsgi' has no attribute 'application'
[UID:1732][2085504] Child process with pid: 2099496 was killed by signal: 15, core dumped: no
Traceback (most recent call last):
  File "/home/techandc/movie_bot_new/passenger_wsgi.py", line 9, in <module>
    application = wsgi.application
                  ^^^^^^^^^^^^^^^^
AttributeError: module 'wsgi' has no attribute 'application'
[UID:1732][2085504] Child process with pid: 2099516 was killed by signal: 15, core dumped: no
Traceback (most recent call last):
  File "/home/techandc/movie_bot_new/passenger_wsgi.py", line 9, in <module>
    application = wsgi.application
                  ^^^^^^^^^^^^^^^^
AttributeError: module 'wsgi' has no attribute 'application'
[UID:1732][2085504] Child process with pid: 2099528 was killed by signal: 15, core dumped: no
Traceback (most recent call last):
  File "/home/techandc/movie_bot_new/passenger_wsgi.py", line 9, in <module>
    application = wsgi.application
                  ^^^^^^^^^^^^^^^^
AttributeError: module 'wsgi' has no attribute 'application'
[UID:1732][2085504] Child process with pid: 2099544 was killed by signal: 15, core dumped: no
Traceback (most recent call last):
  File "/home/techandc/movie_bot_new/passenger_wsgi.py", line 9, in <module>
    application = wsgi.application
                  ^^^^^^^^^^^^^^^^
AttributeError: module 'wsgi' has no attribute 'application'
[UID:1732][2085504] Child process with pid: 2099566 was killed by signal: 15, core dumped: no
Traceback (most recent call last):
  File "/home/techandc/movie_bot_new/passenger_wsgi.py", line 9, in <module>
    application = wsgi.application
                  ^^^^^^^^^^^^^^^^
AttributeError: module 'wsgi' has no attribute 'application'
[UID:1732][2085504] Child process with pid: 2099573 was killed by signal: 15, core dumped: no
Traceback (most recent call last):
  File "/home/techandc/movie_bot_new/passenger_wsgi.py", line 9, in <module>
    application = wsgi.application
                  ^^^^^^^^^^^^^^^^
AttributeError: module 'wsgi' has no attribute 'application'
[UID:1732][2085504] Child process with pid: 2099580 was killed by signal: 15, core dumped: no
Traceback (most recent call last):
  File "/home/techandc/movie_bot_new/passenger_wsgi.py", line 9, in <module>
    application = wsgi.application
                  ^^^^^^^^^^^^^^^^
AttributeError: module 'wsgi' has no attribute 'application'
[UID:1732][2085504] Child process with pid: 2099597 was killed by signal: 15, core dumped: no
Traceback (most recent call last):
  File "/home/techandc/movie_bot_new/passenger_wsgi.py", line 9, in <module>
    application = wsgi.application
                  ^^^^^^^^^^^^^^^^
AttributeError: module 'wsgi' has no attribute 'application'
[UID:1732][2085504] Child process with pid: 2099608 was killed by signal: 15, core dumped: no
Traceback (most recent call last):
  File "/home/techandc/movie_bot_new/passenger_wsgi.py", line 9, in <module>
    application = wsgi.application
                  ^^^^^^^^^^^^^^^^
AttributeError: module 'wsgi' has no attribute 'application'
[UID:1732][2085504] Child process with pid: 2099741 was killed by signal: 15, core dumped: no
Traceback (most recent call last):
  File "/home/techandc/movie_bot_new/passenger_wsgi.py", line 9, in <module>
    application = wsgi.application
                  ^^^^^^^^^^^^^^^^
AttributeError: module 'wsgi' has no attribute 'application'
[UID:1732][2085504] Child process with pid: 2099792 was killed by signal: 15, core dumped: no
Traceback (most recent call last):
  File "/home/techandc/movie_bot_new/passenger_wsgi.py", line 9, in <module>
    application = wsgi.application
                  ^^^^^^^^^^^^^^^^
AttributeError: module 'wsgi' has no attribute 'application'
[UID:1732][2085504] Child process with pid: 2099849 was killed by signal: 15, core dumped: no
Traceback (most recent call last):
  File "/home/techandc/movie_bot_new/passenger_wsgi.py", line 9, in <module>
    application = wsgi.application
                  ^^^^^^^^^^^^^^^^
AttributeError: module 'wsgi' has no attribute 'application'
[UID:1732][2085504] Child process with pid: 2099881 was killed by signal: 15, core dumped: no
Traceback (most recent call last):
  File "/home/techandc/movie_bot_new/passenger_wsgi.py", line 9, in <module>
    application = wsgi.application
                  ^^^^^^^^^^^^^^^^
AttributeError: module 'wsgi' has no attribute 'application'
[UID:1732][2085504] Child process with pid: 2099914 was killed by signal: 15, core dumped: no
Traceback (most recent call last):
  File "/home/techandc/movie_bot_new/passenger_wsgi.py", line 9, in <module>
    application = wsgi.application
                  ^^^^^^^^^^^^^^^^
AttributeError: module 'wsgi' has no attribute 'application'
[UID:1732][2085504] Child process with pid: 2099955 was killed by signal: 15, core dumped: no
Traceback (most recent call last):
  File "/home/techandc/movie_bot_new/passenger_wsgi.py", line 9, in <module>
    application = wsgi.application
                  ^^^^^^^^^^^^^^^^
AttributeError: module 'wsgi' has no attribute 'application'
[UID:1732][2085504] Child process with pid: 2099985 was killed by signal: 15, core dumped: no
Traceback (most recent call last):
  File "/home/techandc/movie_bot_new/passenger_wsgi.py", line 9, in <module>
    application = wsgi.application
                  ^^^^^^^^^^^^^^^^
AttributeError: module 'wsgi' has no attribute 'application'
[UID:1732][2085504] Child process with pid: 2100032 was killed by signal: 15, core dumped: no
Traceback (most recent call last):
  File "/home/techandc/movie_bot_new/passenger_wsgi.py", line 9, in <module>
    application = wsgi.application
                  ^^^^^^^^^^^^^^^^
AttributeError: module 'wsgi' has no attribute 'application'
[UID:1732][2085504] Child process with pid: 2100078 was killed by signal: 15, core dumped: no
Traceback (most recent call last):
  File "/home/techandc/movie_bot_new/passenger_wsgi.py", line 9, in <module>
    application = wsgi.application
                  ^^^^^^^^^^^^^^^^
AttributeError: module 'wsgi' has no attribute 'application'
[UID:1732][2085504] Child process with pid: 2100111 was killed by signal: 15, core dumped: no
Traceback (most recent call last):
  File "/home/techandc/movie_bot_new/passenger_wsgi.py", line 9, in <module>
    application = wsgi.application
                  ^^^^^^^^^^^^^^^^
AttributeError: module 'wsgi' has no attribute 'application'
[UID:1732][2085504] Child process with pid: 2100156 was killed by signal: 15, core dumped: no
Traceback (most recent call last):
  File "/home/techandc/movie_bot_new/passenger_wsgi.py", line 9, in <module>
    application = wsgi.application
                  ^^^^^^^^^^^^^^^^
AttributeError: module 'wsgi' has no attribute 'application'
[UID:1732][2085504] Child process with pid: 2100207 was killed by signal: 15, core dumped: no
Traceback (most recent call last):
  File "/home/techandc/movie_bot_new/passenger_wsgi.py", line 9, in <module>
    application = wsgi.application
                  ^^^^^^^^^^^^^^^^
AttributeError: module 'wsgi' has no attribute 'application'
[UID:1732][2085504] Child process with pid: 2100256 was killed by signal: 15, core dumped: no
Traceback (most recent call last):
  File "/home/techandc/movie_bot_new/passenger_wsgi.py", line 9, in <module>
    application = wsgi.application
                  ^^^^^^^^^^^^^^^^
AttributeError: module 'wsgi' has no attribute 'application'
[UID:1732][2085504] Child process with pid: 2100316 was killed by signal: 15, core dumped: no
Traceback (most recent call last):
  File "/home/techandc/movie_bot_new/passenger_wsgi.py", line 9, in <module>
    application = wsgi.application
                  ^^^^^^^^^^^^^^^^
AttributeError: module 'wsgi' has no attribute 'application'
[UID:1732][2085504] Child process with pid: 2100399 was killed by signal: 15, core dumped: no
Traceback (most recent call last):
  File "/home/techandc/movie_bot_new/passenger_wsgi.py", line 9, in <module>
    application = wsgi.application
                  ^^^^^^^^^^^^^^^^
AttributeError: module 'wsgi' has no attribute 'application'
[UID:1732][2085504] Child process with pid: 2100453 was killed by signal: 15, core dumped: no
Traceback (most recent call last):
  File "/home/techandc/movie_bot_new/passenger_wsgi.py", line 9, in <module>
    application = wsgi.application
                  ^^^^^^^^^^^^^^^^
AttributeError: module 'wsgi' has no attribute 'application'
[UID:1732][2085504] Child process with pid: 2100472 was killed by signal: 15, core dumped: no
Traceback (most recent call last):
  File "/home/techandc/movie_bot_new/passenger_wsgi.py", line 9, in <module>
    application = wsgi.application
                  ^^^^^^^^^^^^^^^^
AttributeError: module 'wsgi' has no attribute 'application'
[UID:1732][2085504] Child process with pid: 2100496 was killed by signal: 15, core dumped: no
Traceback (most recent call last):
  File "/home/techandc/movie_bot_new/passenger_wsgi.py", line 9, in <module>
    application = wsgi.application
                  ^^^^^^^^^^^^^^^^
AttributeError: module 'wsgi' has no attribute 'application'
[UID:1732][2085504] Child process with pid: 2100512 was killed by signal: 15, core dumped: no
Traceback (most recent call last):
  File "/home/techandc/movie_bot_new/passenger_wsgi.py", line 9, in <module>
    application = wsgi.application
                  ^^^^^^^^^^^^^^^^
AttributeError: module 'wsgi' has no attribute 'application'
[UID:1732][2085504] Child process with pid: 2100537 was killed by signal: 15, core dumped: no
Traceback (most recent call last):
  File "/home/techandc/movie_bot_new/passenger_wsgi.py", line 9, in <module>
    application = wsgi.application
                  ^^^^^^^^^^^^^^^^
AttributeError: module 'wsgi' has no attribute 'application'
[UID:1732][2085504] Child process with pid: 2100566 was killed by signal: 15, core dumped: no
Traceback (most recent call last):
  File "/home/techandc/movie_bot_new/passenger_wsgi.py", line 9, in <module>
    application = wsgi.application
                  ^^^^^^^^^^^^^^^^
AttributeError: module 'wsgi' has no attribute 'application'
[UID:1732][2085504] Child process with pid: 2100590 was killed by signal: 15, core dumped: no
Traceback (most recent call last):
  File "/home/techandc/movie_bot_new/passenger_wsgi.py", line 9, in <module>
    application = wsgi.application
                  ^^^^^^^^^^^^^^^^
AttributeError: module 'wsgi' has no attribute 'application'
[UID:1732][2085504] Child process with pid: 2100616 was killed by signal: 15, core dumped: no
Traceback (most recent call last):
  File "/home/techandc/movie_bot_new/passenger_wsgi.py", line 9, in <module>
    application = wsgi.application
                  ^^^^^^^^^^^^^^^^
AttributeError: module 'wsgi' has no attribute 'application'
[UID:1732][2085504] Child process with pid: 2100638 was killed by signal: 15, core dumped: no
Traceback (most recent call last):
  File "/home/techandc/movie_bot_new/passenger_wsgi.py", line 9, in <module>
    application = wsgi.application
                  ^^^^^^^^^^^^^^^^
AttributeError: module 'wsgi' has no attribute 'application'
[UID:1732][2085504] Child process with pid: 2100654 was killed by signal: 15, core dumped: no
Traceback (most recent call last):
  File "/home/techandc/movie_bot_new/passenger_wsgi.py", line 9, in <module>
    application = wsgi.application
                  ^^^^^^^^^^^^^^^^
AttributeError: module 'wsgi' has no attribute 'application'
[UID:1732][2085504] Child process with pid: 2100684 was killed by signal: 15, core dumped: no
Traceback (most recent call last):
  File "/home/techandc/movie_bot_new/passenger_wsgi.py", line 9, in <module>
    application = wsgi.application
                  ^^^^^^^^^^^^^^^^
AttributeError: module 'wsgi' has no attribute 'application'
[UID:1732][2085504] Child process with pid: 2100701 was killed by signal: 15, core dumped: no
Traceback (most recent call last):
  File "/home/techandc/movie_bot_new/passenger_wsgi.py", line 9, in <module>
    application = wsgi.application
                  ^^^^^^^^^^^^^^^^
AttributeError: module 'wsgi' has no attribute 'application'
[UID:1732][2085504] Child process with pid: 2100734 was killed by signal: 15, core dumped: no
Traceback (most recent call last):
  File "/home/techandc/movie_bot_new/passenger_wsgi.py", line 9, in <module>
    application = wsgi.application
                  ^^^^^^^^^^^^^^^^
AttributeError: module 'wsgi' has no attribute 'application'
[UID:1732][2085504] Child process with pid: 2100749 was killed by signal: 15, core dumped: no
Traceback (most recent call last):
  File "/home/techandc/movie_bot_new/passenger_wsgi.py", line 9, in <module>
    application = wsgi.application
                  ^^^^^^^^^^^^^^^^
AttributeError: module 'wsgi' has no attribute 'application'
[UID:1732][2085504] Child process with pid: 2100766 was killed by signal: 15, core dumped: no
Traceback (most recent call last):
  File "/home/techandc/movie_bot_new/passenger_wsgi.py", line 9, in <module>
    application = wsgi.application
                  ^^^^^^^^^^^^^^^^
AttributeError: module 'wsgi' has no attribute 'application'
[UID:1732][2085504] Child process with pid: 2100784 was killed by signal: 15, core dumped: no
Traceback (most recent call last):
  File "/home/techandc/movie_bot_new/passenger_wsgi.py", line 9, in <module>
    application = wsgi.application
                  ^^^^^^^^^^^^^^^^
AttributeError: module 'wsgi' has no attribute 'application'
[UID:1732][2085504] Child process with pid: 2100802 was killed by signal: 15, core dumped: no
Traceback (most recent call last):
  File "/home/techandc/movie_bot_new/passenger_wsgi.py", line 9, in <module>
    application = wsgi.application
                  ^^^^^^^^^^^^^^^^
AttributeError: module 'wsgi' has no attribute 'application'
[UID:1732][2085504] Child process with pid: 2100820 was killed by signal: 15, core dumped: no
Traceback (most recent call last):
  File "/home/techandc/movie_bot_new/passenger_wsgi.py", line 9, in <module>
    application = wsgi.application
                  ^^^^^^^^^^^^^^^^
AttributeError: module 'wsgi' has no attribute 'application'
[UID:1732][2085504] Child process with pid: 2100837 was killed by signal: 15, core dumped: no
Traceback (most recent call last):
  File "/home/techandc/movie_bot_new/passenger_wsgi.py", line 9, in <module>
    application = wsgi.application
                  ^^^^^^^^^^^^^^^^
AttributeError: module 'wsgi' has no attribute 'application'
[UID:1732][2085504] Child process with pid: 2100858 was killed by signal: 15, core dumped: no
Traceback (most recent call last):
  File "/home/techandc/movie_bot_new/passenger_wsgi.py", line 9, in <module>
    application = wsgi.application
                  ^^^^^^^^^^^^^^^^
AttributeError: module 'wsgi' has no attribute 'application'
[UID:1732][2085504] Child process with pid: 2100873 was killed by signal: 15, core dumped: no
Traceback (most recent call last):
  File "/home/techandc/movie_bot_new/passenger_wsgi.py", line 9, in <module>
    application = wsgi.application
                  ^^^^^^^^^^^^^^^^
AttributeError: module 'wsgi' has no attribute 'application'
[UID:1732][2085504] Child process with pid: 2100889 was killed by signal: 15, core dumped: no
Traceback (most recent call last):
  File "/home/techandc/movie_bot_new/passenger_wsgi.py", line 9, in <module>
    application = wsgi.application
                  ^^^^^^^^^^^^^^^^
AttributeError: module 'wsgi' has no attribute 'application'
[UID:1732][2085504] Child process with pid: 2100905 was killed by signal: 15, core dumped: no
Traceback (most recent call last):
  File "/home/techandc/movie_bot_new/passenger_wsgi.py", line 9, in <module>
    application = wsgi.application
                  ^^^^^^^^^^^^^^^^
AttributeError: module 'wsgi' has no attribute 'application'
[UID:1732][2085504] Child process with pid: 2100918 was killed by signal: 15, core dumped: no
Traceback (most recent call last):
  File "/home/techandc/movie_bot_new/passenger_wsgi.py", line 9, in <module>
    application = wsgi.application
                  ^^^^^^^^^^^^^^^^
AttributeError: module 'wsgi' has no attribute 'application'
[UID:1732][2085504] Child process with pid: 2100924 was killed by signal: 15, core dumped: no
Traceback (most recent call last):
  File "/home/techandc/movie_bot_new/passenger_wsgi.py", line 9, in <module>
    application = wsgi.application
                  ^^^^^^^^^^^^^^^^
AttributeError: module 'wsgi' has no attribute 'application'
[UID:1732][2085504] Child process with pid: 2100940 was killed by signal: 15, core dumped: no
Traceback (most recent call last):
  File "/home/techandc/movie_bot_new/passenger_wsgi.py", line 9, in <module>
    application = wsgi.application
                  ^^^^^^^^^^^^^^^^
AttributeError: module 'wsgi' has no attribute 'application'
[UID:1732][2085504] Child process with pid: 2100951 was killed by signal: 15, core dumped: no
Traceback (most recent call last):
  File "/home/techandc/movie_bot_new/passenger_wsgi.py", line 9, in <module>
    application = wsgi.application
                  ^^^^^^^^^^^^^^^^
AttributeError: module 'wsgi' has no attribute 'application'
[UID:1732][2085504] Child process with pid: 2100963 was killed by signal: 15, core dumped: no
Traceback (most recent call last):
  File "/home/techandc/movie_bot_new/passenger_wsgi.py", line 9, in <module>
    application = wsgi.application
                  ^^^^^^^^^^^^^^^^
AttributeError: module 'wsgi' has no attribute 'application'
[UID:1732][2085504] Child process with pid: 2100979 was killed by signal: 15, core dumped: no
Traceback (most recent call last):
  File "/home/techandc/movie_bot_new/passenger_wsgi.py", line 9, in <module>
    application = wsgi.application
                  ^^^^^^^^^^^^^^^^
AttributeError: module 'wsgi' has no attribute 'application'
[UID:1732][2085504] Child process with pid: 2100993 was killed by signal: 15, core dumped: no
Traceback (most recent call last):
  File "/home/techandc/movie_bot_new/passenger_wsgi.py", line 9, in <module>
    application = wsgi.application
                  ^^^^^^^^^^^^^^^^
AttributeError: module 'wsgi' has no attribute 'application'
[UID:1732][2085504] Child process with pid: 2101008 was killed by signal: 15, core dumped: no
Traceback (most recent call last):
  File "/home/techandc/movie_bot_new/passenger_wsgi.py", line 9, in <module>
    application = wsgi.application
                  ^^^^^^^^^^^^^^^^
AttributeError: module 'wsgi' has no attribute 'application'
[UID:1732][2085504] Child process with pid: 2101030 was killed by signal: 15, core dumped: no
Traceback (most recent call last):
  File "/home/techandc/movie_bot_new/passenger_wsgi.py", line 9, in <module>
    application = wsgi.application
                  ^^^^^^^^^^^^^^^^
AttributeError: module 'wsgi' has no attribute 'application'
[UID:1732][2085504] Child process with pid: 2101045 was killed by signal: 15, core dumped: no
Traceback (most recent call last):
  File "/home/techandc/movie_bot_new/passenger_wsgi.py", line 9, in <module>
    application = wsgi.application
                  ^^^^^^^^^^^^^^^^
AttributeError: module 'wsgi' has no attribute 'application'
[UID:1732][2085504] Child process with pid: 2101060 was killed by signal: 15, core dumped: no
Traceback (most recent call last):
  File "/home/techandc/movie_bot_new/passenger_wsgi.py", line 9, in <module>
    application = wsgi.application
                  ^^^^^^^^^^^^^^^^
AttributeError: module 'wsgi' has no attribute 'application'
[UID:1732][2085504] Child process with pid: 2101077 was killed by signal: 15, core dumped: no
Traceback (most recent call last):
  File "/home/techandc/movie_bot_new/passenger_wsgi.py", line 9, in <module>
    application = wsgi.application
                  ^^^^^^^^^^^^^^^^
AttributeError: module 'wsgi' has no attribute 'application'
[UID:1732][2085504] Child process with pid: 2101095 was killed by signal: 15, core dumped: no
Traceback (most recent call last):
  File "/home/techandc/movie_bot_new/passenger_wsgi.py", line 9, in <module>
    application = wsgi.application
                  ^^^^^^^^^^^^^^^^
AttributeError: module 'wsgi' has no attribute 'application'
[UID:1732][2085504] Child process with pid: 2101110 was killed by signal: 15, core dumped: no
Traceback (most recent call last):
  File "/home/techandc/movie_bot_new/passenger_wsgi.py", line 9, in <module>
    application = wsgi.application
                  ^^^^^^^^^^^^^^^^
AttributeError: module 'wsgi' has no attribute 'application'
[UID:1732][2085504] Child process with pid: 2101128 was killed by signal: 15, core dumped: no
Traceback (most recent call last):
  File "/home/techandc/movie_bot_new/passenger_wsgi.py", line 9, in <module>
    application = wsgi.application
                  ^^^^^^^^^^^^^^^^
AttributeError: module 'wsgi' has no attribute 'application'
[UID:1732][2085504] Child process with pid: 2101146 was killed by signal: 15, core dumped: no
Traceback (most recent call last):
  File "/home/techandc/movie_bot_new/passenger_wsgi.py", line 9, in <module>
    application = wsgi.application
                  ^^^^^^^^^^^^^^^^
AttributeError: module 'wsgi' has no attribute 'application'
[UID:1732][2085504] Child process with pid: 2101172 was killed by signal: 15, core dumped: no
Traceback (most recent call last):
  File "/home/techandc/movie_bot_new/passenger_wsgi.py", line 9, in <module>
    application = wsgi.application
                  ^^^^^^^^^^^^^^^^
AttributeError: module 'wsgi' has no attribute 'application'
[UID:1732][2085504] Child process with pid: 2101194 was killed by signal: 15, core dumped: no
Traceback (most recent call last):
  File "/home/techandc/movie_bot_new/passenger_wsgi.py", line 9, in <module>
    application = wsgi.application
                  ^^^^^^^^^^^^^^^^
AttributeError: module 'wsgi' has no attribute 'application'
[UID:1732][2085504] Child process with pid: 2101214 was killed by signal: 15, core dumped: no
Traceback (most recent call last):
  File "/home/techandc/movie_bot_new/passenger_wsgi.py", line 9, in <module>
    application = wsgi.application
                  ^^^^^^^^^^^^^^^^
AttributeError: module 'wsgi' has no attribute 'application'
[UID:1732][2085504] Child process with pid: 2101244 was killed by signal: 15, core dumped: no
Traceback (most recent call last):
  File "/home/techandc/movie_bot_new/passenger_wsgi.py", line 9, in <module>
    application = wsgi.application
                  ^^^^^^^^^^^^^^^^
AttributeError: module 'wsgi' has no attribute 'application'
[UID:1732][2085504] Child process with pid: 2101277 was killed by signal: 15, core dumped: no
Traceback (most recent call last):
  File "/home/techandc/movie_bot_new/passenger_wsgi.py", line 9, in <module>
    application = wsgi.application
                  ^^^^^^^^^^^^^^^^
AttributeError: module 'wsgi' has no attribute 'application'
[UID:1732][2085504] Child process with pid: 2101303 was killed by signal: 15, core dumped: no
Traceback (most recent call last):
  File "/home/techandc/movie_bot_new/passenger_wsgi.py", line 9, in <module>
    application = wsgi.application
                  ^^^^^^^^^^^^^^^^
AttributeError: module 'wsgi' has no attribute 'application'
[UID:1732][2085504] Child process with pid: 2101318 was killed by signal: 15, core dumped: no
Traceback (most recent call last):
  File "/home/techandc/movie_bot_new/passenger_wsgi.py", line 9, in <module>
    application = wsgi.application
                  ^^^^^^^^^^^^^^^^
AttributeError: module 'wsgi' has no attribute 'application'
[UID:1732][2085504] Child process with pid: 2101335 was killed by signal: 15, core dumped: no
Traceback (most recent call last):
  File "/home/techandc/movie_bot_new/passenger_wsgi.py", line 9, in <module>
    application = wsgi.application
                  ^^^^^^^^^^^^^^^^
AttributeError: module 'wsgi' has no attribute 'application'
[UID:1732][2085504] Child process with pid: 2101356 was killed by signal: 15, core dumped: no
Traceback (most recent call last):
  File "/home/techandc/movie_bot_new/passenger_wsgi.py", line 9, in <module>
    application = wsgi.application
                  ^^^^^^^^^^^^^^^^
AttributeError: module 'wsgi' has no attribute 'application'
[UID:1732][2085504] Child process with pid: 2101379 was killed by signal: 15, core dumped: no
Traceback (most recent call last):
  File "/home/techandc/movie_bot_new/passenger_wsgi.py", line 9, in <module>
    application = wsgi.application
                  ^^^^^^^^^^^^^^^^
AttributeError: module 'wsgi' has no attribute 'application'
[UID:1732][2085504] Child process with pid: 2101402 was killed by signal: 15, core dumped: no
Traceback (most recent call last):
  File "/home/techandc/movie_bot_new/passenger_wsgi.py", line 9, in <module>
    application = wsgi.application
                  ^^^^^^^^^^^^^^^^
AttributeError: module 'wsgi' has no attribute 'application'
[UID:1732][2085504] Child process with pid: 2101425 was killed by signal: 15, core dumped: no
Traceback (most recent call last):
  File "/home/techandc/movie_bot_new/passenger_wsgi.py", line 9, in <module>
    application = wsgi.application
                  ^^^^^^^^^^^^^^^^
AttributeError: module 'wsgi' has no attribute 'application'
[UID:1732][2085504] Child process with pid: 2101439 was killed by signal: 15, core dumped: no
Traceback (most recent call last):
  File "/home/techandc/movie_bot_new/passenger_wsgi.py", line 9, in <module>
    application = wsgi.application
                  ^^^^^^^^^^^^^^^^
AttributeError: module 'wsgi' has no attribute 'application'
[UID:1732][2085504] Child process with pid: 2101451 was killed by signal: 15, core dumped: no
Traceback (most recent call last):
  File "/home/techandc/movie_bot_new/passenger_wsgi.py", line 9, in <module>
    application = wsgi.application
                  ^^^^^^^^^^^^^^^^
AttributeError: module 'wsgi' has no attribute 'application'
[UID:1732][2085504] Child process with pid: 2101463 was killed by signal: 15, core dumped: no
Traceback (most recent call last):
  File "/home/techandc/movie_bot_new/passenger_wsgi.py", line 9, in <module>
    application = wsgi.application
                  ^^^^^^^^^^^^^^^^
AttributeError: module 'wsgi' has no attribute 'application'
[UID:1732][2085504] Child process with pid: 2101496 was killed by signal: 15, core dumped: no
Traceback (most recent call last):
  File "/home/techandc/movie_bot_new/passenger_wsgi.py", line 9, in <module>
    application = wsgi.application
                  ^^^^^^^^^^^^^^^^
AttributeError: module 'wsgi' has no attribute 'application'
[UID:1732][2085504] Child process with pid: 2101522 was killed by signal: 15, core dumped: no
Traceback (most recent call last):
  File "/home/techandc/movie_bot_new/passenger_wsgi.py", line 9, in <module>
    application = wsgi.application
                  ^^^^^^^^^^^^^^^^
AttributeError: module 'wsgi' has no attribute 'application'
[UID:1732][2085504] Child process with pid: 2101537 was killed by signal: 15, core dumped: no
Traceback (most recent call last):
  File "/home/techandc/movie_bot_new/passenger_wsgi.py", line 9, in <module>
    application = wsgi.application
                  ^^^^^^^^^^^^^^^^
AttributeError: module 'wsgi' has no attribute 'application'
[UID:1732][2085504] Child process with pid: 2101550 was killed by signal: 15, core dumped: no
Traceback (most recent call last):
  File "/home/techandc/movie_bot_new/passenger_wsgi.py", line 9, in <module>
    application = wsgi.application
                  ^^^^^^^^^^^^^^^^
AttributeError: module 'wsgi' has no attribute 'application'
[UID:1732][2085504] Child process with pid: 2101566 was killed by signal: 15, core dumped: no
Traceback (most recent call last):
  File "/home/techandc/movie_bot_new/passenger_wsgi.py", line 9, in <module>
    application = wsgi.application
                  ^^^^^^^^^^^^^^^^
AttributeError: module 'wsgi' has no attribute 'application'
[UID:1732][2085504] Child process with pid: 2101593 was killed by signal: 15, core dumped: no
Traceback (most recent call last):
  File "/home/techandc/movie_bot_new/passenger_wsgi.py", line 9, in <module>
    application = wsgi.application
                  ^^^^^^^^^^^^^^^^
AttributeError: module 'wsgi' has no attribute 'application'
[UID:1732][2085504] Child process with pid: 2101623 was killed by signal: 15, core dumped: no
Traceback (most recent call last):
  File "/home/techandc/movie_bot_new/passenger_wsgi.py", line 9, in <module>
    application = wsgi.application
                  ^^^^^^^^^^^^^^^^
AttributeError: module 'wsgi' has no attribute 'application'
[UID:1732][2085504] Child process with pid: 2101658 was killed by signal: 15, core dumped: no
Traceback (most recent call last):
  File "/home/techandc/movie_bot_new/passenger_wsgi.py", line 9, in <module>
    application = wsgi.application
                  ^^^^^^^^^^^^^^^^
AttributeError: module 'wsgi' has no attribute 'application'
[UID:1732][2085504] Child process with pid: 2101674 was killed by signal: 15, core dumped: no
Traceback (most recent call last):
  File "/home/techandc/movie_bot_new/passenger_wsgi.py", line 9, in <module>
    application = wsgi.application
                  ^^^^^^^^^^^^^^^^
AttributeError: module 'wsgi' has no attribute 'application'
[UID:1732][2085504] Child process with pid: 2101692 was killed by signal: 15, core dumped: no
Traceback (most recent call last):
  File "/home/techandc/movie_bot_new/passenger_wsgi.py", line 9, in <module>
    application = wsgi.application
                  ^^^^^^^^^^^^^^^^
AttributeError: module 'wsgi' has no attribute 'application'
[UID:1732][2085504] Child process with pid: 2101719 was killed by signal: 15, core dumped: no
Traceback (most recent call last):
  File "/home/techandc/movie_bot_new/passenger_wsgi.py", line 9, in <module>
    application = wsgi.application
                  ^^^^^^^^^^^^^^^^
AttributeError: module 'wsgi' has no attribute 'application'
[UID:1732][2085504] Child process with pid: 2101736 was killed by signal: 15, core dumped: no
Traceback (most recent call last):
  File "/home/techandc/movie_bot_new/passenger_wsgi.py", line 9, in <module>
    application = wsgi.application
                  ^^^^^^^^^^^^^^^^
AttributeError: module 'wsgi' has no attribute 'application'
[UID:1732][2085504] Child process with pid: 2101745 was killed by signal: 15, core dumped: no
Traceback (most recent call last):
  File "/home/techandc/movie_bot_new/passenger_wsgi.py", line 9, in <module>
    application = wsgi.application
                  ^^^^^^^^^^^^^^^^
AttributeError: module 'wsgi' has no attribute 'application'
[UID:1732][2085504] Child process with pid: 2101770 was killed by signal: 15, core dumped: no
Traceback (most recent call last):
  File "/home/techandc/movie_bot_new/passenger_wsgi.py", line 9, in <module>
    application = wsgi.application
                  ^^^^^^^^^^^^^^^^
AttributeError: module 'wsgi' has no attribute 'application'
[UID:1732][2085504] Child process with pid: 2101792 was killed by signal: 15, core dumped: no
Traceback (most recent call last):
  File "/home/techandc/movie_bot_new/passenger_wsgi.py", line 9, in <module>
    application = wsgi.application
                  ^^^^^^^^^^^^^^^^
AttributeError: module 'wsgi' has no attribute 'application'
[UID:1732][2085504] Child process with pid: 2101810 was killed by signal: 15, core dumped: no
Traceback (most recent call last):
  File "/home/techandc/movie_bot_new/passenger_wsgi.py", line 9, in <module>
    application = wsgi.application
                  ^^^^^^^^^^^^^^^^
AttributeError: module 'wsgi' has no attribute 'application'
[UID:1732][2085504] Child process with pid: 2101818 was killed by signal: 15, core dumped: no
Traceback (most recent call last):
  File "/home/techandc/movie_bot_new/passenger_wsgi.py", line 9, in <module>
    application = wsgi.application
                  ^^^^^^^^^^^^^^^^
AttributeError: module 'wsgi' has no attribute 'application'
[UID:1732][2085504] Child process with pid: 2101840 was killed by signal: 15, core dumped: no
Traceback (most recent call last):
  File "/home/techandc/movie_bot_new/passenger_wsgi.py", line 9, in <module>
    application = wsgi.application
                  ^^^^^^^^^^^^^^^^
AttributeError: module 'wsgi' has no attribute 'application'
[UID:1732][2085504] Child process with pid: 2101854 was killed by signal: 15, core dumped: no
Traceback (most recent call last):
  File "/home/techandc/movie_bot_new/passenger_wsgi.py", line 9, in <module>
    application = wsgi.application
                  ^^^^^^^^^^^^^^^^
AttributeError: module 'wsgi' has no attribute 'application'
[UID:1732][2085504] Child process with pid: 2101871 was killed by signal: 15, core dumped: no
Traceback (most recent call last):
  File "/home/techandc/movie_bot_new/passenger_wsgi.py", line 9, in <module>
    application = wsgi.application
                  ^^^^^^^^^^^^^^^^
AttributeError: module 'wsgi' has no attribute 'application'
[UID:1732][2085504] Child process with pid: 2101880 was killed by signal: 15, core dumped: no
Traceback (most recent call last):
  File "/home/techandc/movie_bot_new/passenger_wsgi.py", line 9, in <module>
    application = wsgi.application
                  ^^^^^^^^^^^^^^^^
AttributeError: module 'wsgi' has no attribute 'application'
[UID:1732][2085504] Child process with pid: 2101892 was killed by signal: 15, core dumped: no
Traceback (most recent call last):
  File "/home/techandc/movie_bot_new/passenger_wsgi.py", line 9, in <module>
    application = wsgi.application
                  ^^^^^^^^^^^^^^^^
AttributeError: module 'wsgi' has no attribute 'application'
[UID:1732][2085504] Child process with pid: 2101919 was killed by signal: 15, core dumped: no
Traceback (most recent call last):
  File "/home/techandc/movie_bot_new/passenger_wsgi.py", line 9, in <module>
    application = wsgi.application
                  ^^^^^^^^^^^^^^^^
AttributeError: module 'wsgi' has no attribute 'application'
[UID:1732][2085504] Child process with pid: 2101935 was killed by signal: 15, core dumped: no
Traceback (most recent call last):
  File "/home/techandc/movie_bot_new/passenger_wsgi.py", line 9, in <module>
    application = wsgi.application
                  ^^^^^^^^^^^^^^^^
AttributeError: module 'wsgi' has no attribute 'application'
[UID:1732][2085504] Child process with pid: 2101986 was killed by signal: 15, core dumped: no
Traceback (most recent call last):
  File "/home/techandc/movie_bot_new/passenger_wsgi.py", line 9, in <module>
    application = wsgi.application
                  ^^^^^^^^^^^^^^^^
AttributeError: module 'wsgi' has no attribute 'application'
[UID:1732][2085504] Child process with pid: 2102015 was killed by signal: 15, core dumped: no
Traceback (most recent call last):
  File "/home/techandc/movie_bot_new/passenger_wsgi.py", line 9, in <module>
    application = wsgi.application
                  ^^^^^^^^^^^^^^^^
AttributeError: module 'wsgi' has no attribute 'application'
[UID:1732][2085504] Child process with pid: 2102031 was killed by signal: 15, core dumped: no
Traceback (most recent call last):
  File "/home/techandc/movie_bot_new/passenger_wsgi.py", line 9, in <module>
    application = wsgi.application
                  ^^^^^^^^^^^^^^^^
AttributeError: module 'wsgi' has no attribute 'application'
[UID:1732][2085504] Child process with pid: 2102055 was killed by signal: 15, core dumped: no
Traceback (most recent call last):
  File "/home/techandc/movie_bot_new/passenger_wsgi.py", line 9, in <module>
    application = wsgi.application
                  ^^^^^^^^^^^^^^^^
AttributeError: module 'wsgi' has no attribute 'application'
[UID:1732][2085504] Child process with pid: 2102086 was killed by signal: 15, core dumped: no
Traceback (most recent call last):
  File "/home/techandc/movie_bot_new/passenger_wsgi.py", line 9, in <module>
    application = wsgi.application
                  ^^^^^^^^^^^^^^^^
AttributeError: module 'wsgi' has no attribute 'application'
[UID:1732][2085504] Child process with pid: 2102101 was killed by signal: 15, core dumped: no
Traceback (most recent call last):
  File "/home/techandc/movie_bot_new/passenger_wsgi.py", line 9, in <module>
    application = wsgi.application
                  ^^^^^^^^^^^^^^^^
AttributeError: module 'wsgi' has no attribute 'application'
[UID:1732][2085504] Child process with pid: 2102117 was killed by signal: 15, core dumped: no
Traceback (most recent call last):
  File "/home/techandc/movie_bot_new/passenger_wsgi.py", line 9, in <module>
    application = wsgi.application
                  ^^^^^^^^^^^^^^^^
AttributeError: module 'wsgi' has no attribute 'application'
[UID:1732][2085504] Child process with pid: 2102151 was killed by signal: 15, core dumped: no
Traceback (most recent call last):
  File "/home/techandc/movie_bot_new/passenger_wsgi.py", line 9, in <module>
    application = wsgi.application
                  ^^^^^^^^^^^^^^^^
AttributeError: module 'wsgi' has no attribute 'application'
[UID:1732][2085504] Child process with pid: 2102184 was killed by signal: 15, core dumped: no
Traceback (most recent call last):
  File "/home/techandc/movie_bot_new/passenger_wsgi.py", line 9, in <module>
    application = wsgi.application
                  ^^^^^^^^^^^^^^^^
AttributeError: module 'wsgi' has no attribute 'application'
[UID:1732][2085504] Child process with pid: 2102208 was killed by signal: 15, core dumped: no
Traceback (most recent call last):
  File "/home/techandc/movie_bot_new/passenger_wsgi.py", line 9, in <module>
    application = wsgi.application
                  ^^^^^^^^^^^^^^^^
AttributeError: module 'wsgi' has no attribute 'application'
[UID:1732][2085504] Child process with pid: 2102230 was killed by signal: 15, core dumped: no
Traceback (most recent call last):
  File "/home/techandc/movie_bot_new/passenger_wsgi.py", line 9, in <module>
    application = wsgi.application
                  ^^^^^^^^^^^^^^^^
AttributeError: module 'wsgi' has no attribute 'application'
[UID:1732][2085504] Child process with pid: 2102250 was killed by signal: 15, core dumped: no
Traceback (most recent call last):
  File "/home/techandc/movie_bot_new/passenger_wsgi.py", line 9, in <module>
    application = wsgi.application
                  ^^^^^^^^^^^^^^^^
AttributeError: module 'wsgi' has no attribute 'application'
[UID:1732][2085504] Child process with pid: 2102272 was killed by signal: 15, core dumped: no
Traceback (most recent call last):
  File "/home/techandc/movie_bot_new/passenger_wsgi.py", line 9, in <module>
    application = wsgi.application
                  ^^^^^^^^^^^^^^^^
AttributeError: module 'wsgi' has no attribute 'application'
[UID:1732][2085504] Child process with pid: 2102293 was killed by signal: 15, core dumped: no
Traceback (most recent call last):
  File "/home/techandc/movie_bot_new/passenger_wsgi.py", line 9, in <module>
    application = wsgi.application
                  ^^^^^^^^^^^^^^^^
AttributeError: module 'wsgi' has no attribute 'application'
[UID:1732][2085504] Child process with pid: 2102307 was killed by signal: 15, core dumped: no
Traceback (most recent call last):
  File "/home/techandc/movie_bot_new/passenger_wsgi.py", line 9, in <module>
    application = wsgi.application
                  ^^^^^^^^^^^^^^^^
AttributeError: module 'wsgi' has no attribute 'application'
[UID:1732][2085504] Child process with pid: 2102324 was killed by signal: 15, core dumped: no
Traceback (most recent call last):
  File "/home/techandc/movie_bot_new/passenger_wsgi.py", line 9, in <module>
    application = wsgi.application
                  ^^^^^^^^^^^^^^^^
AttributeError: module 'wsgi' has no attribute 'application'
[UID:1732][2085504] Child process with pid: 2102340 was killed by signal: 15, core dumped: no
Traceback (most recent call last):
  File "/home/techandc/movie_bot_new/passenger_wsgi.py", line 9, in <module>
    application = wsgi.application
                  ^^^^^^^^^^^^^^^^
AttributeError: module 'wsgi' has no attribute 'application'
[UID:1732][2085504] Child process with pid: 2102363 was killed by signal: 15, core dumped: no
Traceback (most recent call last):
  File "/home/techandc/movie_bot_new/passenger_wsgi.py", line 9, in <module>
    application = wsgi.application
                  ^^^^^^^^^^^^^^^^
AttributeError: module 'wsgi' has no attribute 'application'
[UID:1732][2085504] Child process with pid: 2102377 was killed by signal: 15, core dumped: no
Traceback (most recent call last):
  File "/home/techandc/movie_bot_new/passenger_wsgi.py", line 9, in <module>
    application = wsgi.application
                  ^^^^^^^^^^^^^^^^
AttributeError: module 'wsgi' has no attribute 'application'
[UID:1732][2085504] Child process with pid: 2102392 was killed by signal: 15, core dumped: no
Traceback (most recent call last):
  File "/home/techandc/movie_bot_new/passenger_wsgi.py", line 9, in <module>
    application = wsgi.application
                  ^^^^^^^^^^^^^^^^
AttributeError: module 'wsgi' has no attribute 'application'
[UID:1732][2085504] Child process with pid: 2102405 was killed by signal: 15, core dumped: no
Traceback (most recent call last):
  File "/home/techandc/movie_bot_new/passenger_wsgi.py", line 9, in <module>
    application = wsgi.application
                  ^^^^^^^^^^^^^^^^
AttributeError: module 'wsgi' has no attribute 'application'
[UID:1732][2085504] Child process with pid: 2102423 was killed by signal: 15, core dumped: no
Traceback (most recent call last):
  File "/home/techandc/movie_bot_new/passenger_wsgi.py", line 9, in <module>
    application = wsgi.application
                  ^^^^^^^^^^^^^^^^
AttributeError: module 'wsgi' has no attribute 'application'
[UID:1732][2085504] Child process with pid: 2102443 was killed by signal: 15, core dumped: no
Traceback (most recent call last):
  File "/home/techandc/movie_bot_new/passenger_wsgi.py", line 9, in <module>
    application = wsgi.application
                  ^^^^^^^^^^^^^^^^
AttributeError: module 'wsgi' has no attribute 'application'
[UID:1732][2085504] Child process with pid: 2102468 was killed by signal: 15, core dumped: no
Traceback (most recent call last):
  File "/home/techandc/movie_bot_new/passenger_wsgi.py", line 9, in <module>
    application = wsgi.application
                  ^^^^^^^^^^^^^^^^
AttributeError: module 'wsgi' has no attribute 'application'
[UID:1732][2085504] Child process with pid: 2102481 was killed by signal: 15, core dumped: no
Traceback (most recent call last):
  File "/home/techandc/movie_bot_new/passenger_wsgi.py", line 9, in <module>
    application = wsgi.application
                  ^^^^^^^^^^^^^^^^
AttributeError: module 'wsgi' has no attribute 'application'
[UID:1732][2085504] Child process with pid: 2102502 was killed by signal: 15, core dumped: no
Traceback (most recent call last):
  File "/home/techandc/movie_bot_new/passenger_wsgi.py", line 9, in <module>
    application = wsgi.application
                  ^^^^^^^^^^^^^^^^
AttributeError: module 'wsgi' has no attribute 'application'
[UID:1732][2085504] Child process with pid: 2102520 was killed by signal: 15, core dumped: no
Traceback (most recent call last):
  File "/home/techandc/movie_bot_new/passenger_wsgi.py", line 9, in <module>
    application = wsgi.application
                  ^^^^^^^^^^^^^^^^
AttributeError: module 'wsgi' has no attribute 'application'
[UID:1732][2085504] Child process with pid: 2102540 was killed by signal: 15, core dumped: no
Traceback (most recent call last):
  File "/home/techandc/movie_bot_new/passenger_wsgi.py", line 9, in <module>
    application = wsgi.application
                  ^^^^^^^^^^^^^^^^
AttributeError: module 'wsgi' has no attribute 'application'
[UID:1732][2085504] Child process with pid: 2102550 was killed by signal: 15, core dumped: no
Traceback (most recent call last):
  File "/home/techandc/movie_bot_new/passenger_wsgi.py", line 9, in <module>
    application = wsgi.application
                  ^^^^^^^^^^^^^^^^
AttributeError: module 'wsgi' has no attribute 'application'
[UID:1732][2085504] Child process with pid: 2102564 was killed by signal: 15, core dumped: no
Traceback (most recent call last):
  File "/home/techandc/movie_bot_new/passenger_wsgi.py", line 9, in <module>
    application = wsgi.application
                  ^^^^^^^^^^^^^^^^
AttributeError: module 'wsgi' has no attribute 'application'
[UID:1732][2085504] Child process with pid: 2102581 was killed by signal: 15, core dumped: no
Traceback (most recent call last):
  File "/home/techandc/movie_bot_new/passenger_wsgi.py", line 9, in <module>
    application = wsgi.application
                  ^^^^^^^^^^^^^^^^
AttributeError: module 'wsgi' has no attribute 'application'
[UID:1732][2085504] Child process with pid: 2102600 was killed by signal: 15, core dumped: no
Traceback (most recent call last):
  File "/home/techandc/movie_bot_new/passenger_wsgi.py", line 9, in <module>
    application = wsgi.application
                  ^^^^^^^^^^^^^^^^
AttributeError: module 'wsgi' has no attribute 'application'
[UID:1732][2085504] Child process with pid: 2102614 was killed by signal: 15, core dumped: no
Traceback (most recent call last):
  File "/home/techandc/movie_bot_new/passenger_wsgi.py", line 9, in <module>
    application = wsgi.application
                  ^^^^^^^^^^^^^^^^
AttributeError: module 'wsgi' has no attribute 'application'
[UID:1732][2085504] Child process with pid: 2102636 was killed by signal: 15, core dumped: no
Traceback (most recent call last):
  File "/home/techandc/movie_bot_new/passenger_wsgi.py", line 9, in <module>
    application = wsgi.application
                  ^^^^^^^^^^^^^^^^
AttributeError: module 'wsgi' has no attribute 'application'
[UID:1732][2085504] Child process with pid: 2102648 was killed by signal: 15, core dumped: no
Traceback (most recent call last):
  File "/home/techandc/movie_bot_new/passenger_wsgi.py", line 9, in <module>
    application = wsgi.application
                  ^^^^^^^^^^^^^^^^
AttributeError: module 'wsgi' has no attribute 'application'
[UID:1732][2085504] Child process with pid: 2102663 was killed by signal: 15, core dumped: no
Traceback (most recent call last):
  File "/home/techandc/movie_bot_new/passenger_wsgi.py", line 9, in <module>
    application = wsgi.application
                  ^^^^^^^^^^^^^^^^
AttributeError: module 'wsgi' has no attribute 'application'
[UID:1732][2085504] Child process with pid: 2102678 was killed by signal: 15, core dumped: no
Traceback (most recent call last):
  File "/home/techandc/movie_bot_new/passenger_wsgi.py", line 9, in <module>
    application = wsgi.application
                  ^^^^^^^^^^^^^^^^
AttributeError: module 'wsgi' has no attribute 'application'
[UID:1732][2085504] Child process with pid: 2102707 was killed by signal: 15, core dumped: no
Traceback (most recent call last):
  File "/home/techandc/movie_bot_new/passenger_wsgi.py", line 9, in <module>
    application = wsgi.application
                  ^^^^^^^^^^^^^^^^
AttributeError: module 'wsgi' has no attribute 'application'
[UID:1732][2085504] Child process with pid: 2102724 was killed by signal: 15, core dumped: no
Traceback (most recent call last):
  File "/home/techandc/movie_bot_new/passenger_wsgi.py", line 9, in <module>
    application = wsgi.application
                  ^^^^^^^^^^^^^^^^
AttributeError: module 'wsgi' has no attribute 'application'
[UID:1732][2085504] Child process with pid: 2102736 was killed by signal: 15, core dumped: no
Traceback (most recent call last):
  File "/home/techandc/movie_bot_new/passenger_wsgi.py", line 9, in <module>
    application = wsgi.application
                  ^^^^^^^^^^^^^^^^
AttributeError: module 'wsgi' has no attribute 'application'
[UID:1732][2085504] Child process with pid: 2102751 was killed by signal: 15, core dumped: no
Traceback (most recent call last):
  File "/home/techandc/movie_bot_new/passenger_wsgi.py", line 9, in <module>
    application = wsgi.application
                  ^^^^^^^^^^^^^^^^
AttributeError: module 'wsgi' has no attribute 'application'
[UID:1732][2085504] Child process with pid: 2102785 was killed by signal: 15, core dumped: no
Traceback (most recent call last):
  File "/home/techandc/movie_bot_new/passenger_wsgi.py", line 9, in <module>
    application = wsgi.application
                  ^^^^^^^^^^^^^^^^
AttributeError: module 'wsgi' has no attribute 'application'
[UID:1732][2085504] Child process with pid: 2102801 was killed by signal: 15, core dumped: no
Traceback (most recent call last):
  File "/home/techandc/movie_bot_new/passenger_wsgi.py", line 9, in <module>
    application = wsgi.application
                  ^^^^^^^^^^^^^^^^
AttributeError: module 'wsgi' has no attribute 'application'
[UID:1732][2085504] Child process with pid: 2102817 was killed by signal: 15, core dumped: no
Traceback (most recent call last):
  File "/home/techandc/movie_bot_new/passenger_wsgi.py", line 9, in <module>
    application = wsgi.application
                  ^^^^^^^^^^^^^^^^
AttributeError: module 'wsgi' has no attribute 'application'
[UID:1732][2085504] Child process with pid: 2102829 was killed by signal: 15, core dumped: no
Traceback (most recent call last):
  File "/home/techandc/movie_bot_new/passenger_wsgi.py", line 9, in <module>
    application = wsgi.application
                  ^^^^^^^^^^^^^^^^
AttributeError: module 'wsgi' has no attribute 'application'
[UID:1732][2085504] Child process with pid: 2102844 was killed by signal: 15, core dumped: no
Traceback (most recent call last):
  File "/home/techandc/movie_bot_new/passenger_wsgi.py", line 9, in <module>
    application = wsgi.application
                  ^^^^^^^^^^^^^^^^
AttributeError: module 'wsgi' has no attribute 'application'
[UID:1732][2085504] Child process with pid: 2102867 was killed by signal: 15, core dumped: no
Traceback (most recent call last):
  File "/home/techandc/movie_bot_new/passenger_wsgi.py", line 9, in <module>
    application = wsgi.application
                  ^^^^^^^^^^^^^^^^
AttributeError: module 'wsgi' has no attribute 'application'
[UID:1732][2085504] Child process with pid: 2102881 was killed by signal: 15, core dumped: no
Traceback (most recent call last):
  File "/home/techandc/movie_bot_new/passenger_wsgi.py", line 9, in <module>
    application = wsgi.application
                  ^^^^^^^^^^^^^^^^
AttributeError: module 'wsgi' has no attribute 'application'
[UID:1732][2085504] Child process with pid: 2102897 was killed by signal: 15, core dumped: no
Traceback (most recent call last):
  File "/home/techandc/movie_bot_new/passenger_wsgi.py", line 9, in <module>
    application = wsgi.application
                  ^^^^^^^^^^^^^^^^
AttributeError: module 'wsgi' has no attribute 'application'
[UID:1732][2085504] Child process with pid: 2102910 was killed by signal: 15, core dumped: no
Traceback (most recent call last):
  File "/home/techandc/movie_bot_new/passenger_wsgi.py", line 9, in <module>
    application = wsgi.application
                  ^^^^^^^^^^^^^^^^
AttributeError: module 'wsgi' has no attribute 'application'
[UID:1732][2085504] Child process with pid: 2102935 was killed by signal: 15, core dumped: no
Traceback (most recent call last):
  File "/home/techandc/movie_bot_new/passenger_wsgi.py", line 9, in <module>
    application = wsgi.application
                  ^^^^^^^^^^^^^^^^
AttributeError: module 'wsgi' has no attribute 'application'
[UID:1732][2085504] Child process with pid: 2102954 was killed by signal: 15, core dumped: no
Traceback (most recent call last):
  File "/home/techandc/movie_bot_new/passenger_wsgi.py", line 9, in <module>
    application = wsgi.application
                  ^^^^^^^^^^^^^^^^
AttributeError: module 'wsgi' has no attribute 'application'
[UID:1732][2085504] Child process with pid: 2102968 was killed by signal: 15, core dumped: no
Traceback (most recent call last):
  File "/home/techandc/movie_bot_new/passenger_wsgi.py", line 9, in <module>
    application = wsgi.application
                  ^^^^^^^^^^^^^^^^
AttributeError: module 'wsgi' has no attribute 'application'
[UID:1732][2085504] Child process with pid: 2102978 was killed by signal: 15, core dumped: no
Traceback (most recent call last):
  File "/home/techandc/movie_bot_new/passenger_wsgi.py", line 9, in <module>
    application = wsgi.application
                  ^^^^^^^^^^^^^^^^
AttributeError: module 'wsgi' has no attribute 'application'
[UID:1732][2085504] Child process with pid: 2103001 was killed by signal: 15, core dumped: no
Traceback (most recent call last):
  File "/home/techandc/movie_bot_new/passenger_wsgi.py", line 9, in <module>
    application = wsgi.application
                  ^^^^^^^^^^^^^^^^
AttributeError: module 'wsgi' has no attribute 'application'
[UID:1732][2085504] Child process with pid: 2103015 was killed by signal: 15, core dumped: no
Traceback (most recent call last):
  File "/home/techandc/movie_bot_new/passenger_wsgi.py", line 9, in <module>
    application = wsgi.application
                  ^^^^^^^^^^^^^^^^
AttributeError: module 'wsgi' has no attribute 'application'
[UID:1732][2085504] Child process with pid: 2103033 was killed by signal: 15, core dumped: no
Traceback (most recent call last):
  File "/home/techandc/movie_bot_new/passenger_wsgi.py", line 9, in <module>
    application = wsgi.application
                  ^^^^^^^^^^^^^^^^
AttributeError: module 'wsgi' has no attribute 'application'
[UID:1732][2085504] Child process with pid: 2103044 was killed by signal: 15, core dumped: no
Traceback (most recent call last):
  File "/home/techandc/movie_bot_new/passenger_wsgi.py", line 9, in <module>
    application = wsgi.application
                  ^^^^^^^^^^^^^^^^
AttributeError: module 'wsgi' has no attribute 'application'
[UID:1732][2085504] Child process with pid: 2103076 was killed by signal: 15, core dumped: no
Traceback (most recent call last):
  File "/home/techandc/movie_bot_new/passenger_wsgi.py", line 9, in <module>
    application = wsgi.application
                  ^^^^^^^^^^^^^^^^
AttributeError: module 'wsgi' has no attribute 'application'
[UID:1732][2085504] Child process with pid: 2103089 was killed by signal: 15, core dumped: no
Traceback (most recent call last):
  File "/home/techandc/movie_bot_new/passenger_wsgi.py", line 9, in <module>
    application = wsgi.application
                  ^^^^^^^^^^^^^^^^
AttributeError: module 'wsgi' has no attribute 'application'
[UID:1732][2085504] Child process with pid: 2103104 was killed by signal: 15, core dumped: no
Traceback (most recent call last):
  File "/home/techandc/movie_bot_new/passenger_wsgi.py", line 9, in <module>
    application = wsgi.application
                  ^^^^^^^^^^^^^^^^
AttributeError: module 'wsgi' has no attribute 'application'
[UID:1732][2085504] Child process with pid: 2103115 was killed by signal: 15, core dumped: no
Traceback (most recent call last):
  File "/home/techandc/movie_bot_new/passenger_wsgi.py", line 9, in <module>
    application = wsgi.application
                  ^^^^^^^^^^^^^^^^
AttributeError: module 'wsgi' has no attribute 'application'
[UID:1732][2085504] Child process with pid: 2103132 was killed by signal: 15, core dumped: no
Traceback (most recent call last):
  File "/home/techandc/movie_bot_new/passenger_wsgi.py", line 9, in <module>
    application = wsgi.application
                  ^^^^^^^^^^^^^^^^
AttributeError: module 'wsgi' has no attribute 'application'
[UID:1732][2085504] Child process with pid: 2103151 was killed by signal: 15, core dumped: no
Traceback (most recent call last):
  File "/home/techandc/movie_bot_new/passenger_wsgi.py", line 9, in <module>
    application = wsgi.application
                  ^^^^^^^^^^^^^^^^
AttributeError: module 'wsgi' has no attribute 'application'
[UID:1732][2085504] Child process with pid: 2103161 was killed by signal: 15, core dumped: no
Traceback (most recent call last):
  File "/home/techandc/movie_bot_new/passenger_wsgi.py", line 9, in <module>
    application = wsgi.application
                  ^^^^^^^^^^^^^^^^
AttributeError: module 'wsgi' has no attribute 'application'
[UID:1732][2085504] Child process with pid: 2103180 was killed by signal: 15, core dumped: no
Traceback (most recent call last):
  File "/home/techandc/movie_bot_new/passenger_wsgi.py", line 9, in <module>
    application = wsgi.application
                  ^^^^^^^^^^^^^^^^
AttributeError: module 'wsgi' has no attribute 'application'
[UID:1732][2085504] Child process with pid: 2103881 was killed by signal: 15, core dumped: no
Traceback (most recent call last):
  File "/home/techandc/movie_bot_new/passenger_wsgi.py", line 9, in <module>
    application = wsgi.application
                  ^^^^^^^^^^^^^^^^
AttributeError: module 'wsgi' has no attribute 'application'
Traceback (most recent call last):
  File "/home/techandc/movie_bot_new/passenger_wsgi.py", line 9, in <module>
    application = wsgi.application
                  ^^^^^^^^^^^^^^^^
AttributeError: module 'wsgi' has no attribute 'application'
[UID:1732][2177882] Child process with pid: 2178102 was killed by signal: 15, core dumped: no
Traceback (most recent call last):
  File "/home/techandc/movie_bot_new/passenger_wsgi.py", line 9, in <module>
    application = wsgi.application
                  ^^^^^^^^^^^^^^^^
AttributeError: module 'wsgi' has no attribute 'application'
Traceback (most recent call last):
  File "/home/techandc/movie_bot_new/passenger_wsgi.py", line 9, in <module>
    application = wsgi.application
                  ^^^^^^^^^^^^^^^^
AttributeError: module 'wsgi' has no attribute 'application'
[UID:1732][2249354] Child process with pid: 2249359 was killed by signal: 15, core dumped: no
Traceback (most recent call last):
  File "/home/techandc/movie_bot_new/passenger_wsgi.py", line 9, in <module>
    application = wsgi.application
                  ^^^^^^^^^^^^^^^^
AttributeError: module 'wsgi' has no attribute 'application'
[UID:1732][2249354] Child process with pid: 2250582 was killed by signal: 15, core dumped: no
Traceback (most recent call last):
  File "/home/techandc/movie_bot_new/passenger_wsgi.py", line 9, in <module>
    application = wsgi.application
                  ^^^^^^^^^^^^^^^^
AttributeError: module 'wsgi' has no attribute 'application'
Traceback (most recent call last):
  File "/home/techandc/movie_bot_new/passenger_wsgi.py", line 9, in <module>
    application = wsgi.application
                  ^^^^^^^^^^^^^^^^
AttributeError: module 'wsgi' has no attribute 'application'
[UID:1732][2460685] Child process with pid: 2460743 was killed by signal: 15, core dumped: no
Traceback (most recent call last):
  File "/home/techandc/movie_bot_new/passenger_wsgi.py", line 9, in <module>
    application = wsgi.application
                  ^^^^^^^^^^^^^^^^
AttributeError: module 'wsgi' has no attribute 'application'
Traceback (most recent call last):
  File "/home/techandc/movie_bot_new/passenger_wsgi.py", line 9, in <module>
    application = wsgi.application
                  ^^^^^^^^^^^^^^^^
AttributeError: module 'wsgi' has no attribute 'application'
[UID:1732][2502206] Child process with pid: 2502246 was killed by signal: 15, core dumped: no
Traceback (most recent call last):
  File "/home/techandc/movie_bot_new/passenger_wsgi.py", line 9, in <module>
    application = wsgi.application
                  ^^^^^^^^^^^^^^^^
AttributeError: module 'wsgi' has no attribute 'application'
Traceback (most recent call last):
  File "/home/techandc/movie_bot_new/passenger_wsgi.py", line 9, in <module>
    application = wsgi.application
                  ^^^^^^^^^^^^^^^^
AttributeError: module 'wsgi' has no attribute 'application'
[UID:1732][2613355] Child process with pid: 2613364 was killed by signal: 15, core dumped: no
Traceback (most recent call last):
  File "/home/techandc/movie_bot_new/passenger_wsgi.py", line 9, in <module>
    application = wsgi.application
                  ^^^^^^^^^^^^^^^^
AttributeError: module 'wsgi' has no attribute 'application'
Traceback (most recent call last):
  File "/home/techandc/movie_bot_new/passenger_wsgi.py", line 9, in <module>
    application = wsgi.application
Traceback (most recent call last):
                  ^^^^^^^^^^^^^^^^
  File "/home/techandc/movie_bot_new/passenger_wsgi.py", line 9, in <module>
AttributeError: module 'wsgi' has no attribute 'application'
    application = wsgi.application
                  ^^^^^^^^^^^^^^^^
AttributeError: module 'wsgi' has no attribute 'application'
Traceback (most recent call last):
  File "/home/techandc/movie_bot_new/passenger_wsgi.py", line 9, in <module>
    application = wsgi.application
                  ^^^^^^^^^^^^^^^^
AttributeError: module 'wsgi' has no attribute 'application'
[UID:1732][2676743] Reached max children process limit: 6, extra: 2, current: 8, busy: 3, please increase LSAPI_CHILDREN.
Traceback (most recent call last):
Traceback (most recent call last):
Traceback (most recent call last):
  File "/home/techandc/movie_bot_new/passenger_wsgi.py", line 9, in <module>
  File "/home/techandc/movie_bot_new/passenger_wsgi.py", line 9, in <module>
  File "/home/techandc/movie_bot_new/passenger_wsgi.py", line 9, in <module>
    application = wsgi.application
    application = wsgi.application
    application = wsgi.application
                  ^^^^^^^^^^^^^^^^
                  ^^^^^^^^^^^^^^^^
                  ^^^^^^^^^^^^^^^^
AttributeError: module 'wsgi' has no attribute 'application'
AttributeError: module 'wsgi' has no attribute 'application'
AttributeError: module 'wsgi' has no attribute 'application'
Traceback (most recent call last):
  File "/home/techandc/movie_bot_new/passenger_wsgi.py", line 9, in <module>
    application = wsgi.application
                  ^^^^^^^^^^^^^^^^
AttributeError: module 'wsgi' has no attribute 'application'
Traceback (most recent call last):
  File "/home/techandc/movie_bot_new/passenger_wsgi.py", line 9, in <module>
    application = wsgi.application
                  ^^^^^^^^^^^^^^^^
AttributeError: module 'wsgi' has no attribute 'application'
[UID:1732][2676743] Child process with pid: 2676761 was killed by signal: 15, core dumped: no
[UID:1732][2676743] Child process with pid: 2676760 was killed by signal: 15, core dumped: no
[UID:1732][2676743] Child process with pid: 2676758 was killed by signal: 15, core dumped: no
[UID:1732][2676743] Child process with pid: 2676759 was killed by signal: 15, core dumped: no
[UID:1732][2676743] Child process with pid: 2676762 was killed by signal: 15, core dumped: no
[UID:1732][2676743] Child process with pid: 2676765 was killed by signal: 15, core dumped: no
Traceback (most recent call last):
  File "/home/techandc/movie_bot_new/passenger_wsgi.py", line 9, in <module>
    application = wsgi.application
                  ^^^^^^^^^^^^^^^^
AttributeError: module 'wsgi' has no attribute 'application'
Traceback (most recent call last):
  File "/home/techandc/movie_bot_new/passenger_wsgi.py", line 9, in <module>
    application = wsgi.application
                  ^^^^^^^^^^^^^^^^
AttributeError: module 'wsgi' has no attribute 'application'
Traceback (most recent call last):
  File "/home/techandc/movie_bot_new/passenger_wsgi.py", line 9, in <module>
    application = wsgi.application
                  ^^^^^^^^^^^^^^^^
AttributeError: module 'wsgi' has no attribute 'application'
Traceback (most recent call last):
  File "/home/techandc/movie_bot_new/passenger_wsgi.py", line 9, in <module>
    application = wsgi.application
                  ^^^^^^^^^^^^^^^^
AttributeError: module 'wsgi' has no attribute 'application'
[UID:1732][2676743] Child process with pid: 2676767 was killed by signal: 15, core dumped: no
[UID:1732][2676743] Child process with pid: 2676768 was killed by signal: 15, core dumped: no
[UID:1732][2676743] Child process with pid: 2676763 was killed by signal: 15, core dumped: no
Traceback (most recent call last):
  File "/home/techandc/movie_bot_new/passenger_wsgi.py", line 9, in <module>
    application = wsgi.application
                  ^^^^^^^^^^^^^^^^
AttributeError: module 'wsgi' has no attribute 'application'
Traceback (most recent call last):
  File "/home/techandc/movie_bot_new/passenger_wsgi.py", line 9, in <module>
    application = wsgi.application
                  ^^^^^^^^^^^^^^^^
AttributeError: module 'wsgi' has no attribute 'application'
Traceback (most recent call last):
  File "/home/techandc/movie_bot_new/passenger_wsgi.py", line 9, in <module>
    application = wsgi.application
                  ^^^^^^^^^^^^^^^^
AttributeError: module 'wsgi' has no attribute 'application'
[UID:1732][2676743] Child process with pid: 2676764 was killed by signal: 15, core dumped: no
[UID:1732][2676743] Child process with pid: 2676766 was killed by signal: 15, core dumped: no
[UID:1732][2676743] Child process with pid: 2676769 was killed by signal: 15, core dumped: no
[UID:1732][2676743] Child process with pid: 2676770 was killed by signal: 15, core dumped: no
[UID:1732][2676743] Child process with pid: 2676772 was killed by signal: 15, core dumped: no
[UID:1732][2676743] Child process with pid: 2676771 was killed by signal: 15, core dumped: no
Traceback (most recent call last):
  File "/home/techandc/movie_bot_new/passenger_wsgi.py", line 9, in <module>
    application = wsgi.application
                  ^^^^^^^^^^^^^^^^
AttributeError: module 'wsgi' has no attribute 'application'
Traceback (most recent call last):
  File "/home/techandc/movie_bot_new/passenger_wsgi.py", line 9, in <module>
    application = wsgi.application
                  ^^^^^^^^^^^^^^^^
AttributeError: module 'wsgi' has no attribute 'application'
Traceback (most recent call last):
  File "/home/techandc/movie_bot_new/passenger_wsgi.py", line 9, in <module>
    application = wsgi.application
                  ^^^^^^^^^^^^^^^^
AttributeError: module 'wsgi' has no attribute 'application'
[UID:1732][2676743] Child process with pid: 2676778 was killed by signal: 15, core dumped: no
[UID:1732][2676743] Child process with pid: 2676779 was killed by signal: 15, core dumped: no
[UID:1732][2676743] Child process with pid: 2676780 was killed by signal: 15, core dumped: no
Traceback (most recent call last):
  File "/home/techandc/movie_bot_new/passenger_wsgi.py", line 9, in <module>
    application = wsgi.application
                  ^^^^^^^^^^^^^^^^
AttributeError: module 'wsgi' has no attribute 'application'
[UID:1732][2676743] Child process with pid: 2676781 was killed by signal: 15, core dumped: no
Traceback (most recent call last):
  File "/home/techandc/movie_bot_new/passenger_wsgi.py", line 9, in <module>
    application = wsgi.application
                  ^^^^^^^^^^^^^^^^
AttributeError: module 'wsgi' has no attribute 'application'
[UID:1732][2676743] Child process with pid: 2676786 was killed by signal: 15, core dumped: no
Traceback (most recent call last):
  File "/home/techandc/movie_bot_new/passenger_wsgi.py", line 9, in <module>
    application = wsgi.application
                  ^^^^^^^^^^^^^^^^
AttributeError: module 'wsgi' has no attribute 'application'
[UID:1732][2676743] Child process with pid: 2676787 was killed by signal: 15, core dumped: no
Traceback (most recent call last):
  File "/home/techandc/movie_bot_new/passenger_wsgi.py", line 9, in <module>
    application = wsgi.application
                  ^^^^^^^^^^^^^^^^
AttributeError: module 'wsgi' has no attribute 'application'
[UID:1732][2676743] Child process with pid: 2676788 was killed by signal: 15, core dumped: no
Traceback (most recent call last):
  File "/home/techandc/movie_bot_new/passenger_wsgi.py", line 9, in <module>
    application = wsgi.application
                  ^^^^^^^^^^^^^^^^
AttributeError: module 'wsgi' has no attribute 'application'
[UID:1732][2676743] Child process with pid: 2676789 was killed by signal: 15, core dumped: no
Traceback (most recent call last):
  File "/home/techandc/movie_bot_new/passenger_wsgi.py", line 9, in <module>
    application = wsgi.application
                  ^^^^^^^^^^^^^^^^
AttributeError: module 'wsgi' has no attribute 'application'
Traceback (most recent call last):
  File "/home/techandc/movie_bot_new/passenger_wsgi.py", line 9, in <module>
    application = wsgi.application
                  ^^^^^^^^^^^^^^^^
AttributeError: module 'wsgi' has no attribute 'application'
[UID:1732][2676743] Child process with pid: 2676791 was killed by signal: 15, core dumped: no
[UID:1732][2676743] Child process with pid: 2676792 was killed by signal: 15, core dumped: no
Traceback (most recent call last):
  File "/home/techandc/movie_bot_new/passenger_wsgi.py", line 9, in <module>
    application = wsgi.application
                  ^^^^^^^^^^^^^^^^
AttributeError: module 'wsgi' has no attribute 'application'
[UID:1732][2676743] Child process with pid: 2676793 was killed by signal: 15, core dumped: no
Traceback (most recent call last):
  File "/home/techandc/movie_bot_new/passenger_wsgi.py", line 9, in <module>
    application = wsgi.application
                  ^^^^^^^^^^^^^^^^
AttributeError: module 'wsgi' has no attribute 'application'
[UID:1732][2676743] Child process with pid: 2676797 was killed by signal: 15, core dumped: no
Traceback (most recent call last):
  File "/home/techandc/movie_bot_new/passenger_wsgi.py", line 9, in <module>
Traceback (most recent call last):
    application = wsgi.application
  File "/home/techandc/movie_bot_new/passenger_wsgi.py", line 9, in <module>
                  ^^^^^^^^^^^^^^^^
AttributeError: module 'wsgi' has no attribute 'application'
    application = wsgi.application
                  ^^^^^^^^^^^^^^^^
AttributeError: module 'wsgi' has no attribute 'application'
[UID:1732][2676743] Child process with pid: 2676816 was killed by signal: 15, core dumped: no
[UID:1732][2676743] Child process with pid: 2676815 was killed by signal: 15, core dumped: no
Traceback (most recent call last):
  File "/home/techandc/movie_bot_new/passenger_wsgi.py", line 9, in <module>
    application = wsgi.application
                  ^^^^^^^^^^^^^^^^
AttributeError: module 'wsgi' has no attribute 'application'
[UID:1732][2676743] Child process with pid: 2676817 was killed by signal: 15, core dumped: no
Traceback (most recent call last):
  File "/home/techandc/movie_bot_new/passenger_wsgi.py", line 9, in <module>
    application = wsgi.application
                  ^^^^^^^^^^^^^^^^
AttributeError: module 'wsgi' has no attribute 'application'
[UID:1732][2676743] Child process with pid: 2676818 was killed by signal: 15, core dumped: no
Traceback (most recent call last):
  File "/home/techandc/movie_bot_new/passenger_wsgi.py", line 9, in <module>
    application = wsgi.application
                  ^^^^^^^^^^^^^^^^
AttributeError: module 'wsgi' has no attribute 'application'
Traceback (most recent call last):
  File "/home/techandc/movie_bot_new/passenger_wsgi.py", line 9, in <module>
    application = wsgi.application
                  ^^^^^^^^^^^^^^^^
AttributeError: module 'wsgi' has no attribute 'application'
Traceback (most recent call last):
  File "/home/techandc/movie_bot_new/passenger_wsgi.py", line 9, in <module>
    application = wsgi.application
                  ^^^^^^^^^^^^^^^^
AttributeError: module 'wsgi' has no attribute 'application'
[UID:1732][2676743] Child process with pid: 2676823 was killed by signal: 15, core dumped: no
[UID:1732][2676743] Child process with pid: 2676824 was killed by signal: 15, core dumped: no
[UID:1732][2676743] Child process with pid: 2676825 was killed by signal: 15, core dumped: no
Traceback (most recent call last):
  File "/home/techandc/movie_bot_new/passenger_wsgi.py", line 9, in <module>
    application = wsgi.application
                  ^^^^^^^^^^^^^^^^
AttributeError: module 'wsgi' has no attribute 'application'
[UID:1732][2676743] Child process with pid: 2676828 was killed by signal: 15, core dumped: no
Traceback (most recent call last):
  File "/home/techandc/movie_bot_new/passenger_wsgi.py", line 9, in <module>
    application = wsgi.application
                  ^^^^^^^^^^^^^^^^
AttributeError: module 'wsgi' has no attribute 'application'
[UID:1732][2676743] Child process with pid: 2676829 was killed by signal: 15, core dumped: no
Traceback (most recent call last):
  File "/home/techandc/movie_bot_new/passenger_wsgi.py", line 9, in <module>
    application = wsgi.application
                  ^^^^^^^^^^^^^^^^
AttributeError: module 'wsgi' has no attribute 'application'
[UID:1732][2676743] Child process with pid: 2676831 was killed by signal: 15, core dumped: no
Traceback (most recent call last):
  File "/home/techandc/movie_bot_new/passenger_wsgi.py", line 9, in <module>
    application = wsgi.application
                  ^^^^^^^^^^^^^^^^
AttributeError: module 'wsgi' has no attribute 'application'
Traceback (most recent call last):
  File "/home/techandc/movie_bot_new/passenger_wsgi.py", line 9, in <module>
    application = wsgi.application
                  ^^^^^^^^^^^^^^^^
AttributeError: module 'wsgi' has no attribute 'application'
[UID:1732][2676743] Child process with pid: 2676835 was killed by signal: 15, core dumped: no
[UID:1732][2676743] Child process with pid: 2676836 was killed by signal: 15, core dumped: no
Traceback (most recent call last):
  File "/home/techandc/movie_bot_new/passenger_wsgi.py", line 9, in <module>
    application = wsgi.application
                  ^^^^^^^^^^^^^^^^
AttributeError: module 'wsgi' has no attribute 'application'
[UID:1732][2676743] Child process with pid: 2678703 was killed by signal: 15, core dumped: no
Traceback (most recent call last):
  File "/home/techandc/movie_bot_new/passenger_wsgi.py", line 9, in <module>
    application = wsgi.application
                  ^^^^^^^^^^^^^^^^
AttributeError: module 'wsgi' has no attribute 'application'
Traceback (most recent call last):
  File "/home/techandc/movie_bot_new/passenger_wsgi.py", line 9, in <module>
    application = wsgi.application
                  ^^^^^^^^^^^^^^^^
AttributeError: module 'wsgi' has no attribute 'application'
Traceback (most recent call last):
  File "/home/techandc/movie_bot_new/passenger_wsgi.py", line 9, in <module>
    application = wsgi.application
                  ^^^^^^^^^^^^^^^^
AttributeError: module 'wsgi' has no attribute 'application'
Traceback (most recent call last):
  File "/home/techandc/movie_bot_new/passenger_wsgi.py", line 9, in <module>
    application = wsgi.application
                  ^^^^^^^^^^^^^^^^
AttributeError: module 'wsgi' has no attribute 'application'
[UID:1732][2676743] Child process with pid: 2678704 was killed by signal: 15, core dumped: no
Traceback (most recent call last):
  File "/home/techandc/movie_bot_new/passenger_wsgi.py", line 9, in <module>
Traceback (most recent call last):
  File "/home/techandc/movie_bot_new/passenger_wsgi.py", line 9, in <module>
    application = wsgi.application
                  ^^^^^^^^^^^^^^^^
    application = wsgi.application
AttributeError: module 'wsgi' has no attribute 'application'
                  ^^^^^^^^^^^^^^^^
AttributeError: module 'wsgi' has no attribute 'application'
Traceback (most recent call last):
  File "/home/techandc/movie_bot_new/passenger_wsgi.py", line 9, in <module>
    application = wsgi.application
                  ^^^^^^^^^^^^^^^^
AttributeError: module 'wsgi' has no attribute 'application'
Traceback (most recent call last):
  File "/home/techandc/movie_bot_new/passenger_wsgi.py", line 9, in <module>
    application = wsgi.application
                  ^^^^^^^^^^^^^^^^
AttributeError: module 'wsgi' has no attribute 'application'
[UID:1732][2676743] Child process with pid: 2678705 was killed by signal: 15, core dumped: no
[UID:1732][2676743] Child process with pid: 2678707 was killed by signal: 15, core dumped: no
[UID:1732][2676743] Child process with pid: 2678706 was killed by signal: 15, core dumped: no
Traceback (most recent call last):
  File "/home/techandc/movie_bot_new/passenger_wsgi.py", line 9, in <module>
    application = wsgi.application
                  ^^^^^^^^^^^^^^^^
AttributeError: module 'wsgi' has no attribute 'application'
Traceback (most recent call last):
  File "/home/techandc/movie_bot_new/passenger_wsgi.py", line 9, in <module>
    application = wsgi.application
                  ^^^^^^^^^^^^^^^^
AttributeError: module 'wsgi' has no attribute 'application'
Traceback (most recent call last):
  File "/home/techandc/movie_bot_new/passenger_wsgi.py", line 9, in <module>
    application = wsgi.application
                  ^^^^^^^^^^^^^^^^
AttributeError: module 'wsgi' has no attribute 'application'
[UID:1732][2676743] Child process with pid: 2678708 was killed by signal: 15, core dumped: no
[UID:1732][2676743] Child process with pid: 2678709 was killed by signal: 15, core dumped: no
Traceback (most recent call last):
  File "/home/techandc/movie_bot_new/passenger_wsgi.py", line 9, in <module>
    application = wsgi.application
                  ^^^^^^^^^^^^^^^^
AttributeError: module 'wsgi' has no attribute 'application'
[UID:1732][2676743] Child process with pid: 2678710 was killed by signal: 15, core dumped: no
Traceback (most recent call last):
  File "/home/techandc/movie_bot_new/passenger_wsgi.py", line 9, in <module>
    application = wsgi.application
                  ^^^^^^^^^^^^^^^^
AttributeError: module 'wsgi' has no attribute 'application'
[UID:1732][2676743] Child process with pid: 2678711 was killed by signal: 15, core dumped: no
Traceback (most recent call last):
  File "/home/techandc/movie_bot_new/passenger_wsgi.py", line 9, in <module>
    application = wsgi.application
                  ^^^^^^^^^^^^^^^^
AttributeError: module 'wsgi' has no attribute 'application'
[UID:1732][2676743] Child process with pid: 2678712 was killed by signal: 15, core dumped: no
Traceback (most recent call last):
  File "/home/techandc/movie_bot_new/passenger_wsgi.py", line 9, in <module>
    application = wsgi.application
                  ^^^^^^^^^^^^^^^^
AttributeError: module 'wsgi' has no attribute 'application'
Traceback (most recent call last):
  File "/home/techandc/movie_bot_new/passenger_wsgi.py", line 9, in <module>
    application = wsgi.application
                  ^^^^^^^^^^^^^^^^
AttributeError: module 'wsgi' has no attribute 'application'
Traceback (most recent call last):
  File "/home/techandc/movie_bot_new/passenger_wsgi.py", line 9, in <module>
    application = wsgi.application
                  ^^^^^^^^^^^^^^^^
AttributeError: module 'wsgi' has no attribute 'application'
[UID:1732][2676743] Child process with pid: 2678716 was killed by signal: 15, core dumped: no
Traceback (most recent call last):
  File "/home/techandc/movie_bot_new/passenger_wsgi.py", line 9, in <module>
    application = wsgi.application
                  ^^^^^^^^^^^^^^^^
AttributeError: module 'wsgi' has no attribute 'application'
[UID:1732][2676743] Child process with pid: 2678718 was killed by signal: 15, core dumped: no
Traceback (most recent call last):
  File "/home/techandc/movie_bot_new/passenger_wsgi.py", line 9, in <module>
    application = wsgi.application
                  ^^^^^^^^^^^^^^^^
AttributeError: module 'wsgi' has no attribute 'application'
[UID:1732][2676743] Child process with pid: 2678719 was killed by signal: 15, core dumped: no
Traceback (most recent call last):
  File "/home/techandc/movie_bot_new/passenger_wsgi.py", line 9, in <module>
    application = wsgi.application
                  ^^^^^^^^^^^^^^^^
AttributeError: module 'wsgi' has no attribute 'application'
[UID:1732][2676743] Child process with pid: 2678720 was killed by signal: 15, core dumped: no
Traceback (most recent call last):
  File "/home/techandc/movie_bot_new/passenger_wsgi.py", line 9, in <module>
    application = wsgi.application
                  ^^^^^^^^^^^^^^^^
AttributeError: module 'wsgi' has no attribute 'application'
[UID:1732][2676743] Child process with pid: 2678723 was killed by signal: 15, core dumped: no
Traceback (most recent call last):
  File "/home/techandc/movie_bot_new/passenger_wsgi.py", line 9, in <module>
    application = wsgi.application
                  ^^^^^^^^^^^^^^^^
AttributeError: module 'wsgi' has no attribute 'application'
Traceback (most recent call last):
  File "/home/techandc/movie_bot_new/passenger_wsgi.py", line 9, in <module>
    application = wsgi.application
                  ^^^^^^^^^^^^^^^^
AttributeError: module 'wsgi' has no attribute 'application'
[UID:1732][2676743] Child process with pid: 2678724 was killed by signal: 15, core dumped: no
[UID:1732][2676743] Child process with pid: 2678725 was killed by signal: 15, core dumped: no
Traceback (most recent call last):
  File "/home/techandc/movie_bot_new/passenger_wsgi.py", line 9, in <module>
    application = wsgi.application
                  ^^^^^^^^^^^^^^^^
AttributeError: module 'wsgi' has no attribute 'application'
[UID:1732][2676743] Child process with pid: 2678728 was killed by signal: 15, core dumped: no
Traceback (most recent call last):
  File "/home/techandc/movie_bot_new/passenger_wsgi.py", line 9, in <module>
    application = wsgi.application
                  ^^^^^^^^^^^^^^^^
AttributeError: module 'wsgi' has no attribute 'application'
[UID:1732][2676743] Child process with pid: 2678729 was killed by signal: 15, core dumped: no
Traceback (most recent call last):
  File "/home/techandc/movie_bot_new/passenger_wsgi.py", line 9, in <module>
    application = wsgi.application
                  ^^^^^^^^^^^^^^^^
AttributeError: module 'wsgi' has no attribute 'application'
[UID:1732][2676743] Child process with pid: 2678731 was killed by signal: 15, core dumped: no
Traceback (most recent call last):
  File "/home/techandc/movie_bot_new/passenger_wsgi.py", line 9, in <module>
    application = wsgi.application
                  ^^^^^^^^^^^^^^^^
AttributeError: module 'wsgi' has no attribute 'application'
[UID:1732][2676743] Child process with pid: 2678732 was killed by signal: 15, core dumped: no
Traceback (most recent call last):
  File "/home/techandc/movie_bot_new/passenger_wsgi.py", line 9, in <module>
    application = wsgi.application
                  ^^^^^^^^^^^^^^^^
AttributeError: module 'wsgi' has no attribute 'application'
[UID:1732][2676743] Child process with pid: 2678733 was killed by signal: 15, core dumped: no
Traceback (most recent call last):
  File "/home/techandc/movie_bot_new/passenger_wsgi.py", line 9, in <module>
    application = wsgi.application
                  ^^^^^^^^^^^^^^^^
AttributeError: module 'wsgi' has no attribute 'application'
[UID:1732][2676743] Child process with pid: 2678739 was killed by signal: 15, core dumped: no
Traceback (most recent call last):
  File "/home/techandc/movie_bot_new/passenger_wsgi.py", line 9, in <module>
    application = wsgi.application
                  ^^^^^^^^^^^^^^^^
AttributeError: module 'wsgi' has no attribute 'application'
Traceback (most recent call last):
  File "/home/techandc/movie_bot_new/passenger_wsgi.py", line 9, in <module>
    application = wsgi.application
                  ^^^^^^^^^^^^^^^^
AttributeError: module 'wsgi' has no attribute 'application'
[UID:1732][2676743] Child process with pid: 2678742 was killed by signal: 15, core dumped: no
[UID:1732][2676743] Child process with pid: 2678743 was killed by signal: 15, core dumped: no
Traceback (most recent call last):
  File "/home/techandc/movie_bot_new/passenger_wsgi.py", line 9, in <module>
    application = wsgi.application
                  ^^^^^^^^^^^^^^^^
AttributeError: module 'wsgi' has no attribute 'application'
[UID:1732][2676743] Child process with pid: 2678744 was killed by signal: 15, core dumped: no
Traceback (most recent call last):
  File "/home/techandc/movie_bot_new/passenger_wsgi.py", line 9, in <module>
    application = wsgi.application
                  ^^^^^^^^^^^^^^^^
AttributeError: module 'wsgi' has no attribute 'application'
Traceback (most recent call last):
Traceback (most recent call last):
  File "/home/techandc/movie_bot_new/passenger_wsgi.py", line 9, in <module>
  File "/home/techandc/movie_bot_new/passenger_wsgi.py", line 9, in <module>
    application = wsgi.application
    application = wsgi.application
                  ^^^^^^^^^^^^^^^^
                  ^^^^^^^^^^^^^^^^
AttributeError: module 'wsgi' has no attribute 'application'
AttributeError: module 'wsgi' has no attribute 'application'
[UID:1732][2676743] Child process with pid: 2678748 was killed by signal: 15, core dumped: no
[UID:1732][2676743] Child process with pid: 2678749 was killed by signal: 15, core dumped: no
[UID:1732][2676743] Child process with pid: 2678750 was killed by signal: 15, core dumped: no
Traceback (most recent call last):
  File "/home/techandc/movie_bot_new/passenger_wsgi.py", line 9, in <module>
    application = wsgi.application
                  ^^^^^^^^^^^^^^^^
AttributeError: module 'wsgi' has no attribute 'application'
[UID:1732][2676743] Child process with pid: 2678755 was killed by signal: 15, core dumped: no
Traceback (most recent call last):
  File "/home/techandc/movie_bot_new/passenger_wsgi.py", line 9, in <module>
    application = wsgi.application
                  ^^^^^^^^^^^^^^^^
AttributeError: module 'wsgi' has no attribute 'application'
[UID:1732][2676743] Child process with pid: 2678756 was killed by signal: 15, core dumped: no
Traceback (most recent call last):
  File "/home/techandc/movie_bot_new/passenger_wsgi.py", line 9, in <module>
    application = wsgi.application
                  ^^^^^^^^^^^^^^^^
AttributeError: module 'wsgi' has no attribute 'application'
[UID:1732][2676743] Child process with pid: 2678757 was killed by signal: 15, core dumped: no
Traceback (most recent call last):
  File "/home/techandc/movie_bot_new/passenger_wsgi.py", line 9, in <module>
    application = wsgi.application
                  ^^^^^^^^^^^^^^^^
AttributeError: module 'wsgi' has no attribute 'application'
Traceback (most recent call last):
  File "/home/techandc/movie_bot_new/passenger_wsgi.py", line 9, in <module>
    application = wsgi.application
                  ^^^^^^^^^^^^^^^^
AttributeError: module 'wsgi' has no attribute 'application'
Traceback (most recent call last):
  File "/home/techandc/movie_bot_new/passenger_wsgi.py", line 9, in <module>
    application = wsgi.application
                  ^^^^^^^^^^^^^^^^
AttributeError: module 'wsgi' has no attribute 'application'
Traceback (most recent call last):
Traceback (most recent call last):
  File "/home/techandc/movie_bot_new/passenger_wsgi.py", line 9, in <module>
  File "/home/techandc/movie_bot_new/passenger_wsgi.py", line 9, in <module>
    application = wsgi.application
    application = wsgi.application
                  ^^^^^^^^^^^^^^^^
                  ^^^^^^^^^^^^^^^^
AttributeError: module 'wsgi' has no attribute 'application'
AttributeError: module 'wsgi' has no attribute 'application'
[UID:1732][2676743] Child process with pid: 2678758 was killed by signal: 15, core dumped: no
[UID:1732][2676743] Child process with pid: 2678759 was killed by signal: 15, core dumped: no
[UID:1732][2676743] Child process with pid: 2678761 was killed by signal: 15, core dumped: no
[UID:1732][2676743] Child process with pid: 2678762 was killed by signal: 15, core dumped: no
[UID:1732][2676743] Child process with pid: 2678760 was killed by signal: 15, core dumped: no
Traceback (most recent call last):
  File "/home/techandc/movie_bot_new/passenger_wsgi.py", line 9, in <module>
    application = wsgi.application
                  ^^^^^^^^^^^^^^^^
AttributeError: module 'wsgi' has no attribute 'application'
[UID:1732][2676743] Child process with pid: 2678763 was killed by signal: 15, core dumped: no
Traceback (most recent call last):
  File "/home/techandc/movie_bot_new/passenger_wsgi.py", line 9, in <module>
    application = wsgi.application
                  ^^^^^^^^^^^^^^^^
AttributeError: module 'wsgi' has no attribute 'application'
[UID:1732][2676743] Child process with pid: 2678764 was killed by signal: 15, core dumped: no
Traceback (most recent call last):
  File "/home/techandc/movie_bot_new/passenger_wsgi.py", line 9, in <module>
    application = wsgi.application
                  ^^^^^^^^^^^^^^^^
AttributeError: module 'wsgi' has no attribute 'application'
[UID:1732][2676743] Child process with pid: 2678765 was killed by signal: 15, core dumped: no
Traceback (most recent call last):
  File "/home/techandc/movie_bot_new/passenger_wsgi.py", line 9, in <module>
    application = wsgi.application
                  ^^^^^^^^^^^^^^^^
AttributeError: module 'wsgi' has no attribute 'application'
[UID:1732][2676743] Child process with pid: 2678766 was killed by signal: 15, core dumped: no
Traceback (most recent call last):
  File "/home/techandc/movie_bot_new/passenger_wsgi.py", line 9, in <module>
    application = wsgi.application
                  ^^^^^^^^^^^^^^^^
AttributeError: module 'wsgi' has no attribute 'application'
[UID:1732][2676743] Child process with pid: 2678767 was killed by signal: 15, core dumped: no
Traceback (most recent call last):
  File "/home/techandc/movie_bot_new/passenger_wsgi.py", line 9, in <module>
    application = wsgi.application
                  ^^^^^^^^^^^^^^^^
AttributeError: module 'wsgi' has no attribute 'application'
[UID:1732][2676743] Child process with pid: 2678768 was killed by signal: 15, core dumped: no
Traceback (most recent call last):
  File "/home/techandc/movie_bot_new/passenger_wsgi.py", line 9, in <module>
    application = wsgi.application
                  ^^^^^^^^^^^^^^^^
AttributeError: module 'wsgi' has no attribute 'application'
[UID:1732][2676743] Child process with pid: 2678769 was killed by signal: 15, core dumped: no
Traceback (most recent call last):
  File "/home/techandc/movie_bot_new/passenger_wsgi.py", line 9, in <module>
    application = wsgi.application
                  ^^^^^^^^^^^^^^^^
AttributeError: module 'wsgi' has no attribute 'application'
[UID:1732][2676743] Child process with pid: 2678771 was killed by signal: 15, core dumped: no
Traceback (most recent call last):
  File "/home/techandc/movie_bot_new/passenger_wsgi.py", line 9, in <module>
    application = wsgi.application
                  ^^^^^^^^^^^^^^^^
AttributeError: module 'wsgi' has no attribute 'application'
Traceback (most recent call last):
Traceback (most recent call last):
  File "/home/techandc/movie_bot_new/passenger_wsgi.py", line 9, in <module>
  File "/home/techandc/movie_bot_new/passenger_wsgi.py", line 9, in <module>
    application = wsgi.application
    application = wsgi.application
                  ^^^^^^^^^^^^^^^^
                  ^^^^^^^^^^^^^^^^
AttributeError: module 'wsgi' has no attribute 'application'
AttributeError: module 'wsgi' has no attribute 'application'
[UID:1732][2676743] Child process with pid: 2678773 was killed by signal: 15, core dumped: no
[UID:1732][2676743] Child process with pid: 2678775 was killed by signal: 15, core dumped: no
[UID:1732][2676743] Child process with pid: 2678774 was killed by signal: 15, core dumped: no
Traceback (most recent call last):
  File "/home/techandc/movie_bot_new/passenger_wsgi.py", line 9, in <module>
    application = wsgi.application
                  ^^^^^^^^^^^^^^^^
AttributeError: module 'wsgi' has no attribute 'application'
[UID:1732][2676743] Child process with pid: 2678776 was killed by signal: 15, core dumped: no
Traceback (most recent call last):
  File "/home/techandc/movie_bot_new/passenger_wsgi.py", line 9, in <module>
    application = wsgi.application
                  ^^^^^^^^^^^^^^^^
AttributeError: module 'wsgi' has no attribute 'application'
[UID:1732][2676743] Child process with pid: 2678777 was killed by signal: 15, core dumped: no
Traceback (most recent call last):
  File "/home/techandc/movie_bot_new/passenger_wsgi.py", line 9, in <module>
    application = wsgi.application
                  ^^^^^^^^^^^^^^^^
AttributeError: module 'wsgi' has no attribute 'application'
[UID:1732][2676743] Child process with pid: 2678779 was killed by signal: 15, core dumped: no
Traceback (most recent call last):
  File "/home/techandc/movie_bot_new/passenger_wsgi.py", line 9, in <module>
    application = wsgi.application
                  ^^^^^^^^^^^^^^^^
AttributeError: module 'wsgi' has no attribute 'application'
[UID:1732][2676743] Child process with pid: 2678780 was killed by signal: 15, core dumped: no
Traceback (most recent call last):
  File "/home/techandc/movie_bot_new/passenger_wsgi.py", line 9, in <module>
    application = wsgi.application
                  ^^^^^^^^^^^^^^^^
AttributeError: module 'wsgi' has no attribute 'application'
[UID:1732][2676743] Child process with pid: 2678781 was killed by signal: 15, core dumped: no
Traceback (most recent call last):
  File "/home/techandc/movie_bot_new/passenger_wsgi.py", line 9, in <module>
    application = wsgi.application
                  ^^^^^^^^^^^^^^^^
AttributeError: module 'wsgi' has no attribute 'application'
[UID:1732][2676743] Child process with pid: 2678785 was killed by signal: 15, core dumped: no
Traceback (most recent call last):
  File "/home/techandc/movie_bot_new/passenger_wsgi.py", line 9, in <module>
    application = wsgi.application
                  ^^^^^^^^^^^^^^^^
AttributeError: module 'wsgi' has no attribute 'application'
[UID:1732][2676743] Child process with pid: 2678788 was killed by signal: 15, core dumped: no
Traceback (most recent call last):
  File "/home/techandc/movie_bot_new/passenger_wsgi.py", line 9, in <module>
    application = wsgi.application
                  ^^^^^^^^^^^^^^^^
AttributeError: module 'wsgi' has no attribute 'application'
[UID:1732][2676743] Child process with pid: 2678791 was killed by signal: 15, core dumped: no
Traceback (most recent call last):
  File "/home/techandc/movie_bot_new/passenger_wsgi.py", line 9, in <module>
    application = wsgi.application
                  ^^^^^^^^^^^^^^^^
AttributeError: module 'wsgi' has no attribute 'application'
Traceback (most recent call last):
  File "/home/techandc/movie_bot_new/passenger_wsgi.py", line 9, in <module>
    application = wsgi.application
                  ^^^^^^^^^^^^^^^^
AttributeError: module 'wsgi' has no attribute 'application'
[UID:1732][2680240] Child process with pid: 2680246 was killed by signal: 15, core dumped: no
Traceback (most recent call last):
  File "/home/techandc/movie_bot_new/passenger_wsgi.py", line 9, in <module>
    application = wsgi.application
                  ^^^^^^^^^^^^^^^^
AttributeError: module 'wsgi' has no attribute 'application'
Traceback (most recent call last):
  File "/home/techandc/movie_bot_new/passenger_wsgi.py", line 9, in <module>
    application = wsgi.application
                  ^^^^^^^^^^^^^^^^
AttributeError: module 'wsgi' has no attribute 'application'
[UID:1732][2701106] Child process with pid: 2701117 was killed by signal: 15, core dumped: no
Traceback (most recent call last):
  File "/home/techandc/movie_bot_new/passenger_wsgi.py", line 9, in <module>
    application = wsgi.application
                  ^^^^^^^^^^^^^^^^
AttributeError: module 'wsgi' has no attribute 'application'
Traceback (most recent call last):
  File "/home/techandc/movie_bot_new/passenger_wsgi.py", line 9, in <module>
    application = wsgi.application
                  ^^^^^^^^^^^^^^^^
AttributeError: module 'wsgi' has no attribute 'application'
[UID:1732][3061806] Child process with pid: 3061818 was killed by signal: 15, core dumped: no
Traceback (most recent call last):
  File "/home/techandc/movie_bot_new/passenger_wsgi.py", line 9, in <module>
    application = wsgi.application
                  ^^^^^^^^^^^^^^^^
AttributeError: module 'wsgi' has no attribute 'application'
Traceback (most recent call last):
  File "/home/techandc/movie_bot_new/passenger_wsgi.py", line 9, in <module>
    application = wsgi.application
                  ^^^^^^^^^^^^^^^^
AttributeError: module 'wsgi' has no attribute 'application'
[UID:1732][3146894] Child process with pid: 3146908 was killed by signal: 15, core dumped: no
Traceback (most recent call last):
  File "/home/techandc/movie_bot_new/passenger_wsgi.py", line 9, in <module>
    application = wsgi.application
                  ^^^^^^^^^^^^^^^^
AttributeError: module 'wsgi' has no attribute 'application'
[UID:1732][3146894] Child process with pid: 3147852 was killed by signal: 15, core dumped: no
Traceback (most recent call last):
  File "/home/techandc/movie_bot_new/passenger_wsgi.py", line 9, in <module>
    application = wsgi.application
                  ^^^^^^^^^^^^^^^^
AttributeError: module 'wsgi' has no attribute 'application'
[UID:1732][3146894] Child process with pid: 3147897 was killed by signal: 15, core dumped: no
Traceback (most recent call last):
  File "/home/techandc/movie_bot_new/passenger_wsgi.py", line 9, in <module>
    application = wsgi.application
                  ^^^^^^^^^^^^^^^^
AttributeError: module 'wsgi' has no attribute 'application'
[UID:1732][3146894] Child process with pid: 3147902 was killed by signal: 15, core dumped: no
Traceback (most recent call last):
  File "/home/techandc/movie_bot_new/passenger_wsgi.py", line 9, in <module>
    application = wsgi.application
                  ^^^^^^^^^^^^^^^^
AttributeError: module 'wsgi' has no attribute 'application'
Traceback (most recent call last):
  File "/home/techandc/movie_bot_new/passenger_wsgi.py", line 9, in <module>
    application = wsgi.application
                  ^^^^^^^^^^^^^^^^
AttributeError: module 'wsgi' has no attribute 'application'
[UID:1732][3185886] Child process with pid: 3185906 was killed by signal: 15, core dumped: no
Traceback (most recent call last):
  File "/home/techandc/movie_bot_new/passenger_wsgi.py", line 9, in <module>
    application = wsgi.application
                  ^^^^^^^^^^^^^^^^
AttributeError: module 'wsgi' has no attribute 'application'
Traceback (most recent call last):
  File "/home/techandc/movie_bot_new/passenger_wsgi.py", line 9, in <module>
    application = wsgi.application
                  ^^^^^^^^^^^^^^^^
AttributeError: module 'wsgi' has no attribute 'application'
[UID:1732][3242650] Child process with pid: 3242666 was killed by signal: 15, core dumped: no
Traceback (most recent call last):
  File "/home/techandc/movie_bot_new/passenger_wsgi.py", line 9, in <module>
    application = wsgi.application
                  ^^^^^^^^^^^^^^^^
AttributeError: module 'wsgi' has no attribute 'application'
Traceback (most recent call last):
  File "/home/techandc/movie_bot_new/passenger_wsgi.py", line 9, in <module>
    application = wsgi.application
                  ^^^^^^^^^^^^^^^^
AttributeError: module 'wsgi' has no attribute 'application'
[UID:1732][3357775] Child process with pid: 3357793 was killed by signal: 15, core dumped: no
Traceback (most recent call last):
  File "/home/techandc/movie_bot_new/passenger_wsgi.py", line 9, in <module>
    application = wsgi.application
                  ^^^^^^^^^^^^^^^^
AttributeError: module 'wsgi' has no attribute 'application'
Traceback (most recent call last):
  File "/home/techandc/movie_bot_new/passenger_wsgi.py", line 9, in <module>
    application = wsgi.application
                  ^^^^^^^^^^^^^^^^
AttributeError: module 'wsgi' has no attribute 'application'
[UID:1732][3360906] Child process with pid: 3360916 was killed by signal: 15, core dumped: no
Traceback (most recent call last):
  File "/home/techandc/movie_bot_new/passenger_wsgi.py", line 9, in <module>
    application = wsgi.application
                  ^^^^^^^^^^^^^^^^
AttributeError: module 'wsgi' has no attribute 'application'
Traceback (most recent call last):
  File "/home/techandc/movie_bot_new/passenger_wsgi.py", line 9, in <module>
    application = wsgi.application
                  ^^^^^^^^^^^^^^^^
AttributeError: module 'wsgi' has no attribute 'application'
[UID:1732][3547644] Child process with pid: 3547658 was killed by signal: 15, core dumped: no
Traceback (most recent call last):
  File "/home/techandc/movie_bot_new/passenger_wsgi.py", line 9, in <module>
    application = wsgi.application
                  ^^^^^^^^^^^^^^^^
AttributeError: module 'wsgi' has no attribute 'application'
Traceback (most recent call last):
  File "/home/techandc/movie_bot_new/passenger_wsgi.py", line 9, in <module>
    application = wsgi.application
                  ^^^^^^^^^^^^^^^^
AttributeError: module 'wsgi' has no attribute 'application'
[UID:1732][76178] Child process with pid: 76196 was killed by signal: 15, core dumped: no
Traceback (most recent call last):
  File "/home/techandc/movie_bot_new/passenger_wsgi.py", line 9, in <module>
    application = wsgi.application
                  ^^^^^^^^^^^^^^^^
AttributeError: module 'wsgi' has no attribute 'application'
Traceback (most recent call last):
  File "/home/techandc/movie_bot_new/passenger_wsgi.py", line 9, in <module>
    application = wsgi.application
                  ^^^^^^^^^^^^^^^^
AttributeError: module 'wsgi' has no attribute 'application'
[UID:1732][100149] Child process with pid: 100187 was killed by signal: 15, core dumped: no
Traceback (most recent call last):
  File "/home/techandc/movie_bot_new/passenger_wsgi.py", line 9, in <module>
    application = wsgi.application
                  ^^^^^^^^^^^^^^^^
AttributeError: module 'wsgi' has no attribute 'application'
[UID:1732][100149] Child process with pid: 100286 was killed by signal: 15, core dumped: no
Traceback (most recent call last):
  File "/home/techandc/movie_bot_new/passenger_wsgi.py", line 9, in <module>
    application = wsgi.application
                  ^^^^^^^^^^^^^^^^
AttributeError: module 'wsgi' has no attribute 'application'
[UID:1732][100149] Child process with pid: 100316 was killed by signal: 15, core dumped: no
Traceback (most recent call last):
  File "/home/techandc/movie_bot_new/passenger_wsgi.py", line 9, in <module>
    application = wsgi.application
                  ^^^^^^^^^^^^^^^^
AttributeError: module 'wsgi' has no attribute 'application'
[UID:1732][100149] Child process with pid: 101947 was killed by signal: 15, core dumped: no
Traceback (most recent call last):
  File "/home/techandc/movie_bot_new/passenger_wsgi.py", line 9, in <module>
    application = wsgi.application
                  ^^^^^^^^^^^^^^^^
AttributeError: module 'wsgi' has no attribute 'application'
Traceback (most recent call last):
  File "/home/techandc/movie_bot_new/passenger_wsgi.py", line 9, in <module>
    application = wsgi.application
                  ^^^^^^^^^^^^^^^^
AttributeError: module 'wsgi' has no attribute 'application'
[UID:1732][227721] Child process with pid: 227738 was killed by signal: 15, core dumped: no
Traceback (most recent call last):
  File "/home/techandc/movie_bot_new/passenger_wsgi.py", line 9, in <module>
    application = wsgi.application
                  ^^^^^^^^^^^^^^^^
AttributeError: module 'wsgi' has no attribute 'application'
Traceback (most recent call last):
  File "/home/techandc/movie_bot_new/passenger_wsgi.py", line 9, in <module>
    application = wsgi.application
                  ^^^^^^^^^^^^^^^^
AttributeError: module 'wsgi' has no attribute 'application'
[UID:1732][346840] Child process with pid: 346897 was killed by signal: 15, core dumped: no
Traceback (most recent call last):
  File "/home/techandc/movie_bot_new/passenger_wsgi.py", line 9, in <module>
    application = wsgi.application
                  ^^^^^^^^^^^^^^^^
AttributeError: module 'wsgi' has no attribute 'application'
Traceback (most recent call last):
  File "/home/techandc/movie_bot_new/passenger_wsgi.py", line 9, in <module>
    application = wsgi.application
                  ^^^^^^^^^^^^^^^^
AttributeError: module 'wsgi' has no attribute 'application'
[UID:1732][398550] Child process with pid: 398560 was killed by signal: 15, core dumped: no
Traceback (most recent call last):
  File "/home/techandc/movie_bot_new/passenger_wsgi.py", line 9, in <module>
    application = wsgi.application
                  ^^^^^^^^^^^^^^^^
AttributeError: module 'wsgi' has no attribute 'application'
Traceback (most recent call last):
  File "/home/techandc/movie_bot_new/passenger_wsgi.py", line 9, in <module>
    application = wsgi.application
                  ^^^^^^^^^^^^^^^^
AttributeError: module 'wsgi' has no attribute 'application'
Traceback (most recent call last):
  File "/home/techandc/movie_bot_new/passenger_wsgi.py", line 9, in <module>
    application = wsgi.application
                  ^^^^^^^^^^^^^^^^
AttributeError: module 'wsgi' has no attribute 'application'
[UID:1732][454422] Child process with pid: 454757 was killed by signal: 15, core dumped: no
Traceback (most recent call last):
  File "/home/techandc/movie_bot_new/passenger_wsgi.py", line 9, in <module>
    application = wsgi.application
                  ^^^^^^^^^^^^^^^^
AttributeError: module 'wsgi' has no attribute 'application'
Traceback (most recent call last):
  File "/home/techandc/movie_bot_new/passenger_wsgi.py", line 9, in <module>
    application = wsgi.application
                  ^^^^^^^^^^^^^^^^
AttributeError: module 'wsgi' has no attribute 'application'
[UID:1732][456252] Child process with pid: 456265 was killed by signal: 15, core dumped: no
Traceback (most recent call last):
  File "/home/techandc/movie_bot_new/passenger_wsgi.py", line 9, in <module>
    application = wsgi.application
                  ^^^^^^^^^^^^^^^^
AttributeError: module 'wsgi' has no attribute 'application'
[UID:1732][456252] Child process with pid: 456290 was killed by signal: 15, core dumped: no
Traceback (most recent call last):
  File "/home/techandc/movie_bot_new/passenger_wsgi.py", line 9, in <module>
    application = wsgi.application
                  ^^^^^^^^^^^^^^^^
AttributeError: module 'wsgi' has no attribute 'application'
[UID:1732][456252] Child process with pid: 456846 was killed by signal: 15, core dumped: no
Traceback (most recent call last):
  File "/home/techandc/movie_bot_new/passenger_wsgi.py", line 9, in <module>
    application = wsgi.application
                  ^^^^^^^^^^^^^^^^
AttributeError: module 'wsgi' has no attribute 'application'
[UID:1732][456252] Child process with pid: 457186 was killed by signal: 15, core dumped: no
Traceback (most recent call last):
  File "/home/techandc/movie_bot_new/passenger_wsgi.py", line 9, in <module>
    application = wsgi.application
                  ^^^^^^^^^^^^^^^^
AttributeError: module 'wsgi' has no attribute 'application'
Traceback (most recent call last):
  File "/home/techandc/movie_bot_new/passenger_wsgi.py", line 9, in <module>
    application = wsgi.application
                  ^^^^^^^^^^^^^^^^
AttributeError: module 'wsgi' has no attribute 'application'
[UID:1732][545903] Child process with pid: 545914 was killed by signal: 15, core dumped: no
Traceback (most recent call last):
  File "/home/techandc/movie_bot_new/passenger_wsgi.py", line 9, in <module>
    application = wsgi.application
                  ^^^^^^^^^^^^^^^^
AttributeError: module 'wsgi' has no attribute 'application'
Traceback (most recent call last):
  File "/home/techandc/movie_bot_new/passenger_wsgi.py", line 9, in <module>
    application = wsgi.application
                  ^^^^^^^^^^^^^^^^
AttributeError: module 'wsgi' has no attribute 'application'
[UID:1732][567034] Child process with pid: 567048 was killed by signal: 15, core dumped: no
Traceback (most recent call last):
  File "/home/techandc/movie_bot_new/passenger_wsgi.py", line 9, in <module>
    application = wsgi.application
                  ^^^^^^^^^^^^^^^^
AttributeError: module 'wsgi' has no attribute 'application'
[UID:1732][567034] Child process with pid: 567066 was killed by signal: 15, core dumped: no
Traceback (most recent call last):
  File "/home/techandc/movie_bot_new/passenger_wsgi.py", line 9, in <module>
    application = wsgi.application
                  ^^^^^^^^^^^^^^^^
AttributeError: module 'wsgi' has no attribute 'application'
[UID:1732][567034] Child process with pid: 567224 was killed by signal: 15, core dumped: no
Traceback (most recent call last):
  File "/home/techandc/movie_bot_new/passenger_wsgi.py", line 9, in <module>
    application = wsgi.application
                  ^^^^^^^^^^^^^^^^
AttributeError: module 'wsgi' has no attribute 'application'
[UID:1732][567034] Child process with pid: 567232 was killed by signal: 15, core dumped: no
Traceback (most recent call last):
  File "/home/techandc/movie_bot_new/passenger_wsgi.py", line 9, in <module>
    application = wsgi.application
                  ^^^^^^^^^^^^^^^^
AttributeError: module 'wsgi' has no attribute 'application'
[UID:1732][567034] Child process with pid: 577199 was killed by signal: 15, core dumped: no
Traceback (most recent call last):
  File "/home/techandc/movie_bot_new/passenger_wsgi.py", line 9, in <module>
    application = wsgi.application
                  ^^^^^^^^^^^^^^^^
AttributeError: module 'wsgi' has no attribute 'application'
[UID:1732][567034] Child process with pid: 577236 was killed by signal: 15, core dumped: no
Traceback (most recent call last):
  File "/home/techandc/movie_bot_new/passenger_wsgi.py", line 9, in <module>
    application = wsgi.application
                  ^^^^^^^^^^^^^^^^
AttributeError: module 'wsgi' has no attribute 'application'
[UID:1732][567034] Child process with pid: 582919 was killed by signal: 15, core dumped: no
Traceback (most recent call last):
  File "/home/techandc/movie_bot_new/passenger_wsgi.py", line 9, in <module>
    application = wsgi.application
                  ^^^^^^^^^^^^^^^^
AttributeError: module 'wsgi' has no attribute 'application'
[UID:1732][567034] Child process with pid: 582952 was killed by signal: 15, core dumped: no
Traceback (most recent call last):
  File "/home/techandc/movie_bot_new/passenger_wsgi.py", line 9, in <module>
    application = wsgi.application
                  ^^^^^^^^^^^^^^^^
AttributeError: module 'wsgi' has no attribute 'application'
[UID:1732][567034] Child process with pid: 584234 was killed by signal: 15, core dumped: no
Traceback (most recent call last):
  File "/home/techandc/movie_bot_new/passenger_wsgi.py", line 9, in <module>
    application = wsgi.application
                  ^^^^^^^^^^^^^^^^
AttributeError: module 'wsgi' has no attribute 'application'
[UID:1732][567034] Child process with pid: 584249 was killed by signal: 15, core dumped: no
Traceback (most recent call last):
  File "/home/techandc/movie_bot_new/passenger_wsgi.py", line 9, in <module>
    application = wsgi.application
                  ^^^^^^^^^^^^^^^^
AttributeError: module 'wsgi' has no attribute 'application'
[UID:1732][567034] Child process with pid: 587176 was killed by signal: 15, core dumped: no
Traceback (most recent call last):
  File "/home/techandc/movie_bot_new/passenger_wsgi.py", line 9, in <module>
    application = wsgi.application
                  ^^^^^^^^^^^^^^^^
AttributeError: module 'wsgi' has no attribute 'application'
[UID:1732][567034] Child process with pid: 587305 was killed by signal: 15, core dumped: no
Traceback (most recent call last):
  File "/home/techandc/movie_bot_new/passenger_wsgi.py", line 9, in <module>
    application = wsgi.application
                  ^^^^^^^^^^^^^^^^
AttributeError: module 'wsgi' has no attribute 'application'
[UID:1732][567034] Child process with pid: 588174 was killed by signal: 15, core dumped: no
Traceback (most recent call last):
  File "/home/techandc/movie_bot_new/passenger_wsgi.py", line 9, in <module>
    application = wsgi.application
                  ^^^^^^^^^^^^^^^^
AttributeError: module 'wsgi' has no attribute 'application'
[UID:1732][567034] Child process with pid: 588177 was killed by signal: 15, core dumped: no
Traceback (most recent call last):
  File "/home/techandc/movie_bot_new/passenger_wsgi.py", line 9, in <module>
    application = wsgi.application
                  ^^^^^^^^^^^^^^^^
AttributeError: module 'wsgi' has no attribute 'application'
[UID:1732][567034] Child process with pid: 590138 was killed by signal: 15, core dumped: no
Traceback (most recent call last):
  File "/home/techandc/movie_bot_new/passenger_wsgi.py", line 9, in <module>
    application = wsgi.application
                  ^^^^^^^^^^^^^^^^
AttributeError: module 'wsgi' has no attribute 'application'
[UID:1732][567034] Child process with pid: 590162 was killed by signal: 15, core dumped: no
Traceback (most recent call last):
  File "/home/techandc/movie_bot_new/passenger_wsgi.py", line 9, in <module>
    application = wsgi.application
                  ^^^^^^^^^^^^^^^^
AttributeError: module 'wsgi' has no attribute 'application'
[UID:1732][567034] Child process with pid: 592693 was killed by signal: 15, core dumped: no
Traceback (most recent call last):
  File "/home/techandc/movie_bot_new/passenger_wsgi.py", line 9, in <module>
    application = wsgi.application
                  ^^^^^^^^^^^^^^^^
AttributeError: module 'wsgi' has no attribute 'application'
[UID:1732][567034] Child process with pid: 595753 was killed by signal: 15, core dumped: no
Traceback (most recent call last):
  File "/home/techandc/movie_bot_new/passenger_wsgi.py", line 9, in <module>
    application = wsgi.application
                  ^^^^^^^^^^^^^^^^
AttributeError: module 'wsgi' has no attribute 'application'
[UID:1732][567034] Child process with pid: 595765 was killed by signal: 15, core dumped: no
Traceback (most recent call last):
  File "/home/techandc/movie_bot_new/passenger_wsgi.py", line 9, in <module>
    application = wsgi.application
                  ^^^^^^^^^^^^^^^^
AttributeError: module 'wsgi' has no attribute 'application'
[UID:1732][567034] Child process with pid: 596693 was killed by signal: 15, core dumped: no
Traceback (most recent call last):
  File "/home/techandc/movie_bot_new/passenger_wsgi.py", line 9, in <module>
    application = wsgi.application
                  ^^^^^^^^^^^^^^^^
AttributeError: module 'wsgi' has no attribute 'application'
[UID:1732][567034] Child process with pid: 596700 was killed by signal: 15, core dumped: no
Traceback (most recent call last):
  File "/home/techandc/movie_bot_new/passenger_wsgi.py", line 9, in <module>
    application = wsgi.application
                  ^^^^^^^^^^^^^^^^
AttributeError: module 'wsgi' has no attribute 'application'
[UID:1732][567034] Child process with pid: 596712 was killed by signal: 15, core dumped: no
Traceback (most recent call last):
  File "/home/techandc/movie_bot_new/passenger_wsgi.py", line 9, in <module>
    application = wsgi.application
                  ^^^^^^^^^^^^^^^^
AttributeError: module 'wsgi' has no attribute 'application'
[UID:1732][567034] Child process with pid: 596714 was killed by signal: 15, core dumped: no
Traceback (most recent call last):
  File "/home/techandc/movie_bot_new/passenger_wsgi.py", line 9, in <module>
    application = wsgi.application
                  ^^^^^^^^^^^^^^^^
AttributeError: module 'wsgi' has no attribute 'application'
Traceback (most recent call last):
  File "/home/techandc/movie_bot_new/passenger_wsgi.py", line 9, in <module>
    application = wsgi.application
                  ^^^^^^^^^^^^^^^^
AttributeError: module 'wsgi' has no attribute 'application'
[UID:1732][567034] Child process with pid: 600962 was killed by signal: 15, core dumped: no
Traceback (most recent call last):
  File "/home/techandc/movie_bot_new/passenger_wsgi.py", line 9, in <module>
    application = wsgi.application
                  ^^^^^^^^^^^^^^^^
AttributeError: module 'wsgi' has no attribute 'application'
[UID:1732][567034] Child process with pid: 600967 was killed by signal: 15, core dumped: no
Traceback (most recent call last):
  File "/home/techandc/movie_bot_new/passenger_wsgi.py", line 9, in <module>
    application = wsgi.application
                  ^^^^^^^^^^^^^^^^
AttributeError: module 'wsgi' has no attribute 'application'
Traceback (most recent call last):
  File "/home/techandc/movie_bot_new/passenger_wsgi.py", line 9, in <module>
    application = wsgi.application
                  ^^^^^^^^^^^^^^^^
AttributeError: module 'wsgi' has no attribute 'application'
[UID:1732][567034] Child process with pid: 600977 was killed by signal: 15, core dumped: no
Traceback (most recent call last):
  File "/home/techandc/movie_bot_new/passenger_wsgi.py", line 9, in <module>
    application = wsgi.application
                  ^^^^^^^^^^^^^^^^
AttributeError: module 'wsgi' has no attribute 'application'
[UID:1732][567034] Child process with pid: 601000 was killed by signal: 15, core dumped: no
Traceback (most recent call last):
  File "/home/techandc/movie_bot_new/passenger_wsgi.py", line 9, in <module>
    application = wsgi.application
                  ^^^^^^^^^^^^^^^^
AttributeError: module 'wsgi' has no attribute 'application'
[UID:1732][567034] Child process with pid: 603168 was killed by signal: 15, core dumped: no
Traceback (most recent call last):
  File "/home/techandc/movie_bot_new/passenger_wsgi.py", line 9, in <module>
    application = wsgi.application
                  ^^^^^^^^^^^^^^^^
AttributeError: module 'wsgi' has no attribute 'application'
[UID:1732][567034] Child process with pid: 603348 was killed by signal: 15, core dumped: no
Traceback (most recent call last):
  File "/home/techandc/movie_bot_new/passenger_wsgi.py", line 9, in <module>
    application = wsgi.application
                  ^^^^^^^^^^^^^^^^
AttributeError: module 'wsgi' has no attribute 'application'
[UID:1732][567034] Child process with pid: 603358 was killed by signal: 15, core dumped: no
Traceback (most recent call last):
  File "/home/techandc/movie_bot_new/passenger_wsgi.py", line 9, in <module>
    application = wsgi.application
                  ^^^^^^^^^^^^^^^^
AttributeError: module 'wsgi' has no attribute 'application'
Traceback (most recent call last):
  File "/home/techandc/movie_bot_new/passenger_wsgi.py", line 9, in <module>
    application = wsgi.application
                  ^^^^^^^^^^^^^^^^
AttributeError: module 'wsgi' has no attribute 'application'
[UID:1732][620218] Child process with pid: 620230 was killed by signal: 15, core dumped: no
